Id,Label,timeset,modularity_class,Weighted Degree,Degree,Eccentricity,closnesscentrality,harmonicclosnesscentrality,betweenesscentrality
"생리",생리,,1,67556,961,2,0.964251,0.981463,337.479328
"나오다",나오다,,1,60872,997,2,0.998999,0.999499,426.454162
"아프다",아프다,,3,44870,988,2,0.990079,0.99499,407.77858
"크다",크다,,2,30602,988,2,0.990079,0.99499,404.612236
"먹다",먹다,,1,33912,986,2,0.988119,0.993988,380.928809
"자위",자위,,3,22960,955,2,0.958694,0.978457,340.339067
"키",키,,2,15928,860,2,0.878521,0.930862,230.282636
"임신",임신,,1,27454,911,2,0.919816,0.956413,281.673796
"병원",병원,,1,35122,985,2,0.987141,0.993487,395.422483
"관계",관계,,1,29764,964,2,0.967054,0.982966,340.884716
"자다",자다,,0,32488,991,2,0.993035,0.996493,417.054632
"발기",발기,,2,16736,864,2,0.881625,0.932866,248.829234
"시작",시작,,1,30676,982,2,0.984221,0.991984,369.959372
"남자",남자,,2,23802,975,2,0.977473,0.988477,371.18203
"걱정",걱정,,1,28222,985,2,0.987141,0.993487,401.074457
"가슴",가슴,,2,14732,922,2,0.929236,0.961924,290.167102
"학생",학생,,3,25508,986,2,0.988119,0.993988,387.270021
"여학생",여학생,,1,24958,950,2,0.954111,0.975952,320.884046
"포경",포경,,3,11748,816,2,0.845763,0.908818,206.61036
"많다",많다,,1,25454,988,2,0.990079,0.99499,408.596327
"친구",친구,,0,19090,964,2,0.967054,0.982966,347.283346
"성관계",성관계,,1,22270,947,2,0.951382,0.974449,311.911241
"살",살,,2,25516,993,2,0.995015,0.997495,417.556629
"여자",여자,,0,19668,971,2,0.973659,0.986473,356.719193
"성기",성기,,2,15166,938,2,0.943289,0.96994,320.68587
"스트레스",스트레스,,1,24390,970,2,0.97271,0.985972,353.31729
"산부인과",산부인과,,1,21260,908,2,0.917279,0.95491,268.151012
"와",와,,0,26752,984,2,0.986166,0.992986,378.803512
"현재",현재,,2,23228,986,2,0.988119,0.993988,387.745135
"피",피,,1,17958,924,2,0.93097,0.962926,277.78783
"소변",소변,,3,14192,880,2,0.894265,0.940882,233.826371
"좋다",좋다,,0,23886,988,2,0.990079,0.99499,382.879951
"주",주,,1,22986,967,2,0.969874,0.984469,353.615965
"작다",작다,,2,14590,934,2,0.939736,0.967936,315.548614
"사정",사정,,1,19326,923,2,0.930103,0.962425,270.925377
"배",배,,1,20400,950,2,0.954111,0.975952,321.756352
cm,cm,,2,11184,848,2,0.869338,0.92485,237.07767
"ㅠ",ㅠ,,1,15742,962,2,0.965184,0.981964,337.545562
"성",성,,2,20444,979,2,0.981318,0.990481,370.053081
"생리통",생리통,,1,11948,804,2,0.837248,0.902806,163.326722
"수술",수술,,2,13636,919,2,0.926648,0.960421,294.496232
"검사",검사,,1,18182,947,2,0.951382,0.974449,343.46297
"안되다",안되다,,0,21028,987,2,0.989098,0.994489,384.498937
"고환",고환,,3,8942,802,2,0.835846,0.901804,193.621159
"증상",증상,,1,21096,952,2,0.955939,0.976954,343.282628
"생기다",생기다,,3,17278,965,2,0.967992,0.983467,362.39256
"이번",이번,,1,19632,956,2,0.959615,0.978958,331.715745
"처음",처음,,1,23002,965,2,0.967992,0.983467,338.247013
"느낌",느낌,,3,18296,973,2,0.975562,0.987475,362.653922
"귀두",귀두,,3,9678,783,2,0.822754,0.892285,180.278021
..?,..?,,1,18188,971,2,0.973659,0.986473,356.57542
"콘돔",콘돔,,1,16634,877,2,0.891868,0.939379,223.670439
"끝나다",끝나다,,1,18396,955,2,0.958694,0.978457,331.870667
"일",일,,1,23178,983,2,0.985192,0.992485,373.381549
"엄마",엄마,,0,13340,925,2,0.931839,0.963427,283.579682
"여자친구",여자친구,,1,9696,825,2,0.852263,0.913327,198.511207
"다시",다시,,1,19342,962,2,0.965184,0.981964,339.786065
"안해",안해,,1,14234,894,2,0.905626,0.947896,266.388639
"날",날,,1,19624,962,2,0.965184,0.981964,333.203278
"처럼",처럼,,3,18944,969,2,0.971762,0.985471,372.807306
"쪽",쪽,,3,17380,970,2,0.97271,0.985972,373.245499
"괜찮다",괜찮다,,1,18340,964,2,0.967054,0.982966,344.745051
"심하다",심하다,,1,18206,956,2,0.959615,0.978958,324.275061
"통증",통증,,3,12866,889,2,0.901536,0.945391,255.556537
"주기",주기,,1,15608,874,2,0.889483,0.937876,232.18202
"사람",사람,,0,16146,951,2,0.955024,0.976453,329.707941
"피임",피임,,1,12164,810,2,0.841484,0.905812,170.224667
"ㅜㅜ",ㅜㅜ,,1,14174,936,2,0.941509,0.968938,304.806614
"남학생",남학생,,2,13562,937,2,0.942398,0.969439,329.158453
"건가",건가,,3,15040,964,2,0.967054,0.982966,355.504637
"고민",고민,,2,13362,941,2,0.945972,0.971443,320.11709
"상태",상태,,0,16726,973,2,0.975562,0.987475,354.692176
"그런데",그런데,,0,18070,981,2,0.983251,0.991483,378.502759
"그런",그런,,3,16170,957,2,0.960539,0.979459,335.919534
"크기",크기,,2,9852,842,2,0.864818,0.921844,235.961669
"이르다",이르다,,1,16430,954,2,0.957774,0.977956,327.173175
"되어다",되어다,,0,16304,968,2,0.970817,0.98497,352.852515
"불안하다",불안하다,,1,14974,904,2,0.913919,0.952906,261.424702
"하루",하루,,0,15458,947,2,0.951382,0.974449,314.983079
"늘다",늘다,,2,13326,946,2,0.950476,0.973948,329.927375
"남자친구",남자친구,,1,13520,832,2,0.857388,0.916834,191.346313
"뒤",뒤,,1,17870,959,2,0.962392,0.980461,337.132341
"갈색",갈색,,1,9648,742,2,0.795853,0.871743,137.019497
"만지다",만지다,,3,11970,881,2,0.895067,0.941383,254.445986
"가보다",가보다,,1,15116,935,2,0.940622,0.968437,310.403984
"해주다",해주다,,0,18046,965,2,0.967992,0.983467,354.752089
"해",해,,1,14744,959,2,0.962392,0.980461,335.647574
"부탁드리다",부탁드리다,,1,16262,971,2,0.973659,0.986473,361.036397
"인지",인지,,3,13774,953,2,0.956855,0.977455,332.565414
"애",애,,2,11134,892,2,0.903986,0.946894,265.191986
4,4,,2,16962,979,2,0.981318,0.990481,394.826084
"엔",엔,,1,16958,960,2,0.96332,0.980962,337.67554
"걸",걸,,0,15728,967,2,0.969874,0.984469,350.811515
"걸리다",걸리다,,3,14150,948,2,0.95229,0.97495,323.187438
"에도",에도,,1,16604,971,2,0.973659,0.986473,358.065741
"오줌",오줌,,3,8856,817,2,0.84648,0.909319,193.326599
100,100,,2,12932,941,2,0.945972,0.971443,325.194454
"학교",학교,,0,13016,932,2,0.93797,0.966934,304.215735
"지나다",지나다,,1,14956,944,2,0.948669,0.972946,322.396891
"해보다",해보다,,1,16276,961,2,0.964251,0.981463,339.565066
"커지다",커지다,,2,9856,868,2,0.884752,0.93487,257.082927
"가능성",가능성,,1,13364,904,2,0.913919,0.952906,291.723511
"무섭다",무섭다,,1,14526,939,2,0.944182,0.970441,311.071064
"몸",몸,,0,14812,955,2,0.958694,0.978457,328.747773
"올해",올해,,2,13150,949,2,0.9532,0.975451,333.047757
"이상",이상,,2,14324,953,2,0.956855,0.977455,336.887836
"일주일",일주일,,1,14316,903,2,0.913083,0.952405,270.916021
"손",손,,3,11658,926,2,0.93271,0.963928,304.78747
"부모님",부모님,,0,13510,940,2,0.945076,0.970942,316.060912
"질",질,,1,11972,889,2,0.901536,0.945391,241.945763
"그때",그때,,0,16734,962,2,0.965184,0.981964,343.992727
"질염",질염,,1,7484,735,2,0.791435,0.868236,126.792756
"궁금하다",궁금하다,,0,12634,950,2,0.954111,0.975952,343.491604
"무슨",무슨,,3,13790,934,2,0.939736,0.967936,308.335117
"적다",적다,,1,14110,945,2,0.949572,0.973447,312.714586
"평소",평소,,3,12662,928,2,0.934457,0.96493,298.928802
"지",지,,0,16496,972,2,0.974609,0.986974,361.112231
"시간",시간,,0,14032,947,2,0.951382,0.974449,331.067318
"성장",성장,,2,7268,721,2,0.782745,0.861222,138.312791
"이라",이라,,1,15600,961,2,0.964251,0.981463,344.11592
....,....,,0,11442,942,2,0.946869,0.971944,326.418291
"운동",운동,,2,10812,895,2,0.906449,0.948397,265.315852
"동안",동안,,1,14302,958,2,0.961464,0.97996,340.045019
"양",양,,1,10726,881,2,0.895067,0.941383,265.774414
"알",알,,0,15608,969,2,0.971762,0.985471,351.457448
"이렇게",이렇게,,0,14994,957,2,0.960539,0.979459,331.010437
"냉이",냉이,,1,8770,768,2,0.812704,0.88477,144.385864
"이상하다",이상하다,,0,13236,950,2,0.954111,0.975952,326.033978
"잘",잘,,3,12536,942,2,0.946869,0.971944,328.905114
"걸다",걸다,,1,12656,955,2,0.958694,0.978457,338.587476
"묻다",묻다,,1,12230,901,2,0.911416,0.951403,252.113542
"싸다",싸다,,1,10164,890,2,0.902351,0.945892,240.771551
"정액",정액,,0,8738,841,2,0.864069,0.921343,207.316281
"치료",치료,,3,10324,853,2,0.873141,0.927355,236.455997
"약간",약간,,3,11024,910,2,0.918969,0.955912,284.683359
"여",여,,0,10162,921,2,0.928372,0.961423,293.398016
"정상",정상,,3,12660,916,2,0.924074,0.958918,294.646347
"뭔가",뭔가,,3,10730,886,2,0.899099,0.943888,254.15706
"아",아,,3,14800,958,2,0.961464,0.97996,366.467214
"왼쪽",왼쪽,,3,6216,676,2,0.756061,0.838677,119.778271
"지다",지다,,3,11416,930,2,0.93621,0.965932,299.809292
"털",털,,2,4898,693,2,0.765925,0.847194,133.914127
"자주",자주,,3,12010,909,2,0.918123,0.955411,268.429662
"어제",어제,,1,10518,882,2,0.895871,0.941884,246.343813
"하나요",하나요,,2,8094,865,2,0.882405,0.933367,241.145558
"아랫",아랫,,1,10544,862,2,0.880071,0.931864,232.272543
"냉",냉,,1,8958,790,2,0.827529,0.895792,163.044082
"째",째,,1,10216,869,2,0.885537,0.935371,233.470216
"집",집,,0,12352,925,2,0.931839,0.963427,290.954817
"니까",니까,,3,13260,943,2,0.947768,0.972445,323.944208
"보이다",보이다,,3,11342,918,2,0.925788,0.95992,287.022893
"분",분,,0,11622,935,2,0.940622,0.968437,309.723219
"건지다",건지다,,1,10704,922,2,0.929236,0.961924,301.173544
"빼다",빼다,,1,10202,886,2,0.899099,0.943888,246.751039
"라고",라고,,0,13534,957,2,0.960539,0.979459,338.016159
"마다",마다,,3,12288,955,2,0.958694,0.978457,334.277996
"멈추다",멈추다,,2,7678,817,2,0.84648,0.909319,198.561232
"냄새",냄새,,3,7482,806,2,0.838655,0.903808,165.733808
"혈",혈,,1,7502,705,2,0.773044,0.853206,108.031172
"저번",저번,,1,10428,874,2,0.889483,0.937876,242.471913
"같이",같이,,0,11914,935,2,0.940622,0.968437,324.299916
"음경",음경,,2,5496,755,2,0.80419,0.878257,157.159799
"개월",개월,,1,8018,823,2,0.85081,0.912325,193.589245
"가끔",가끔,,3,10532,891,2,0.903167,0.946393,257.667513
3일,3일,,1,12094,892,2,0.903986,0.946894,250.189607
"밖에",밖에,,2,11446,938,2,0.943289,0.96994,310.262971
"없이",없이,,1,12576,930,2,0.93621,0.965932,303.566718
"기",기,,1,11246,922,2,0.929236,0.961924,311.742761
"나이",나이,,2,10186,910,2,0.918969,0.955912,292.473258
"ㅠㅠㅠ",ㅠㅠㅠ,,1,8982,876,2,0.891071,0.938878,249.794227
"이런",이런,,0,11538,917,2,0.92493,0.959419,285.954514
"라",라,,0,12154,944,2,0.948669,0.972946,315.386273
"씻다",씻다,,3,8970,846,2,0.867826,0.923848,216.47292
"죠",죠,,0,10166,934,2,0.939736,0.967936,310.45226
"드리다",드리다,,0,11506,954,2,0.957774,0.977956,331.312147
"아무",아무,,0,12450,934,2,0.939736,0.967936,299.899714
"저희",저희,,0,9642,884,2,0.897482,0.942886,243.800964
"보고",보고,,0,13108,939,2,0.944182,0.970441,305.7552
"넣다",넣다,,1,10000,879,2,0.893465,0.940381,231.206569
"개",개,,1,10698,920,2,0.927509,0.960922,284.941533
"맺다",맺다,,1,9454,837,2,0.861087,0.919339,192.738167
"살짝",살짝,,3,9208,869,2,0.885537,0.935371,249.014682
"남다",남다,,0,9874,914,2,0.922366,0.957916,295.135491
"에요",에요,,2,10232,914,2,0.922366,0.957916,285.609684
"어리다",어리다,,0,11390,913,2,0.921514,0.957415,284.957563
"올라가다",올라가다,,2,9678,919,2,0.926648,0.960421,296.898114
1년,1년,,2,9506,851,2,0.871616,0.926353,229.94912
"느끼다",느끼다,,0,8750,875,2,0.890277,0.938377,233.238809
20,20,,2,11014,908,2,0.917279,0.95491,285.432259
"동생",동생,,0,4660,672,2,0.753776,0.836673,101.96124
"마지막",마지막,,1,11766,889,2,0.901536,0.945391,240.855388
"잇다",잇다,,3,7592,840,2,0.863322,0.920842,225.742279
"들어가다",들어가다,,0,10940,928,2,0.934457,0.96493,321.332212
"건",건,,0,11642,930,2,0.93621,0.965932,298.399946
"야하다",야하다,,3,9836,902,2,0.912249,0.951904,261.196959
"기다",기다,,3,11868,938,2,0.943289,0.96994,317.478765
"자연",자연,,3,5948,776,2,0.818033,0.888778,171.934846
"도와주다",도와주다,,0,10044,901,2,0.911416,0.951403,268.999423
"센치",센치,,2,4254,644,2,0.738166,0.822645,103.15646
"주다",주다,,0,11946,918,2,0.925788,0.95992,279.878073
"에게",에게,,0,9246,846,2,0.867826,0.923848,204.539353
"해도",해도,,3,11230,935,2,0.940622,0.968437,314.921461
"인가",인가,,1,10574,922,2,0.929236,0.961924,300.958341
"기도",기도,,1,10540,914,2,0.922366,0.957916,281.646935
"어느",어느,,2,9052,910,2,0.918969,0.955912,292.573699
"불규칙하다",불규칙하다,,1,7900,742,2,0.795853,0.871743,130.470202
"길이",길이,,2,4480,635,2,0.733284,0.818136,99.594407
"오른쪽",오른쪽,,3,6122,721,2,0.782745,0.861222,136.317305
"어떡하다",어떡하다,,0,9092,889,2,0.901536,0.945391,253.627001
"아침",아침,,0,8546,859,2,0.877748,0.930361,220.67113
"가능하다",가능하다,,0,7826,853,2,0.873141,0.927355,246.187175
"작년",작년,,1,9742,867,2,0.883968,0.934369,233.916346
"바로",바로,,0,10588,877,2,0.891868,0.939379,234.479594
~,~,,1,10016,893,2,0.904805,0.947395,248.465625
"남친",남친,,1,6460,788,2,0.826159,0.89479,169.334935
"넘다",넘다,,1,10214,900,2,0.910584,0.950902,265.31685
10,10,,2,8716,887,2,0.89991,0.944389,260.490908
"정확하다",정확하다,,1,11318,913,2,0.921514,0.957415,304.516411
"데",데,,3,8970,906,2,0.915596,0.953908,287.56175
"참고",참고,,2,9182,919,2,0.926648,0.960421,295.150174
"간지럽다",간지럽다,,3,5128,663,2,0.748687,0.832164,95.223677
"최근",최근,,3,9664,899,2,0.909754,0.950401,265.152346
"자궁",자궁,,1,7072,750,2,0.800963,0.875752,134.18677
"만약",만약,,0,9330,901,2,0.911416,0.951403,273.103437
"중학교",중학교,,2,8710,889,2,0.901536,0.945391,248.107769
"살이",살이,,2,8100,865,2,0.882405,0.933367,229.04069
"경우",경우,,3,9132,906,2,0.915596,0.953908,278.425423
"이유",이유,,1,7446,855,2,0.874671,0.928357,224.511
"이후",이후,,1,10552,901,2,0.911416,0.951403,260.788606
"보",보,,3,10248,913,2,0.921514,0.957415,288.358843
"살다",살다,,0,9932,901,2,0.911416,0.951403,264.777567
"자꾸",자꾸,,0,7906,876,2,0.891071,0.938878,245.023638
"병",병,,3,8708,865,2,0.882405,0.933367,244.661911
"생식기",생식기,,3,5300,725,2,0.785208,0.863226,129.293901
"나서다",나서다,,1,11584,905,2,0.914757,0.953407,265.869093
"힘들다",힘들다,,0,9500,907,2,0.916437,0.954409,280.742958
"예정일",예정일,,1,7646,708,2,0.774845,0.854709,116.419248
"신고",신고,,0,6674,754,2,0.803543,0.877756,142.605085
"항상",항상,,1,8874,892,2,0.903986,0.946894,253.565673
"말다",말다,,0,9564,892,2,0.903986,0.946894,282.023368
"다니다",다니다,,0,8738,891,2,0.903167,0.946393,262.602106
"늦다",늦다,,2,8024,837,2,0.861087,0.919339,229.737714
"다르다",다르다,,0,9332,887,2,0.89991,0.944389,248.793848
"이라고",이라고,,3,11330,922,2,0.929236,0.961924,294.893279
"하나",하나,,0,9830,912,2,0.920664,0.956914,281.169892
"!","!",,1,6270,825,2,0.852263,0.913327,198.859776
"물",물,,3,8404,866,2,0.883186,0.933868,213.133263
"나중",나중,,2,8392,885,2,0.89829,0.943387,279.577283
"주사",주사,,1,5734,711,2,0.776654,0.856212,120.032952
"안좋다",안좋다,,1,9026,888,2,0.900722,0.94489,243.988725
"치다",치다,,0,8374,867,2,0.883968,0.934369,237.765665
"서다",서다,,0,9790,897,2,0.908098,0.949399,255.000276
"가지다",가지다,,1,8374,827,2,0.853721,0.914329,189.838622
"끼다",끼다,,1,8470,829,2,0.855184,0.915331,197.216141
"줄",줄,,1,9302,899,2,0.909754,0.950401,263.28557
"버리다",버리다,,0,9188,897,2,0.908098,0.949399,258.321747
"팬티",팬티,,3,6712,772,2,0.815359,0.886774,157.30915
"올리다",올리다,,0,9432,900,2,0.910584,0.950902,269.516667
"사실",사실,,0,8966,895,2,0.906449,0.948397,264.640331
"사용",사용,,1,7166,800,2,0.834448,0.900802,175.503478
"끼",끼,,1,9084,838,2,0.861831,0.91984,193.289526
"시",시,,0,8494,890,2,0.902351,0.945892,256.176125
"고등학교",고등학교,,0,9588,884,2,0.897482,0.942886,255.148194
"염",염,,3,6114,683,2,0.760091,0.842184,112.795058
",,",",,",,1,6510,805,2,0.837951,0.903307,177.280948
"제발",제발,,0,7726,841,2,0.864069,0.921343,226.132574
"물어보다",물어보다,,0,8272,876,2,0.891071,0.938878,240.42185
"자",자,,0,6416,801,2,0.835146,0.901303,183.15859
"보통",보통,,2,7170,835,2,0.859604,0.918337,216.841686
"고등학생",고등학생,,0,7090,831,2,0.856652,0.916333,213.265385
"불편하다",불편하다,,3,6252,773,2,0.816026,0.887275,162.341457
"끝",끝,,0,7678,860,2,0.878521,0.930862,219.232707
"아빠",아빠,,0,4970,727,2,0.786446,0.864228,135.610709
...?,...?,,1,6528,822,2,0.850085,0.911824,200.636468
"비뇨기",비뇨기,,3,8346,798,2,0.833055,0.8998,182.710696
"꼭",꼭,,3,6474,825,2,0.852263,0.913327,202.185
"내",내,,0,8948,892,2,0.903986,0.946894,249.251374
"불규칙",불규칙,,1,6158,692,2,0.765337,0.846693,102.568416
"그래도",그래도,,1,9380,874,2,0.889483,0.937876,227.408074
"니",니,,0,9594,913,2,0.921514,0.957415,289.184102
"대해",대해,,0,7618,848,2,0.869338,0.92485,237.637004
"미치다",미치다,,0,7934,873,2,0.888691,0.937375,234.234998
"언제",언제,,2,6864,823,2,0.85081,0.912325,217.547925
"그렇게",그렇게,,0,10040,894,2,0.905626,0.947896,258.693596
"반",반,,0,7078,831,2,0.856652,0.916333,210.773592
"밑",밑,,3,7570,857,2,0.876207,0.929359,229.090592
"심각하다",심각하다,,0,8726,874,2,0.889483,0.937876,239.000603
"관련",관련,,0,7932,877,2,0.891868,0.939379,249.847338
"곳",곳,,0,7886,855,2,0.874671,0.928357,217.722863
2일,2일,,1,7366,760,2,0.807443,0.880762,159.668859
2월,2월,,1,5712,685,2,0.761251,0.843186,101.454716
"예전",예전,,3,7806,865,2,0.882405,0.933367,240.23436
"아예",아예,,1,6716,826,2,0.852991,0.913828,198.770813
"고요",고요,,2,5964,790,2,0.827529,0.895792,177.243893
"삽입",삽입,,1,6820,810,2,0.841484,0.905812,172.936216
"기간",기간,,1,7694,822,2,0.850085,0.911824,191.945531
"일단",일단,,0,10166,908,2,0.917279,0.95491,274.583845
"땐",땐,,3,6448,823,2,0.85081,0.912325,197.388687
"누르다",누르다,,3,5286,718,2,0.780908,0.859719,133.933171
"딱",딱,,1,8116,859,2,0.877748,0.930361,234.801378
"초경",초경,,1,5536,703,2,0.771848,0.852204,120.374621
"입다",입다,,0,6164,832,2,0.857388,0.916834,208.345295
"복용",복용,,1,6120,770,2,0.814029,0.885772,166.4984
"그게",그게,,0,8100,867,2,0.883968,0.934369,256.768134
"한지",한지,,1,6236,783,2,0.822754,0.892285,171.981198
"매일",매일,,0,6510,820,2,0.848639,0.910822,189.236363
"화장실",화장실,,3,7118,829,2,0.855184,0.915331,188.361075
"기억",기억,,0,8864,873,2,0.888691,0.937375,250.472023
"청소년",청소년,,0,6830,807,2,0.839361,0.904309,185.121257
"글",글,,0,10984,938,2,0.943289,0.96994,300.086508
"몸무게",몸무게,,2,5544,715,2,0.779079,0.858216,130.185091
"ㅜ",ㅜ,,1,4890,752,2,0.802251,0.876754,160.16202
"의사",의사,,1,8870,857,2,0.876207,0.929359,219.770027
"주변",주변,,2,5928,819,2,0.847918,0.910321,194.154738
"갈다",갈다,,0,8562,862,2,0.880071,0.931864,238.772371
"상황",상황,,0,8628,837,2,0.861087,0.919339,201.238363
"처방",처방,,1,7054,753,2,0.802896,0.877255,136.968659
"세",세,,2,6668,816,2,0.845763,0.908818,219.796506
"쓰다",쓰다,,0,8762,867,2,0.883968,0.934369,227.57443
"규칙",규칙,,1,6260,708,2,0.774845,0.854709,119.44397
1월,1월,,1,6686,762,2,0.808752,0.881764,144.2009
"따갑다",따갑다,,3,5280,669,2,0.752072,0.83517,100.916218
"터지다",터지다,,1,6890,785,2,0.824112,0.893287,157.633002
"싫다",싫다,,0,7166,842,2,0.864818,0.921844,213.129686
"얼마",얼마,,0,7790,885,2,0.89829,0.943387,250.313673
"달다",달다,,3,7928,842,2,0.864818,0.921844,203.009565
"다음",다음,,1,7380,852,2,0.872378,0.926854,206.257578
"자라다",자라다,,2,3774,641,2,0.736531,0.821142,103.938856
"요도",요도,,3,3736,595,2,0.712348,0.798096,73.348277
"수도",수도,,1,7456,827,2,0.853721,0.914329,191.361024
"차",차,,2,6268,821,2,0.849362,0.911323,201.552877
"조금씩",조금씩,,1,6382,780,2,0.820724,0.890782,183.183254
"얼굴",얼굴,,0,6286,811,2,0.842194,0.906313,186.171837
"성병",성병,,3,4322,646,2,0.739259,0.823647,86.239973
"빠르다",빠르다,,1,5974,776,2,0.818033,0.888778,163.892988
"쿠퍼액",쿠퍼액,,1,5278,647,2,0.739807,0.824148,83.820965
"불순",불순,,1,4874,631,2,0.731136,0.816132,74.739241
"비슷하다",비슷하다,,3,5672,808,2,0.840067,0.90481,191.117919
"해봤다",해봤다,,1,7426,858,2,0.876977,0.92986,230.304108
5일,5일,,1,5672,691,2,0.764751,0.846192,106.43908
"앞",앞,,0,7368,866,2,0.883186,0.933868,243.455249
"아직도",아직도,,3,6178,806,2,0.838655,0.903808,195.823385
"굵다",굵다,,2,3744,530,2,0.680764,0.765531,64.281266
"가야",가야,,1,5808,766,2,0.811382,0.883768,157.749851
"두다",두다,,0,7816,867,2,0.883968,0.934369,220.021641
"까지는",까지는,,1,7720,853,2,0.873141,0.927355,223.162083
12월,12월,,1,4878,672,2,0.753776,0.836673,97.927029
"닦다",닦다,,1,6058,740,2,0.794586,0.870741,129.064124
"가면",가면,,1,6146,807,2,0.839361,0.904309,188.751093
"거기",거기,,0,7584,863,2,0.880847,0.932365,227.293016
"찾아보다",찾아보다,,3,7204,835,2,0.859604,0.918337,221.48474
"일어나다",일어나다,,0,5966,814,2,0.844332,0.907816,183.965519
"성인",성인,,0,5484,783,2,0.822754,0.892285,178.282681
"식",식,,0,8538,869,2,0.885537,0.935371,230.390777
"난",난,,0,9046,891,2,0.903167,0.946393,257.598969
"덩어리",덩어리,,1,4434,626,2,0.728467,0.813627,92.025077
"방광염",방광염,,3,2618,506,2,0.669799,0.753507,37.818895
"호르몬",호르몬,,1,5204,716,2,0.779687,0.858717,127.209579
"증후군",증후군,,1,5224,654,2,0.743666,0.827655,91.711892
"빨리",빨리,,0,6016,821,2,0.849362,0.911323,205.093039
8월,8월,,1,6070,709,2,0.775447,0.85521,123.059152
"심해지다",심해지다,,1,5542,731,2,0.788933,0.866232,123.779199
"귀",귀,,3,5258,700,2,0.770062,0.850701,120.116632
"사진",사진,,3,4794,781,2,0.821399,0.891283,176.876264
"혼자",혼자,,0,6902,801,2,0.835146,0.901303,174.936596
4일,4일,,1,5936,700,2,0.770062,0.850701,115.56993
"이구",이구,,1,4820,762,2,0.808752,0.881764,169.776279
"신경",신경,,3,6848,805,2,0.837951,0.903307,178.473288
(?),(?),,3,4744,751,2,0.801606,0.876253,165.030846
"어",어,,0,7046,812,2,0.842905,0.906814,199.65394
"다리",다리,,0,4520,738,2,0.793323,0.869739,149.41449
"하지만",하지만,,0,8574,876,2,0.891071,0.938878,233.299285
"원인",원인,,1,5744,752,2,0.802251,0.876754,151.251285
"참다",참다,,0,4936,754,2,0.803543,0.877756,141.655732
"성욕",성욕,,0,3642,622,2,0.726346,0.811623,78.628093
"전혀",전혀,,3,6340,820,2,0.848639,0.910822,191.605694
???,???,,2,5346,770,2,0.814029,0.885772,187.418733
"간",간,,3,6850,830,2,0.855918,0.915832,201.23843
"편",편,,2,4406,725,2,0.785208,0.863226,143.231149
"잠",잠,,3,5262,746,2,0.7984,0.873747,151.822413
"오빠",오빠,,0,2652,492,2,0.663564,0.746493,37.952161
"남",남,,2,5642,811,2,0.842194,0.906313,201.179143
"법",법,,2,4346,773,2,0.816026,0.887275,181.745557
"출혈",출혈,,1,4302,605,2,0.717469,0.803106,66.547305
"가지",가지,,0,6576,834,2,0.858864,0.917836,208.041147
"털다",털다,,2,4660,713,2,0.777864,0.857214,133.090813
"얘기",얘기,,0,5934,807,2,0.839361,0.904309,187.612119
"인거",인거,,3,6048,772,2,0.815359,0.886774,169.521218
"자기",자기,,0,6204,830,2,0.855918,0.915832,189.882072
"적도",적도,,1,6488,774,2,0.816694,0.887776,147.36963
"께",께,,0,7454,844,2,0.866319,0.922846,209.913711
"햇",햇,,1,4834,683,2,0.760091,0.842184,113.83652
"등",등,,0,6690,824,2,0.851536,0.912826,196.469774
"경험",경험,,0,6172,774,2,0.816694,0.887776,158.431726
"이면",이면,,2,5196,801,2,0.835146,0.901303,196.263862
"한적",한적,,1,5546,770,2,0.814029,0.885772,161.352565
"인터넷",인터넷,,3,7334,842,2,0.864818,0.921844,214.018125
9월,9월,,1,5368,663,2,0.748687,0.832164,100.178632
"이틀",이틀,,1,5334,744,2,0.797125,0.872745,141.208295
"당하다",당하다,,0,5564,707,2,0.774244,0.854208,113.621241
18,18,,2,4666,734,2,0.790808,0.867735,153.869131
"술",술,,0,4236,670,2,0.75264,0.835671,97.188741
"오래",오래,,3,6178,819,2,0.847918,0.910321,195.067055
"빨갛다",빨갛다,,3,4350,671,2,0.753208,0.836172,98.599555
"생리대",생리대,,1,5306,705,2,0.773044,0.853206,106.392467
"느껴지다",느껴지다,,3,5260,756,2,0.804839,0.878758,150.916211
"미성년",미성년,,0,4410,685,2,0.761251,0.843186,108.298442
7월,7월,,1,6334,730,2,0.78831,0.865731,130.056117
"마음",마음,,0,7012,825,2,0.852263,0.913327,187.184216
"앉다",앉다,,0,6644,805,2,0.837951,0.903307,176.147295
"써다",써다,,1,6672,809,2,0.840775,0.905311,175.78608
"샤워",샤워,,3,3916,658,2,0.745889,0.829659,116.234307
"생활",생활,,0,5346,767,2,0.812042,0.884269,157.426231
"소리",소리,,0,6168,799,2,0.833751,0.900301,173.289972
"연락",연락,,0,4968,676,2,0.756061,0.838677,103.170461
"편이",편이,,2,5602,795,2,0.830974,0.898297,190.065182
"점점",점점,,2,5388,784,2,0.823432,0.892786,170.301243
"별로",별로,,3,5810,785,2,0.824112,0.893287,180.184069
"허리",허리,,1,5804,747,2,0.799039,0.874248,134.146072
5월,5월,,1,5016,661,2,0.747566,0.831162,104.101735
"죽다",죽다,,0,6266,790,2,0.827529,0.895792,162.439614
"부위",부위,,3,4880,736,2,0.792063,0.868737,142.133107
"자고",자고,,0,5310,780,2,0.820724,0.890782,163.399176
"그것",그것,,1,4962,781,2,0.821399,0.891283,164.543084
"말고",말고,,0,6046,821,2,0.849362,0.911323,194.337006
"""","""",,0,2942,597,2,0.713367,0.799098,65.608877
"찌다",찌다,,1,3882,651,2,0.742007,0.826152,91.331815
"첫",첫,,1,5992,806,2,0.838655,0.903808,171.675313
"해결",해결,,0,5694,794,2,0.830283,0.897796,169.599291
11월,11월,,1,4998,679,2,0.757783,0.84018,105.28564
"라는",라는,,0,6066,802,2,0.835846,0.901804,166.929518
"긁다",긁다,,3,2986,576,2,0.702817,0.788577,61.86296
"제대로",제대로,,1,5764,797,2,0.83236,0.899299,176.158435
"일이",일이,,0,6006,800,2,0.834448,0.900802,173.635678
"겨털",겨털,,2,2994,465,2,0.651862,0.732966,46.46368
"초음파",초음파,,1,4948,676,2,0.756061,0.838677,92.600495
"양도",양도,,1,4884,669,2,0.752072,0.83517,90.851756
"얼마나",얼마나,,0,4320,751,2,0.801606,0.876253,160.430791
"가기",가기,,1,5494,760,2,0.807443,0.880762,153.643312
"손가락",손가락,,0,4390,728,2,0.787066,0.864729,133.327486
"여친",여친,,0,3376,580,2,0.704802,0.790581,58.24657
"아주",아주,,1,4882,750,2,0.800963,0.875752,140.689215
"초등학교",초등학교,,0,6044,822,2,0.850085,0.911824,195.899895
"며칠",며칠,,1,4740,721,2,0.782745,0.861222,128.755192
"비다",비다,,2,4910,729,2,0.787687,0.86523,151.127272
"올라오다",올라오다,,2,5658,769,2,0.813366,0.885271,172.261431
"안나",안나,,1,5984,814,2,0.844332,0.907816,188.171284
"분비물",분비물,,1,3780,614,2,0.722142,0.807615,76.472327
"확인",확인,,1,5728,801,2,0.835146,0.901303,179.037262
"선생님",선생님,,0,4776,750,2,0.800963,0.875752,138.681166
"달동",달동,,1,4826,706,2,0.773643,0.853707,119.47297
"상",상,,2,4932,760,2,0.807443,0.880762,162.716586
19,19,,0,5648,815,2,0.845047,0.908317,186.430822
"위",위,,0,5416,805,2,0.837951,0.903307,197.496265
"중간",중간,,1,4136,702,2,0.771252,0.851703,127.331443
"속",속,,0,4692,742,2,0.795853,0.871743,139.40186
"줄다",줄다,,0,4762,764,2,0.810065,0.882766,162.00335
"자위행위",자위행위,,0,3352,589,2,0.709311,0.79509,67.64018
"사이",사이,,0,5262,778,2,0.819376,0.88978,161.974734
"내다",내다,,0,5500,772,2,0.815359,0.886774,148.903558
"아버지",아버지,,2,3132,637,2,0.734364,0.819138,97.016355
2~3,2~3,,3,5576,752,2,0.802251,0.876754,152.764338
"눕다",눕다,,0,4370,716,2,0.779687,0.858717,137.933059
"차다",차다,,0,5708,807,2,0.839361,0.904309,179.850642
"구",구,,0,5066,772,2,0.815359,0.886774,155.115052
3월,3월,,1,4672,704,2,0.772446,0.852705,122.151242
"사후",사후,,1,3820,552,2,0.691136,0.776553,49.861746
"배란",배란,,1,3534,578,2,0.703808,0.789579,61.013656
"평균",평균,,2,4142,672,2,0.753776,0.836673,104.836748
"찍다",찍다,,0,4506,723,2,0.783975,0.862224,128.078982
"ㅠㅠㅠㅠ",ㅠㅠㅠㅠ,,1,4114,713,2,0.777864,0.857214,123.475082
"닫히다",닫히다,,2,2974,438,2,0.640565,0.719439,39.608233
:,:,,0,2204,586,2,0.707801,0.793587,77.628125
"감사하다",감사하다,,0,6042,807,2,0.839361,0.904309,185.850293
"엇",엇,,1,3972,644,2,0.738166,0.822645,91.859829
"튀어나오다",튀어나오다,,3,2980,566,2,0.697902,0.783567,73.716204
"만에",만에,,1,4258,710,2,0.77605,0.855711,130.806085
"소음순",소음순,,3,2146,452,2,0.646373,0.726453,33.281543
"어떤",어떤,,0,4074,738,2,0.793323,0.869739,134.949252
"여서",여서,,0,5366,765,2,0.810723,0.883267,160.32284
"기다리다",기다리다,,1,4184,712,2,0.777259,0.856713,126.74041
7일,7일,,1,4650,634,2,0.732746,0.817635,79.588047
"들어서다",들어서다,,0,4934,754,2,0.803543,0.877756,149.637531
"빠지다",빠지다,,2,4280,735,2,0.791435,0.868236,138.438342
"비",비,,1,4730,762,2,0.808752,0.881764,148.633095
"기분",기분,,0,5102,763,2,0.809408,0.882265,143.52199
"이라는",이라는,,0,5246,759,2,0.806791,0.880261,149.753654
"뭔",뭔,,0,4898,775,2,0.817363,0.888277,162.350003
6월,6월,,1,4132,651,2,0.742007,0.826152,90.687225
"나가다",나가다,,0,5122,738,2,0.793323,0.869739,135.5613
"휴지",휴지,,1,4598,705,2,0.773044,0.853206,117.816992
"검색",검색,,3,5744,773,2,0.816026,0.887275,162.724785
"해오다",해오다,,3,5260,709,2,0.775447,0.85521,124.201646
"머리",머리,,0,4448,723,2,0.783975,0.862224,120.418343
"질외",질외,,1,4620,586,2,0.707801,0.793587,63.561342
"옆",옆,,0,5088,749,2,0.800321,0.875251,142.36373
"ㅠㅜ",ㅠㅜ,,1,3520,615,2,0.722665,0.808116,88.860986
"그거",그거,,1,5416,744,2,0.797125,0.872745,157.575853
"테스트",테스트,,1,4362,624,2,0.727405,0.812625,71.772085
1일,1일,,1,4986,717,2,0.780297,0.859218,123.61793
"부끄럽다",부끄럽다,,0,3590,671,2,0.753208,0.836172,117.411905
"비용",비용,,2,2868,594,2,0.71184,0.797595,79.609334
"유두",유두,,3,1904,462,2,0.650587,0.731463,42.017577
"사",사,,0,4912,751,2,0.801606,0.876253,141.259601
"넘어가다",넘어가다,,0,4138,681,2,0.758935,0.841182,100.637932
"곧",곧,,3,4840,765,2,0.810723,0.883267,161.145579
"확률",확률,,1,3928,612,2,0.721098,0.806613,77.756776
"다이어트",다이어트,,2,3752,654,2,0.743666,0.827655,97.285034
"예비",예비,,2,3550,698,2,0.768875,0.849699,127.693735
"쉬다",쉬다,,0,6032,819,2,0.847918,0.910321,186.639911
"부다",부다,,3,3246,596,2,0.712857,0.798597,69.355326
7,7,,2,4902,753,2,0.802896,0.877255,164.000537
"좋아하다",좋아하다,,0,4094,689,2,0.763581,0.84519,114.482725
"되게",되게,,3,4700,725,2,0.785208,0.863226,129.502046
"속옷",속옷,,1,4012,679,2,0.757783,0.84018,99.578719
"피부",피부,,3,3358,680,2,0.758359,0.840681,103.713482
"확실하다",확실하다,,1,4820,695,2,0.767102,0.848196,126.892001
"물론",물론,,0,5294,759,2,0.806791,0.880261,142.209366
"지면",지면,,3,3016,572,2,0.700843,0.786573,62.794424
"혹",혹,,3,2844,616,2,0.723188,0.808617,77.361585
"볼때",볼때,,3,4362,678,2,0.757208,0.839679,109.113903
"라서",라서,,0,4418,747,2,0.799039,0.874248,148.647353
"여성",여성,,0,3978,686,2,0.761832,0.843687,106.237417
"어머니",어머니,,2,2706,599,2,0.714388,0.8001,88.162012
17,17,,2,2962,587,2,0.708304,0.794088,82.250077
"로는",로는,,3,5464,760,2,0.807443,0.880762,153.428079
"시기",시기,,2,3790,716,2,0.779687,0.858717,134.164473
"ㅈㅇ",ㅈㅇ,,0,1974,515,2,0.673869,0.758016,47.938728
50,50,,2,3454,686,2,0.761832,0.843687,122.807838
"걔",걔,,0,1852,465,2,0.651862,0.732966,33.055226
"거나",거나,,0,4752,772,2,0.815359,0.886774,155.335265
"늘어나다",늘어나다,,3,3598,636,2,0.733824,0.818637,84.389998
3년,3년,,2,3436,596,2,0.712857,0.798597,88.187516
"색",색,,1,3802,652,2,0.74256,0.826653,89.275998
"라도",라도,,0,4478,738,2,0.793323,0.869739,135.87558
"대다",대다,,0,4322,735,2,0.791435,0.868236,130.881245
"도움",도움,,0,3784,701,2,0.770656,0.851202,126.907724
"명",명,,0,4188,657,2,0.745332,0.829158,93.764357
"뭘",뭘,,1,4112,739,2,0.793954,0.87024,145.182512
"여드름",여드름,,3,2496,549,2,0.689703,0.77505,60.489133
"잡히다",잡히다,,3,3362,521,2,0.67661,0.761022,56.159063
"자극",자극,,0,3600,633,2,0.732208,0.817134,88.421885
"이라도",이라도,,0,4358,746,2,0.7984,0.873747,145.788797
"없어지다",없어지다,,3,3600,686,2,0.761832,0.843687,110.498152
4월,4월,,1,4088,639,2,0.735446,0.82014,84.618058
"점",점,,2,3630,662,2,0.748126,0.831663,99.482203
"뛰다",뛰다,,1,4190,664,2,0.749249,0.832665,98.413218
"아이",아이,,0,3182,641,2,0.736531,0.821142,99.687098
"덮다",덮다,,3,3480,587,2,0.708304,0.794088,74.378528
"여기",여기,,0,5514,778,2,0.819376,0.88978,170.228567
"솔직하다",솔직하다,,0,4556,759,2,0.806791,0.880261,151.551151
"섞이다",섞이다,,1,3736,602,2,0.715925,0.801603,66.29466
"작",작,,2,4830,731,2,0.788933,0.866232,144.211197
"듣다",듣다,,0,5562,804,2,0.837248,0.902806,180.73634
"부정",부정,,1,3438,568,2,0.69888,0.784569,56.796261
"질내사정",질내사정,,1,4542,602,2,0.715925,0.801603,67.138327
"주전",주전,,1,3698,620,2,0.725291,0.810621,74.109724
"시키다",시키다,,0,4836,728,2,0.787066,0.864729,136.087873
"짧다",짧다,,3,4624,726,2,0.785827,0.863727,138.972259
"그대로",그대로,,2,4836,779,2,0.820049,0.890281,173.574588
"만나다",만나다,,0,4400,673,2,0.754346,0.837174,96.02323
"거리",거리,,3,4072,733,2,0.790182,0.867234,132.505605
"몇번",몇번,,1,5570,762,2,0.808752,0.881764,141.525664
"초기",초기,,1,4440,611,2,0.720578,0.806112,72.468797
"다낭",다낭,,1,3276,529,2,0.6803,0.76503,43.157939
"구멍",구멍,,3,2852,586,2,0.707801,0.793587,70.088365
"장난",장난,,0,3260,590,2,0.709815,0.795591,65.759617
"속이다",속이다,,1,3864,633,2,0.732208,0.817134,84.874988
"옷",옷,,0,3882,676,2,0.756061,0.838677,107.055464
"딱하다",딱하다,,3,4310,757,2,0.805488,0.879259,152.657585
"지는",지는,,3,4372,750,2,0.800963,0.875752,149.835235
"이건",이건,,3,4126,737,2,0.792693,0.869238,152.527883
"에서는",에서는,,3,4456,696,2,0.767692,0.848697,117.968587
"지장",지장,,3,3210,541,2,0.685911,0.771042,74.102014
"벗겨지다",벗겨지다,,3,2314,453,2,0.646792,0.726954,39.830601
"습관",습관,,0,3688,659,2,0.746447,0.83016,107.041141
"나타나다",나타나다,,1,3802,694,2,0.766513,0.847695,115.580043
"난소",난소,,1,2824,531,2,0.681229,0.766032,44.342515
"말씀",말씀,,0,4460,753,2,0.802896,0.877255,144.778008
15,15,,2,2642,525,2,0.67845,0.763026,62.499359
"스럽다",스럽다,,0,4322,735,2,0.791435,0.868236,130.475922
"겁니다",겁니다,,0,3768,701,2,0.770656,0.851202,128.734101
"자세하다",자세하다,,2,3888,722,2,0.783359,0.861723,134.95928
"눈",눈,,0,4056,704,2,0.772446,0.852705,119.863456
"저가",저가,,0,2572,593,2,0.711333,0.797094,75.387363
"네",네,,3,5022,740,2,0.794586,0.870741,143.332961
/,/,,1,3180,579,2,0.704305,0.79008,66.343816
"딸",딸,,0,3236,632,2,0.731672,0.816633,83.486611
"진료",진료,,1,3626,643,2,0.73762,0.822144,84.103263
"여러",여러,,0,4838,762,2,0.808752,0.881764,144.132167
"잘못",잘못,,0,3626,610,2,0.720058,0.805611,77.878618
"한데",한데,,1,3520,678,2,0.757208,0.839679,109.087567
"염증",염증,,3,3384,607,2,0.718503,0.804108,81.456102
"힘",힘,,0,3896,705,2,0.773044,0.853206,117.509188
"저녁",저녁,,0,4066,708,2,0.774845,0.854709,122.515554
"지만",지만,,3,5754,802,2,0.835846,0.901804,165.496764
"아래",아래,,3,3720,689,2,0.763581,0.84519,123.828166
"쓰이다",쓰이다,,3,4156,688,2,0.762997,0.844689,111.748939
"딱딱하다",딱딱하다,,3,2700,573,2,0.701335,0.787074,64.022478
.....,.....,,0,2904,621,2,0.725818,0.811122,83.072118
"영향",영향,,1,3040,595,2,0.712348,0.798096,78.240976
"남성",남성,,2,3288,650,2,0.741456,0.825651,106.693561
"거들다",거들다,,0,4070,722,2,0.783359,0.861723,130.773682
2년,2년,,2,3942,692,2,0.765337,0.846693,117.106006
"노란색",노란색,,3,2974,544,2,0.687328,0.772545,65.395343
"낫다",낫다,,3,5168,773,2,0.816026,0.887275,157.203902
"어디",어디,,0,4374,726,2,0.785827,0.863727,129.073959
",,,",",,,",,1,2578,533,2,0.68216,0.767034,54.78458
"토",토,,1,2876,563,2,0.696441,0.782064,68.396898
"소",소,,0,4066,714,2,0.778471,0.857715,117.340277
"너",너,,0,4330,692,2,0.765337,0.846693,111.980775
"닿다",닿다,,3,3968,693,2,0.765925,0.847194,112.026716
"맨날",맨날,,2,3152,619,2,0.724764,0.81012,86.976577
"까지도",까지도,,1,3428,662,2,0.748126,0.831663,104.301258
170,170,,2,2686,492,2,0.663564,0.746493,50.090667
"여고생",여고생,,1,3026,618,2,0.724238,0.809619,78.133315
"짜다",짜다,,3,3490,719,2,0.781519,0.86022,131.453489
"매우",매우,,0,3508,685,2,0.761251,0.843186,105.560973
"입",입,,0,4100,728,2,0.787066,0.864729,125.934749
"증",증,,3,2744,598,2,0.713877,0.799599,78.593747
"사귀다",사귀다,,0,4426,695,2,0.767102,0.848196,106.465087
"이라서",이라서,,1,3648,703,2,0.771848,0.852204,117.142263
"징",징,,2,2094,462,2,0.650587,0.731463,46.873333
"많아지다",많아지다,,1,3910,684,2,0.760671,0.842685,108.306103
10월,10월,,1,3566,610,2,0.720058,0.805611,75.062599
"똑같다",똑같다,,2,3112,665,2,0.749812,0.833166,107.772676
"비교",비교,,2,1908,437,2,0.640154,0.718938,36.453042
"인하다",인하다,,0,4554,720,2,0.782132,0.860721,130.727439
"지난",지난,,1,3978,658,2,0.745889,0.829659,100.473743
"답",답,,0,4066,720,2,0.782132,0.860721,132.226785
"위로",위로,,0,3252,670,2,0.75264,0.835671,110.572642
"의심",의심,,0,3384,681,2,0.758935,0.841182,104.390312
"가만히",가만히,,3,3666,638,2,0.734904,0.819639,94.87405
"지속",지속,,1,3880,660,2,0.747006,0.830661,91.819579
"형",형,,0,2762,639,2,0.735446,0.82014,100.129687
"전남친",전남친,,0,1186,324,2,0.59689,0.662325,11.236835
"끊다",끊다,,0,2526,569,2,0.699369,0.78507,65.401766
"무엇",무엇,,1,3574,638,2,0.734904,0.819639,87.206305
"가족",가족,,0,4220,706,2,0.773643,0.853707,117.535281
"문",문,,3,4096,640,2,0.735988,0.820641,102.353741
"덥다",덥다,,0,4618,749,2,0.800321,0.875251,150.483007
"꽤",꽤,,3,3510,690,2,0.764165,0.845691,118.547863
20일,20일,,1,2506,427,2,0.636074,0.713928,25.952953
10일,10일,,1,3458,591,2,0.71032,0.796092,63.013245
"목소리",목소리,,2,1480,425,2,0.635264,0.712926,31.113747
"미루다",미루다,,1,2644,548,2,0.689227,0.774549,53.959193
"대한",대한,,0,3710,697,2,0.768283,0.849198,116.231554
"찢어지다",찢어지다,,1,2764,524,2,0.677989,0.762525,49.815958
13,13,,2,3152,576,2,0.702817,0.788577,77.444591
"력",력,,3,2396,512,2,0.672507,0.756513,47.717083
"나아지다",나아지다,,3,3898,603,2,0.716439,0.802104,72.260437
"부작용",부작용,,1,2818,588,2,0.708807,0.794589,71.929903
"짓",짓,,0,3480,570,2,0.69986,0.785571,61.052356
"높다",높다,,1,3618,618,2,0.724238,0.809619,93.378982
"비만",비만,,2,3248,611,2,0.720578,0.806112,77.88383
"붙다",붙다,,2,3394,651,2,0.742007,0.826152,97.368883
"바닥",바닥,,0,1876,437,2,0.640154,0.718938,30.835598
"상처",상처,,0,3200,683,2,0.760091,0.842184,98.737871
"!!","!!",,1,3068,615,2,0.722665,0.808116,78.087499
"실",실,,3,1814,299,2,0.588097,0.6498,16.589258
"지식인",지식인,,0,4988,778,2,0.819376,0.88978,165.494016
"변하다",변하다,,2,3054,653,2,0.743112,0.827154,98.074459
"상담",상담,,0,4080,706,2,0.773643,0.853707,122.16392
"시험",시험,,1,2546,540,2,0.68544,0.770541,46.491455
"제일",제일,,2,3412,690,2,0.764165,0.845691,118.089477
"년",년,,0,4440,740,2,0.794586,0.870741,135.101204
"별",별,,3,3590,684,2,0.760671,0.842685,112.388935
"피다",피다,,0,3324,630,2,0.7306,0.815631,80.265989
"땡기다",땡기다,,3,2928,554,2,0.692094,0.777555,69.858495
"떨어지다",떨어지다,,0,4002,721,2,0.782745,0.861222,126.152789
"급하다",급하다,,1,2898,600,2,0.7149,0.800601,71.452102
"젠",젠,,0,3458,686,2,0.761832,0.843687,101.765579
"달이",달이,,1,2908,592,2,0.710826,0.796593,72.277542
"꾸준하다",꾸준하다,,1,3794,657,2,0.745332,0.829158,95.31175
"음모",음모,,2,1472,355,2,0.608166,0.677856,25.127242
"펴다",펴다,,2,3452,679,2,0.757783,0.84018,109.801478
"또래",또래,,2,3232,608,2,0.71902,0.804609,93.829608
8,8,,2,3952,675,2,0.755488,0.838176,114.511863
"착용",착용,,1,3050,556,2,0.693056,0.778557,57.179986
"진단",진단,,1,2874,593,2,0.711333,0.797094,67.30709
"서로",서로,,0,2886,571,2,0.700351,0.786072,55.184316
"깨다",깨다,,0,2590,573,2,0.701335,0.787074,63.85382
"효과",효과,,0,3236,594,2,0.71184,0.797595,81.451816
"감기",감기,,1,3068,566,2,0.697902,0.783567,63.392362
"늦어지다",늦어지다,,1,2120,410,2,0.629256,0.705411,20.180062
"장판",장판,,2,1864,368,2,0.613022,0.684369,25.801642
"곤",곤,,3,2010,432,2,0.638107,0.716433,24.256346
"현",현,,2,3172,659,2,0.746447,0.83016,102.496752
"아무렇다",아무렇다,,0,3650,645,2,0.738712,0.823146,87.449023
"대",대,,0,3518,674,2,0.754917,0.837675,115.642469
"잡다",잡다,,0,3282,652,2,0.74256,0.826653,105.462808
"사라지다",사라지다,,3,3530,619,2,0.724764,0.81012,87.559048
"크게",크게,,0,3138,672,2,0.753776,0.836673,107.471354
"그렇다고",그렇다고,,1,3798,687,2,0.762414,0.844188,112.695725
"월경",월경,,1,2184,515,2,0.673869,0.758016,50.463617
"판이",판이,,2,1624,332,2,0.59976,0.666333,19.221294
"에가",에가,,1,3862,613,2,0.72162,0.807114,78.139997
"커서",커서,,2,3294,598,2,0.713877,0.799599,76.894217
9,9,,2,2704,566,2,0.697902,0.783567,73.315529
"돌아오다",돌아오다,,3,3568,600,2,0.7149,0.800601,76.155541
"중학생",중학생,,2,3510,662,2,0.748126,0.831663,107.494279
"피곤하다",피곤하다,,1,3314,653,2,0.743112,0.827154,91.303179
"볼",볼,,0,3202,641,2,0.736531,0.821142,82.725972
"이야기",이야기,,0,3524,655,2,0.744221,0.828156,100.774716
"헌혈",헌혈,,1,778,268,2,0.577546,0.634269,7.640062
.),.),,0,3614,662,2,0.748126,0.831663,92.584783
"중이",중이,,2,3178,669,2,0.752072,0.83517,114.493825
"가도",가도,,1,3116,636,2,0.733824,0.818637,91.099601
"센티",센티,,2,1702,399,2,0.624922,0.6999,29.855666
"날짜",날짜,,1,2574,523,2,0.677529,0.762024,53.812605
"라면",라면,,1,3412,671,2,0.753208,0.836172,108.030092
"얇다",얇다,,2,2922,533,2,0.68216,0.767034,62.74208
"건강",건강,,2,3074,597,2,0.713367,0.799098,78.459902
"방학",방학,,0,3366,638,2,0.734904,0.819639,84.426052
"음식",음식,,0,3492,646,2,0.739259,0.823647,96.183459
"두렵다",두렵다,,0,3770,695,2,0.767102,0.848196,121.213793
"지내다",지내다,,3,4338,682,2,0.759513,0.841683,93.793955
"입구",입구,,3,2132,512,2,0.672507,0.756513,47.261156
"낮다",낮다,,0,2988,573,2,0.701335,0.787074,68.886815
"힘드다",힘드다,,0,3708,668,2,0.751506,0.834669,93.46819
"예요",예요,,1,2548,581,2,0.7053,0.791082,68.967766
"부터는",부터는,,1,4830,752,2,0.802251,0.876754,132.272914
"야",야,,0,3272,665,2,0.749812,0.833166,105.206136
"내일",내일,,0,3390,653,2,0.743112,0.827154,101.931096
"보이",보이,,3,2598,613,2,0.72162,0.807114,90.513256
14,14,,2,1722,425,2,0.635264,0.712926,33.40811
"뭐라다",뭐라다,,0,3418,653,2,0.743112,0.827154,97.616079
"제거",제거,,3,1928,385,2,0.619491,0.692886,25.793058
"둘레",둘레,,2,1670,344,2,0.604116,0.672345,21.254322
12,12,,2,2850,627,2,0.728999,0.814128,92.853359
"컵",컵,,2,1768,439,2,0.640976,0.71994,35.338191
"새벽",새벽,,0,3202,647,2,0.739807,0.824148,97.761914
"겨울",겨울,,2,1998,500,2,0.667112,0.750501,45.105775
"기르다",기르다,,1,3698,643,2,0.73762,0.822144,85.425343
"임기",임기,,1,2132,402,2,0.626098,0.701403,18.612238
"누나",누나,,0,1696,475,2,0.656147,0.737976,37.485253
"분들",분들,,0,3210,666,2,0.750376,0.833667,97.529761
30,30,,3,2496,590,2,0.709815,0.795591,74.085728
"째다",째다,,1,2628,557,2,0.693537,0.779058,61.875439
kg,kg,,2,2298,503,2,0.668453,0.752004,48.677067
"당시",당시,,0,3802,678,2,0.757208,0.839679,105.134208
"밥",밥,,2,3366,646,2,0.739259,0.823647,91.074405
16,16,,2,1470,400,2,0.625313,0.700401,35.778816
"는걸",는걸,,0,3546,712,2,0.777259,0.856713,115.742687
"줄이다",줄이다,,0,2706,592,2,0.710826,0.796593,70.28413
"어쩔",어쩔,,0,2924,586,2,0.707801,0.793587,69.408399
"담배",담배,,0,1868,462,2,0.650587,0.731463,32.763669
"그러다가",그러다가,,1,3772,700,2,0.770062,0.850701,117.480214
165,165,,2,1546,305,2,0.590183,0.652806,16.935023
"유도",유도,,1,2242,389,2,0.621033,0.69489,19.079439
"합의",합의,,0,2272,453,2,0.646792,0.726954,31.107062
"뜨다",뜨다,,0,2806,594,2,0.71184,0.797595,68.171867
"생기",생기,,2,3098,631,2,0.731136,0.816132,94.091437
"진지하다",진지하다,,0,2900,618,2,0.724238,0.809619,83.275829
"오르다",오르다,,3,3984,637,2,0.734364,0.819138,83.254407
"절대",절대,,1,3520,667,2,0.750941,0.834168,95.043918
"님",님,,0,3322,643,2,0.73762,0.822144,99.790978
"대로",대로,,0,3190,669,2,0.752072,0.83517,105.519892
;;,;;,,0,2100,526,2,0.678912,0.763527,53.348382
"무조건",무조건,,2,2148,521,2,0.67661,0.761022,63.581316
"까진",까진,,2,3054,627,2,0.728999,0.814128,95.559983
"엉덩이",엉덩이,,0,3016,639,2,0.735446,0.82014,86.867542
"마시다",마시다,,0,2368,476,2,0.656579,0.738477,45.337754
"옛날",옛날,,0,3186,649,2,0.740906,0.82515,82.56593
"행위",행위,,0,2460,573,2,0.701335,0.787074,59.211028
"워",워,,3,2180,494,2,0.664447,0.747495,38.827052
"줄어들다",줄어들다,,0,3682,678,2,0.757208,0.839679,111.384608
"행동",행동,,0,2652,573,2,0.701335,0.787074,59.106796
"좋아지다",좋아지다,,2,1944,511,2,0.672054,0.756012,52.531293
"말씀드리다",말씀드리다,,0,3092,633,2,0.732208,0.817134,87.703159
"완전하다",완전하다,,3,2898,630,2,0.7306,0.815631,89.811484
"번하다",번하다,,1,2932,549,2,0.689703,0.77505,59.812093
"내용",내용,,0,3362,658,2,0.745889,0.829659,93.295367
"달에",달에,,1,2762,519,2,0.675694,0.76002,55.673319
"주일",주일,,1,2324,531,2,0.681229,0.766032,53.850222
"심해",심해,,1,2404,520,2,0.676152,0.760521,49.51962
"바지",바지,,0,2710,590,2,0.709815,0.795591,63.889783
"색깔",색깔,,3,2498,539,2,0.684969,0.77004,60.034428
"이기다",이기다,,1,2596,583,2,0.706299,0.792084,75.425335
40,40,,2,2806,632,2,0.731672,0.816633,89.612716
"결과",결과,,1,2994,619,2,0.724764,0.81012,89.752467
"ㅜㅜㅜ",ㅜㅜㅜ,,1,2488,551,2,0.690657,0.776052,51.268761
160,160,,2,2144,456,2,0.648052,0.728457,39.256025
"들어오다",들어오다,,0,3564,682,2,0.759513,0.841683,104.090249
"돈",돈,,0,2246,533,2,0.68216,0.767034,52.711756
"저만",저만,,2,2740,581,2,0.7053,0.791082,80.484741
"든",든,,0,3028,662,2,0.748126,0.831663,96.628685
"급성",급성,,2,1352,371,2,0.614154,0.685872,24.137242
"여쭈다",여쭈다,,0,2714,588,2,0.708807,0.794589,78.809798
"흰색",흰색,,1,1866,436,2,0.639744,0.718437,35.466277
"진통제",진통제,,1,2350,450,2,0.645537,0.725451,31.253319
"배다",배다,,1,2772,558,2,0.694019,0.779559,55.501642
"여름",여름,,2,2202,530,2,0.680764,0.765531,51.063275
"추천",추천,,0,2094,504,2,0.668901,0.752505,52.172109
"발",발,,0,2554,588,2,0.708807,0.794589,78.332661
"우리",우리,,0,2312,533,2,0.68216,0.767034,62.093714
"대부분",대부분,,2,3730,709,2,0.775447,0.85521,127.870841
"쪽팔리다",쪽팔리다,,0,2132,562,2,0.695955,0.781563,66.580177
"억지로",억지로,,3,2070,470,2,0.653997,0.735471,42.551205
"그러면",그러면,,0,2342,536,2,0.683562,0.768537,57.859327
"밤",밤,,0,2890,628,2,0.729532,0.814629,77.736862
"낳다",낳다,,3,2868,555,2,0.692575,0.778056,72.282729
-,-,,0,2060,514,2,0.673414,0.757515,46.738053
"위쪽",위쪽,,3,1682,358,2,0.60928,0.679359,21.412264
"안다",안다,,3,2790,520,2,0.676152,0.760521,58.939081
"하얗다",하얗다,,3,1550,408,2,0.628463,0.704409,27.069367
"고통",고통,,3,2306,556,2,0.693056,0.778557,63.818037
"목",목,,0,1618,489,2,0.662243,0.74499,42.845573
"어쩌",어쩌,,0,2842,669,2,0.752072,0.83517,108.857671
"어른",어른,,0,3066,621,2,0.725818,0.811122,79.320193
"일찍",일찍,,2,1770,429,2,0.636886,0.71493,32.270692
"항문",항문,,3,2452,545,2,0.687802,0.773046,51.021924
',',,0,1488,414,2,0.630847,0.707415,23.584863
"그리다",그리다,,0,2766,627,2,0.728999,0.814128,84.927412
"심지어",심지어,,0,2788,577,2,0.703312,0.789078,66.100509
"보내다",보내다,,0,2450,551,2,0.690657,0.776052,55.794923
"으로도",으로도,,0,3110,625,2,0.727936,0.813126,82.116645
"에서도",에서도,,2,3028,632,2,0.731672,0.816633,87.578659
"밖",밖,,0,3502,629,2,0.730066,0.81513,78.653572
"순간",순간,,0,3582,710,2,0.77605,0.855711,115.33101
"불임",불임,,1,2634,517,2,0.67478,0.759018,46.869814
"전체",전체,,2,2610,557,2,0.693537,0.779058,69.53774
"깔다",깔다,,3,1696,424,2,0.63486,0.712425,33.535942
"노력",노력,,0,2966,603,2,0.716439,0.802104,78.390046
"여자애",여자애,,0,2172,516,2,0.674324,0.758517,49.461132
"키크",키크,,2,1476,353,2,0.607425,0.676854,21.675302
"영상",영상,,0,2972,560,2,0.694986,0.780561,55.128147
"건너",건너,,1,2812,508,2,0.670699,0.754509,38.393928
"년도",년도,,2,2106,497,2,0.665777,0.748998,48.524126
"자궁경부암",자궁경부암,,1,1672,418,2,0.632446,0.709419,22.602587
"평상시",평상시,,3,1812,466,2,0.652288,0.733467,43.861358
6일,6일,,1,2406,482,2,0.659181,0.741483,33.431751
"양쪽",양쪽,,3,2086,528,2,0.679837,0.764529,60.12218
"된거",된거,,0,2482,574,2,0.701828,0.787575,68.42481
15일,15일,,1,2450,465,2,0.651862,0.732966,31.714177
"차이",차이,,0,2634,595,2,0.712348,0.798096,80.170938
?..,?..,,3,1836,456,2,0.648052,0.728457,35.569437
"런가",런가,,1,2258,511,2,0.672054,0.756012,41.327525
"길다",길다,,1,2756,611,2,0.720578,0.806112,77.657136
"이미",이미,,0,3758,714,2,0.778471,0.857715,126.690113
"현상",현상,,3,2410,550,2,0.69018,0.775551,63.256697
"요새",요새,,2,1928,519,2,0.675694,0.76002,52.377857
"설사",설사,,1,2046,460,2,0.64974,0.730461,32.850281
"바르다",바르다,,3,2538,611,2,0.720578,0.806112,76.666776
"방",방,,0,2938,544,2,0.687328,0.772545,48.150328
"애기",애기,,3,2750,534,2,0.682627,0.767535,61.857117
"넘기다",넘기다,,1,2448,557,2,0.693537,0.779058,58.193333
"쯤에",쯤에,,1,2702,550,2,0.69018,0.775551,60.99713
"예민하다",예민하다,,3,2846,614,2,0.722142,0.807615,77.856274
"모두",모두,,3,3510,633,2,0.732208,0.817134,93.124562
"성장기",성장기,,2,1392,369,2,0.613399,0.68487,23.102845
"젖다",젖다,,3,2352,494,2,0.664447,0.747495,46.686382
"키도",키도,,2,1822,421,2,0.633651,0.710922,36.957765
"욕",욕,,0,2682,553,2,0.691615,0.777054,62.474918
"굉장하다",굉장하다,,3,2724,632,2,0.731672,0.816633,90.703204
"압박",압박,,0,2158,519,2,0.675694,0.76002,46.472858
"반복",반복,,3,2080,528,2,0.679837,0.764529,50.826795
"오",오,,0,2472,603,2,0.716439,0.802104,85.153715
"키로",키로,,2,2232,547,2,0.688751,0.774048,50.841146
"본적",본적,,3,2212,544,2,0.687328,0.772545,60.026573
"니깐",니깐,,0,2154,552,2,0.691136,0.776553,59.01894
80,80,,2,1748,449,2,0.64512,0.72495,36.458181
"어떻",어떻,,2,1858,488,2,0.661804,0.744489,53.669735
"대충",대충,,0,3246,649,2,0.740906,0.82515,98.875789
"자르다",자르다,,2,1462,400,2,0.625313,0.700401,37.001408
13일,13일,,1,2354,423,2,0.634456,0.711924,27.064788
"기준",기준,,1,2046,517,2,0.67478,0.759018,51.143895
172,172,,2,1426,317,2,0.594401,0.658818,18.386527
"온",온,,0,2962,625,2,0.727936,0.813126,82.847458
"나요",나요,,3,1606,437,2,0.640154,0.718938,27.559286
1~2,1~2,,0,2860,542,2,0.686382,0.771543,62.79457
"가장",가장,,0,2962,594,2,0.71184,0.797595,73.052845
"월동",월동,,1,2296,510,2,0.671602,0.755511,44.151857
"팬티라이너",팬티라이너,,1,2272,465,2,0.651862,0.732966,33.796148
"붕대",붕대,,3,1616,348,2,0.605583,0.674349,17.56934
"다가",다가,,0,3578,646,2,0.739259,0.823647,79.863106
"부어",부어,,3,2460,534,2,0.682627,0.767535,46.490549
"당황",당황,,0,2584,594,2,0.71184,0.797595,73.217182
"풀",풀,,0,1930,473,2,0.655286,0.736974,42.236859
"겠다",겠다,,1,2336,555,2,0.692575,0.778056,57.195173
"한쪽",한쪽,,3,1590,388,2,0.620647,0.694389,24.997137
"혹은",혹은,,0,2582,576,2,0.702817,0.788577,81.841338
"잠도",잠도,,1,2908,612,2,0.721098,0.806613,85.935404
"액체",액체,,3,1580,400,2,0.625313,0.700401,32.485284
"일반",일반,,0,2042,449,2,0.64512,0.72495,38.570278
"나기",나기,,2,1828,472,2,0.654856,0.736473,47.372702
"꼴",꼴,,3,3066,549,2,0.689703,0.77505,50.554868
"달라",달라,,0,2670,578,2,0.703808,0.789579,60.682792
"만큼",만큼,,2,2528,615,2,0.722665,0.808116,77.609366
9일,9일,,1,2472,492,2,0.663564,0.746493,37.681206
.(,.(,,0,3034,666,2,0.750376,0.833667,110.935697
"모양",모양,,3,1890,479,2,0.657877,0.73998,54.3867
"잔뇨감",잔뇨감,,3,2436,464,2,0.651436,0.732465,37.474205
"아무리",아무리,,0,2530,586,2,0.707801,0.793587,73.928439
"놓다",놓다,,0,3932,705,2,0.773044,0.853206,112.474411
"당기다",당기다,,3,1186,340,2,0.602657,0.670341,19.675484
3~4,3~4,,2,2208,516,2,0.674324,0.758517,61.961637
"애가",애가,,0,1864,465,2,0.651862,0.732966,30.608272
"에다가",에다가,,1,2136,516,2,0.674324,0.758517,53.879628
"남기다",남기다,,0,1928,512,2,0.672507,0.756513,55.630826
"일상생활",일상생활,,3,2654,558,2,0.694019,0.779559,59.387926
"세다",세다,,0,2822,556,2,0.693056,0.778557,54.829368
"고딩",고딩,,2,1602,454,2,0.647211,0.727455,34.24478
"두번째",두번째,,1,2866,593,2,0.711333,0.797094,70.157275
"특히",특히,,0,2532,620,2,0.725291,0.810621,76.209808
"믿다",믿다,,0,2720,582,2,0.705799,0.791583,71.640682
"둘",둘,,0,2808,596,2,0.712857,0.798597,66.856161
"바꾸다",바꾸다,,1,2286,554,2,0.692094,0.777555,50.365229
"약도",약도,,1,3786,644,2,0.738166,0.822645,88.367933
"당연하다",당연하다,,1,3266,647,2,0.739807,0.824148,79.902183
"라인",라인,,2,818,209,2,0.558478,0.604709,6.533602
"또한",또한,,0,2786,567,2,0.69839,0.784068,63.733984
"성장하다",성장하다,,2,1482,367,2,0.612646,0.683868,25.775759
"확",확,,2,1870,504,2,0.668901,0.752505,51.703067
"찾다",찾다,,0,3088,627,2,0.728999,0.814128,84.603408
"길어지다",길어지다,,2,2330,473,2,0.655286,0.736974,46.356367
"양은",양은,,1,2402,493,2,0.664005,0.746994,35.124826
"토요일",토요일,,1,2354,513,2,0.67296,0.757014,47.768421
"유전",유전,,2,1970,478,2,0.657444,0.739479,43.513552
"근",근,,1,2132,495,2,0.66489,0.747996,42.764904
"관리",관리,,3,1892,438,2,0.640565,0.719439,32.285451
"께서",께서,,0,2608,577,2,0.703312,0.789078,63.636031
?(,?(,,3,2326,489,2,0.662243,0.74499,47.388486
"재발",재발,,3,2268,479,2,0.657877,0.73998,41.581326
"일전",일전,,1,1934,451,2,0.645955,0.725952,32.743763
"만들다",만들다,,0,2202,559,2,0.694502,0.78006,70.575489
"항생제",항생제,,3,2434,555,2,0.692575,0.778056,54.188624
"윗",윗,,3,1904,469,2,0.653569,0.73497,42.414413
"풀다",풀다,,0,2144,546,2,0.688276,0.773547,49.037706
"이네",이네,,1,2024,502,2,0.668005,0.751503,48.522514
"다해",다해,,3,3042,541,2,0.685911,0.771042,63.577215
"쭉",쭉,,0,2470,555,2,0.692575,0.778056,58.045961
"못자다",못자다,,1,2436,543,2,0.686855,0.772044,57.393497
"재",재,,2,2916,550,2,0.69018,0.775551,68.434425
"상관",상관,,2,2828,615,2,0.722665,0.808116,88.169075
"우유",우유,,2,2026,474,2,0.655716,0.737475,55.120237
"이상은",이상은,,2,2076,508,2,0.670699,0.754509,52.172834
"소량",소량,,1,1980,422,2,0.634053,0.711423,25.098284
"부탁",부탁,,0,3546,633,2,0.732208,0.817134,104.171094
"조",조,,0,2094,518,2,0.675237,0.759519,48.789005
"번째",번째,,1,2134,547,2,0.688751,0.774048,55.859301
"살때",살때,,2,2248,527,2,0.679374,0.764028,58.714935
"채",채,,0,3160,604,2,0.716954,0.802605,70.84269
"흐르다",흐르다,,3,1994,513,2,0.67296,0.757014,46.049838
"그랬는데",그랬는데,,1,2552,564,2,0.696927,0.782565,64.198866
"코",코,,0,1242,382,2,0.61834,0.691383,19.643912
"어깨",어깨,,2,1862,499,2,0.666667,0.75,52.170109
"몽우리",몽우리,,2,1280,357,2,0.608908,0.678858,20.3093
"꿈",꿈,,0,1470,435,2,0.639334,0.717936,30.855671
"사춘기",사춘기,,2,1812,516,2,0.674324,0.758517,50.297865
"멀다",멀다,,3,1946,472,2,0.654856,0.736473,47.854342
"뽑다",뽑다,,1,1322,390,2,0.62142,0.695391,23.543498
"움직이다",움직이다,,0,1954,482,2,0.659181,0.741483,45.305815
"예",예,,0,2386,548,2,0.689227,0.774549,59.479709
"이대로",이대로,,3,2148,445,2,0.643456,0.722946,42.349662
"래",래,,0,2176,553,2,0.691615,0.777054,59.138166
"평범하다",평범하다,,0,2730,611,2,0.720578,0.806112,83.563468
"노콘",노콘,,1,1606,377,2,0.61643,0.688878,18.158293
"으로는",으로는,,0,2764,635,2,0.733284,0.818136,91.056049
"새",새,,1,2006,522,2,0.677069,0.761523,45.953552
"감",감,,0,2726,574,2,0.701828,0.787575,63.041037
"작아지다",작아지다,,2,1744,464,2,0.651436,0.732465,39.023527
"포경수술",포경수술,,3,9584,790,2,0.827529,0.895792,182.937629
"고추",고추,,2,5036,662,2,0.748126,0.831663,113.793166
"껍질",껍질,,3,3654,497,2,0.665777,0.748998,48.578286
"표피",표피,,3,3342,551,2,0.690657,0.776052,61.591474
"포피",포피,,3,2448,431,2,0.6377,0.715932,40.33002
"처벌",처벌,,0,3806,571,2,0.700351,0.786072,60.300547
"발기다",발기다,,2,4144,631,2,0.731136,0.816132,102.492611
"고추가",고추가,,2,2786,533,2,0.68216,0.767034,62.545842
"성추행",성추행,,0,3856,561,2,0.69547,0.781062,51.110186
"정맥",정맥,,3,2622,355,2,0.608166,0.677856,18.948167
"여유증",여유증,,2,1172,269,2,0.577881,0.63477,10.87502
"벗기다",벗기다,,3,3198,583,2,0.706299,0.792084,70.049122
"류",류,,3,2700,406,2,0.627673,0.703407,24.653766
"경찰",경찰,,0,3532,506,2,0.669799,0.753507,47.685126
"노발",노발,,2,2522,432,2,0.638107,0.716433,40.343469
"정계",정계,,3,2338,315,2,0.593694,0.657816,13.654638
"야동",야동,,0,3744,635,2,0.733284,0.818136,81.57128
"전립선염",전립선염,,3,2166,439,2,0.640976,0.71994,33.236805
"몽정",몽정,,2,1958,431,2,0.6377,0.715932,31.758103
"발기부전",발기부전,,0,3050,493,2,0.664005,0.746994,40.341446
"변성기",변성기,,2,2176,425,2,0.635264,0.712926,37.283416
"조사",조사,,0,2464,422,2,0.634053,0.711423,27.195661
"풀발",풀발,,2,1888,343,2,0.603751,0.671844,18.306965
"성희롱",성희롱,,0,2692,479,2,0.657877,0.73998,35.133441
180,180,,2,1870,412,2,0.630051,0.706413,34.185913
"지름",지름,,3,1922,412,2,0.630051,0.706413,21.870996
"진성",진성,,3,1152,266,2,0.576879,0.633267,10.454836
"조루",조루,,0,1672,374,2,0.61529,0.687375,15.826479
"마취",마취,,3,1428,287,2,0.583967,0.643788,11.479631
"전화",전화,,0,2626,551,2,0.690657,0.776052,56.732351
"음란물",음란물,,0,1652,297,2,0.587404,0.648798,10.336515
"전립선",전립선,,3,2372,467,2,0.652714,0.733968,35.318878
"세제",세제,,3,312,54,2,0.513903,0.527054,0
"사건",사건,,0,1652,365,2,0.611895,0.682866,15.367026
"성폭행",성폭행,,0,2416,502,2,0.668005,0.751503,39.628051
"다운",다운,,0,1032,255,2,0.573234,0.627756,6.643149
"부고환",부고환,,3,2230,312,2,0.592637,0.656313,15.763807
