Id,Label,timeset,modularity_class,Degree,Weighted Degree,Eccentricity,closnesscentrality,harmonicclosnesscentrality,betweenesscentrality
생리,생리,,1,1874,16798,2,0.943236,0.96991,8721.782765
나오다,나오다,,1,1898,12984,2,0.954067,0.975928,8967.15166
시작,시작,,1,1738,8628,2,0.886222,0.935807,6873.126243
초경,초경,,1,1538,5708,2,0.813878,0.885657,4777.625805
냉이,냉이,,1,1270,4562,2,0.733628,0.818455,2590.968424
아프다,아프다,,2,1380,4234,2,0.764571,0.846038,3289.630827
키,키,,3,1378,4094,2,0.763985,0.845537,3415.442861
갈색,갈색,,1,1272,4516,2,0.734168,0.818957,2695.48695
냉,냉,,1,1326,4510,2,0.749061,0.832497,2896.789336
피,피,,1,1264,4000,2,0.732012,0.816951,2535.507037
자위,자위,,2,1386,3592,2,0.766334,0.847543,3629.440148
크다,크다,,3,1382,3942,2,0.765157,0.84654,3558.979005
묻다,묻다,,1,1366,4786,2,0.760488,0.842528,3150.160068
엄마,엄마,,1,1546,5232,2,0.816544,0.887663,4532.29205
ㅠ,ㅠ,,1,1456,4114,2,0.78752,0.865095,4006.813177
여자,여자,,0,1470,4420,2,0.791898,0.868606,4130.636484
팬티,팬티,,1,1270,3754,2,0.733628,0.818455,2469.718571
여학생,여학생,,1,1316,3996,2,0.746257,0.82999,2859.29317
생리대,생리대,,1,1118,2880,2,0.694774,0.780341,1793.944833
가슴,가슴,,3,1040,2300,2,0.676391,0.760782,1511.317131
친구,친구,,0,1306,3052,2,0.743475,0.827482,3047.709826
4,4,,0,1530,4380,2,0.811229,0.883651,4409.854286
처음,처음,,1,1376,3662,2,0.7634,0.845035,3035.927952
걱정,걱정,,1,1228,3018,2,0.722464,0.807924,2316.919048
생리통,생리통,,1,860,1912,2,0.637468,0.715647,891.086937
언제,언제,,1,1212,3042,2,0.7183,0.803912,2224.389448
증상,증상,,2,1084,2404,2,0.686639,0.771815,1727.600637
성기,성기,,2,952,1670,2,0.656785,0.738716,1438.677916
cm,cm,,3,752,1380,2,0.616193,0.688566,798.936065
작다,작다,,3,920,1816,2,0.649935,0.730692,1315.802934
!,!,,1,1142,2434,2,0.700632,0.786359,1924.972256
많다,많다,,2,1440,3456,2,0.782575,0.861083,3802.026237
이번,이번,,1,1080,2648,2,0.685695,0.770812,1695.583264
살,살,,0,1228,2700,2,0.722464,0.807924,2551.16503
끝나다,끝나다,,1,886,2144,2,0.642811,0.722166,1061.858253
..?,..?,,1,1116,2466,2,0.69429,0.77984,1797.122988
배,배,,2,1058,2308,2,0.680546,0.765296,1446.801387
자다,자다,,0,1386,3218,2,0.766334,0.847543,3241.358399
ㅜㅜ,ㅜㅜ,,1,872,1758,2,0.639923,0.718656,1035.920759
먹다,먹다,,0,1066,2078,2,0.682409,0.767302,1666.17703
ㅜ,ㅜ,,1,904,1760,2,0.646563,0.72668,1027.031528
해,해,,0,1170,2586,2,0.707594,0.79338,2058.574531
정상,정상,,1,926,1984,2,0.651208,0.732197,1227.459199
올해,올해,,1,1110,2540,2,0.692842,0.778335,1912.438046
그런데,그런데,,1,952,2132,2,0.656785,0.738716,1241.290846
건가,건가,,1,1136,2366,2,0.699158,0.784855,1813.788423
좋다,좋다,,0,1274,2886,2,0.734709,0.819458,2447.066727
생기다,생기다,,1,936,2058,2,0.653342,0.734704,1265.00047
병원,병원,,0,1030,2044,2,0.674104,0.758275,1377.046478
안해,안해,,1,856,1738,2,0.636654,0.714644,904.704892
질염,질염,,1,776,1566,2,0.620797,0.694584,682.798494
느낌,느낌,,2,1042,2110,2,0.67685,0.761284,1521.259172
생식기,생식기,,1,888,1750,2,0.643226,0.722668,977.303138
주,주,,1,948,1878,2,0.655921,0.737713,1249.075436
하나요,하나요,,1,1050,2054,2,0.678693,0.76329,1632.168091
해주다,해주다,,0,1208,2726,2,0.717266,0.802909,2180.261941
주기,주기,,1,932,1942,2,0.652487,0.733701,1066.005562
소변,소변,,2,838,1570,2,0.633016,0.71013,814.034503
일,일,,0,1232,2538,2,0.723512,0.808927,2259.918477
속옷,속옷,,1,944,2150,2,0.655059,0.73671,1109.00608
남자,남자,,0,850,1494,2,0.635437,0.713139,1197.851039
양,양,,1,962,1924,2,0.658956,0.741224,1119.987548
죠,죠,,1,936,1884,2,0.653342,0.734704,1208.82937
인지,인지,,1,828,1500,2,0.631013,0.707623,983.599576
아,아,,1,1116,2312,2,0.69429,0.77984,1787.143215
날,날,,1,1074,2178,2,0.684283,0.769308,1669.760777
엔,엔,,1,1150,2530,2,0.702607,0.788365,1800.731595
무슨,무슨,,1,956,1826,2,0.657652,0.739719,1273.788975
어제,어제,,1,880,1746,2,0.64157,0.720662,1074.135408
-,-,,2,610,1036,2,0.59029,0.652959,449.287934
빨리,빨리,,1,868,1716,2,0.639103,0.717653,1042.017419
저번,저번,,1,958,1850,2,0.658086,0.740221,1304.632771
학교,학교,,1,944,1974,2,0.655059,0.73671,1303.165067
안되다,안되다,,3,916,1544,2,0.649089,0.729689,1159.769583
씻다,씻다,,2,968,1734,2,0.660265,0.742728,1232.489262
적다,적다,,1,1064,2056,2,0.681943,0.7668,1513.827132
닦다,닦다,,1,900,1930,2,0.645725,0.725677,1036.677309
니까,니까,,1,1088,2142,2,0.687586,0.772818,1700.257396
어떡하다,어떡하다,,1,918,1738,2,0.649511,0.730191,1175.164254
이상하다,이상하다,,4,966,1718,2,0.659828,0.742227,1274.71746
나이,나이,,0,998,1836,2,0.66689,0.750251,1555.323319
괜찮다,괜찮다,,1,1026,1992,2,0.673194,0.757272,1381.722254
100,100,,1,846,1700,2,0.634628,0.712136,1076.767213
학생,학생,,1,890,1874,2,0.643641,0.72317,1170.222996
....,....,,3,760,1302,2,0.61772,0.690572,862.490468
화장실,화장실,,4,1032,2060,2,0.67456,0.758776,1594.612794
애,애,,3,916,1576,2,0.649089,0.729689,1221.325082
여,여,,1,944,1604,2,0.655059,0.73671,1245.586805
한지,한지,,1,816,1572,2,0.628625,0.704614,841.723757
되어다,되어다,,0,1084,2018,2,0.686639,0.771815,1814.407213
심하다,심하다,,2,1114,2130,2,0.693807,0.779338,1623.095307
질,질,,1,632,978,2,0.59416,0.658475,365.382406
간지럽다,간지럽다,,1,690,1190,2,0.604609,0.673019,500.31229
무섭다,무섭다,,0,984,1804,2,0.663782,0.74674,1403.679357
뒤,뒤,,4,1056,1966,2,0.680082,0.764794,1662.279223
그런,그런,,1,890,1696,2,0.643641,0.72317,898.852012
걸다,걸다,,2,970,1672,2,0.660702,0.74323,1410.714772
냄새,냄새,,1,712,1350,2,0.608669,0.678536,541.802467
손,손,,2,644,944,2,0.596292,0.661484,505.58765
다시,다시,,0,1136,2076,2,0.699158,0.784855,2037.311179
산부인과,산부인과,,0,936,1686,2,0.653342,0.734704,1030.382737
보통,보통,,1,776,1314,2,0.620797,0.694584,747.812709
13,13,,3,790,1360,2,0.623515,0.698094,890.097853
째,째,,1,782,1426,2,0.621959,0.696088,717.023115
뭔가,뭔가,,2,944,1710,2,0.655059,0.73671,1211.150873
크기,크기,,3,410,642,2,0.557295,0.602808,205.857104
털,털,,3,620,962,2,0.592043,0.655466,475.803345
에요,에요,,1,772,1344,2,0.620025,0.693581,748.263106
같이,같이,,0,1018,1916,2,0.67138,0.755266,1298.418144
이상,이상,,2,904,1644,2,0.646563,0.72668,1002.713063
혈,혈,,1,520,828,2,0.574971,0.630391,284.650086
오줌,오줌,,2,668,1112,2,0.600602,0.667503,495.030683
궁금하다,궁금하다,,1,778,1480,2,0.621184,0.695085,812.559332
이르다,이르다,,0,1018,1772,2,0.67138,0.755266,1497.384677
남친,남친,,0,406,482,2,0.556672,0.601805,157.829995
부탁드리다,부탁드리다,,1,816,1398,2,0.628625,0.704614,884.70981
넘다,넘다,,3,780,1296,2,0.621571,0.695587,834.16672
약간,약간,,1,754,1366,2,0.616574,0.689067,656.176206
색,색,,1,686,1234,2,0.603876,0.672016,499.412307
노랗다,노랗다,,1,676,1532,2,0.602053,0.669509,527.972188
커지다,커지다,,3,644,976,2,0.596292,0.661484,464.353952
에도,에도,,2,1022,1964,2,0.672286,0.756269,1307.509661
음모,음모,,1,784,1504,2,0.622347,0.69659,724.718929
늘다,늘다,,3,874,1488,2,0.640334,0.719157,1076.063596
걸,걸,,0,968,1604,2,0.660265,0.742728,1238.240353
ㅠㅠㅠ,ㅠㅠㅠ,,1,746,1304,2,0.615052,0.687061,657.465263
빠르다,빠르다,,1,616,1000,2,0.59134,0.654463,420.858752
법,법,,1,722,1206,2,0.610533,0.681043,661.630745
작년,작년,,1,766,1288,2,0.61887,0.692076,601.146916
3일,3일,,1,672,1056,2,0.601327,0.668506,490.029896
개월,개월,,1,716,1256,2,0.609413,0.679539,511.127596
탐폰,탐폰,,1,444,642,2,0.562641,0.611334,254.940419
만지다,만지다,,4,644,968,2,0.596292,0.661484,521.553531
8월,8월,,1,740,1338,2,0.613916,0.685557,688.35247
성,성,,0,806,1280,2,0.62665,0.702106,741.335541
해도,해도,,0,874,1368,2,0.640334,0.719157,1059.107763
개,개,,0,904,1378,2,0.646563,0.72668,1048.451066
고민,고민,,3,844,1318,2,0.634224,0.711635,923.991019
쓰다,쓰다,,1,898,1708,2,0.645307,0.725176,1043.02986
7월,7월,,1,696,1132,2,0.605711,0.674524,636.590021
반,반,,0,878,1540,2,0.641158,0.72016,1075.405997
이렇게,이렇게,,2,970,1664,2,0.660702,0.74323,1194.695645
몸무게,몸무게,,0,770,1446,2,0.61964,0.693079,748.300023
보,보,,1,808,1348,2,0.627044,0.702608,757.041602
인가,인가,,1,770,1254,2,0.61964,0.693079,666.23515
동안,동안,,2,954,1634,2,0.657218,0.739218,1126.390467
처럼,처럼,,1,726,1160,2,0.611281,0.682046,625.815006
터지다,터지다,,1,634,948,2,0.594514,0.658977,418.256423
몸,몸,,0,842,1436,2,0.633821,0.711133,833.660669
상태,상태,,2,814,1294,2,0.628229,0.704112,833.58597
지나다,지나다,,0,828,1336,2,0.631013,0.707623,783.772979
스트레스,스트레스,,0,838,1338,2,0.633016,0.71013,962.083042
곧,곧,,1,720,1164,2,0.610159,0.680542,599.834051
저희,저희,,0,794,1344,2,0.624296,0.699097,765.482217
이런,이런,,0,786,1324,2,0.622736,0.697091,831.149699
들어가다,들어가다,,3,744,1168,2,0.614673,0.68656,615.931705
1년,1년,,1,660,1066,2,0.599159,0.665496,515.411402
일주일,일주일,,1,786,1256,2,0.622736,0.697091,835.602681
2월,2월,,1,688,1246,2,0.604242,0.672518,531.706541
(?),(?),,1,722,1158,2,0.610533,0.681043,649.275109
멈추다,멈추다,,0,850,1444,2,0.635437,0.713139,848.813412
주다,주다,,2,860,1410,2,0.637468,0.715647,881.912268
털다,털다,,3,668,1032,2,0.600602,0.667503,614.18239
드리다,드리다,,4,656,1142,2,0.598439,0.664493,512.422344
물어보다,물어보다,,1,612,982,2,0.59064,0.65346,395.843269
~,~,,1,658,1004,2,0.598799,0.664995,393.892895
월경,월경,,0,754,1154,2,0.616574,0.689067,632.323319
부모님,부모님,,4,688,1120,2,0.604242,0.672518,487.09732
대해,대해,,2,736,1214,2,0.613161,0.684554,710.303544
라고,라고,,4,812,1270,2,0.627834,0.703611,826.070278
현재,현재,,0,726,1046,2,0.611281,0.682046,550.147169
얼마,얼마,,0,684,1068,2,0.603511,0.671515,556.573801
겁니다,겁니다,,2,816,1242,2,0.628625,0.704614,927.804864
거기,거기,,3,538,854,2,0.577971,0.634905,286.772015
7,7,,3,810,1400,2,0.627439,0.703109,817.398059
주사,주사,,2,298,392,2,0.540379,0.574724,91.921605
밖에,밖에,,3,816,1294,2,0.628625,0.704614,899.244002
걸리다,걸리다,,0,740,1092,2,0.613916,0.685557,727.244305
2일,2일,,1,674,1024,2,0.60169,0.669007,517.533023
이구,이구,,1,682,1178,2,0.603146,0.671013,499.709876
조금씩,조금씩,,1,772,1284,2,0.620025,0.693581,677.518143
야하다,야하다,,1,688,1146,2,0.604242,0.672518,548.057702
늦다,늦다,,1,604,876,2,0.589243,0.651454,430.59041
휴지,휴지,,1,660,1080,2,0.599159,0.665496,430.046629
이유,이유,,0,752,1122,2,0.616193,0.688566,657.910257
",,",",,",,1,736,1198,2,0.613161,0.684554,603.028591
써다,써다,,1,780,1174,2,0.621571,0.695587,824.648283
차,차,,3,632,924,2,0.59416,0.658475,366.161451
살짝,살짝,,3,692,1076,2,0.604976,0.673521,569.847286
해보다,해보다,,1,604,926,2,0.589243,0.651454,447.89018
물,물,,1,802,1342,2,0.625863,0.701103,740.353417
보고,보고,,0,770,1202,2,0.61964,0.693079,752.53715
갈다,갈다,,1,774,1296,2,0.620411,0.694082,653.240022
입다,입다,,3,660,1030,2,0.599159,0.665496,556.249815
안나,안나,,1,742,1218,2,0.614295,0.686058,586.131556
쪽,쪽,,0,760,1144,2,0.61772,0.690572,677.438757
와,와,,2,856,1424,2,0.636654,0.714644,942.382732
만약,만약,,0,810,1372,2,0.627439,0.703109,762.731771
지,지,,0,944,1516,2,0.655059,0.73671,1109.506923
데,데,,0,568,976,2,0.583041,0.642427,364.704089
줄다,줄다,,1,774,1262,2,0.620411,0.694082,698.49993
글,글,,4,826,1352,2,0.630614,0.707121,873.882246
아침,아침,,1,708,1202,2,0.607927,0.677533,532.446318
다니다,다니다,,0,824,1204,2,0.630215,0.70662,832.394406
임신,임신,,0,602,854,2,0.588895,0.650953,347.110937
예정일,예정일,,1,396,578,2,0.555122,0.599298,188.433652
오른쪽,오른쪽,,4,392,634,2,0.554505,0.598295,159.156155
병,병,,1,460,748,2,0.565193,0.615346,204.680687
통증,통증,,2,644,962,2,0.596292,0.661484,455.651416
잘,잘,,0,730,1114,2,0.612032,0.683049,622.066976
심각하다,심각하다,,0,700,1102,2,0.606448,0.675527,551.583269
그게,그게,,0,712,1130,2,0.608669,0.678536,588.57869
빨갛다,빨갛다,,1,376,502,2,0.552049,0.594283,143.34402
노란색,노란색,,1,480,796,2,0.568415,0.620361,238.725764
하얀색,하얀색,,1,480,752,2,0.568415,0.620361,196.013115
꼭,꼭,,0,600,898,2,0.588548,0.650451,454.665626
9월,9월,,1,520,802,2,0.574971,0.630391,270.456215
살이,살이,,0,658,922,2,0.598799,0.664995,482.830513
수술,수술,,0,640,856,2,0.595579,0.660481,426.380231
자궁경부암,자궁경부암,,2,264,326,2,0.535446,0.566199,63.192668
제발,제발,,2,630,952,2,0.593806,0.657974,464.399087
불편하다,불편하다,,2,642,906,2,0.595935,0.660983,381.653132
니,니,,0,652,908,2,0.597722,0.66349,518.03099
투명하다,투명하다,,1,556,904,2,0.581002,0.639418,254.537908
하루,하루,,0,678,1032,2,0.602417,0.67001,546.824493
시,시,,2,726,1102,2,0.611281,0.682046,595.749512
아빠,아빠,,0,596,980,2,0.587854,0.649448,394.125755
첫,첫,,1,594,942,2,0.587507,0.648947,344.353211
1월,1월,,1,448,592,2,0.563277,0.612337,144.512553
달다,달다,,2,808,1284,2,0.627044,0.702608,730.431688
아랫,아랫,,2,562,848,2,0.58202,0.640923,282.463025
이후,이후,,0,794,1262,2,0.624296,0.699097,728.84753
시간,시간,,0,822,1264,2,0.629817,0.706118,712.536435
가끔,가끔,,2,674,948,2,0.60169,0.669007,484.779118
고요,고요,,3,660,926,2,0.599159,0.665496,471.055145
말다,말다,,0,792,1238,2,0.623905,0.698596,755.079141
집,집,,0,612,1010,2,0.59064,0.65346,475.802285
참고,참고,,1,626,952,2,0.593099,0.656971,434.603495
알,알,,0,660,998,2,0.599159,0.665496,424.873295
이라,이라,,1,848,1418,2,0.635032,0.712638,785.902763
3월,3월,,1,676,1154,2,0.602053,0.669509,460.98316
불규칙하다,불규칙하다,,1,602,1022,2,0.588895,0.650953,386.511723
4월,4월,,1,448,686,2,0.563277,0.612337,181.772169
지다,지다,,2,758,1100,2,0.617337,0.69007,694.842822
일단,일단,,1,620,930,2,0.592043,0.655466,388.80497
12,12,,1,628,878,2,0.593452,0.657472,478.612107
남학생,남학생,,0,576,918,2,0.584408,0.644433,458.146037
어느,어느,,2,572,768,2,0.583724,0.64343,351.805557
투명,투명,,1,376,790,2,0.552049,0.594283,133.930856
분,분,,2,808,1218,2,0.627044,0.702608,771.903925
자연,자연,,2,168,220,2,0.52199,0.542126,24.86271
운동,운동,,0,616,970,2,0.59134,0.654463,470.542528
어리다,어리다,,0,684,1050,2,0.603511,0.671515,598.733231
라,라,,0,692,970,2,0.604976,0.673521,610.310088
정확하다,정확하다,,1,652,910,2,0.597722,0.66349,455.460382
작,작,,3,638,986,2,0.595224,0.65998,511.654493
다르다,다르다,,4,648,1002,2,0.597006,0.662487,448.38021
어,어,,1,542,762,2,0.578642,0.635908,293.397997
얘기,얘기,,4,720,1122,2,0.610159,0.680542,634.265378
5일,5일,,1,468,772,2,0.566477,0.617352,232.153377
성장,성장,,3,444,730,2,0.562641,0.611334,190.21641
내일,내일,,3,426,578,2,0.559798,0.60682,191.150487
자주,자주,,2,714,972,2,0.609041,0.679037,522.659778
평소,평소,,1,612,922,2,0.59064,0.65346,359.428235
피임,피임,,0,332,410,2,0.545405,0.58325,102.685591
마다,마다,,0,812,1216,2,0.627834,0.703611,793.1911
따갑다,따갑다,,0,524,680,2,0.575635,0.631394,295.592474
등,등,,0,748,1092,2,0.615432,0.687563,612.892035
불순,불순,,0,582,818,2,0.585437,0.645938,294.721017
ㅠㅜ,ㅠㅜ,,1,488,718,2,0.569714,0.622367,227.233329
ㅜㅠ,ㅜㅠ,,1,396,512,2,0.555122,0.599298,210.835376
불규칙,불규칙,,1,458,696,2,0.564873,0.614845,219.363852
곳,곳,,0,744,1066,2,0.614673,0.68656,719.056129
???,???,,3,508,700,2,0.572989,0.627382,254.12602
기도,기도,,4,596,910,2,0.587854,0.649448,440.82424
경우,경우,,2,584,808,2,0.585781,0.646439,385.617298
가보다,가보다,,1,482,734,2,0.568739,0.620863,209.710755
하나,하나,,3,552,766,2,0.580326,0.638415,435.937367
그거,그거,,1,620,908,2,0.592043,0.655466,381.644152
보이다,보이다,,2,664,924,2,0.59988,0.666499,489.552884
새다,새다,,2,422,578,2,0.55917,0.605817,157.234382
분비물,분비물,,1,468,702,2,0.566477,0.617352,181.736652
편이,편이,,3,568,912,2,0.583041,0.642427,388.369663
그것,그것,,1,492,872,2,0.570366,0.62337,242.514187
나서다,나서다,,0,740,1138,2,0.613916,0.685557,614.474099
옆,옆,,0,452,564,2,0.563914,0.61334,307.438032
아직도,아직도,,2,658,978,2,0.598799,0.664995,560.116134
징,징,,3,452,620,2,0.563914,0.61334,161.705201
마지막,마지막,,2,704,1018,2,0.607186,0.67653,572.165741
그때,그때,,0,726,1084,2,0.611281,0.682046,504.61819
끈,끈,,1,372,578,2,0.551438,0.59328,105.148072
잇다,잇다,,3,376,504,2,0.552049,0.594283,129.493118
10,10,,0,818,1170,2,0.629022,0.705115,829.369392
께,께,,4,658,1068,2,0.598799,0.664995,461.937446
가야,가야,,0,490,652,2,0.57004,0.622869,229.263805
성관계,성관계,,0,538,732,2,0.577971,0.634905,334.379683
다음,다음,,0,590,856,2,0.586816,0.647944,326.243485
올라가다,올라가다,,2,654,896,2,0.59808,0.663992,457.627783
기간,기간,,1,534,718,2,0.577302,0.633902,318.078033
쯤에,쯤에,,0,386,574,2,0.553581,0.59679,140.0451
두렵다,두렵다,,3,544,792,2,0.578978,0.636409,234.704777
자라다,자라다,,3,386,532,2,0.553581,0.59679,127.495025
나가다,나가다,,0,568,778,2,0.583041,0.642427,316.62422
도와주다,도와주다,,2,592,878,2,0.587161,0.648445,371.342592
주변,주변,,0,576,822,2,0.584408,0.644433,324.472949
뭔,뭔,,2,542,766,2,0.578642,0.635908,337.066639
!!,!!,,3,594,884,2,0.587507,0.648947,336.441689
구멍,구멍,,2,312,362,2,0.542437,0.578235,73.602138
땐,땐,,0,736,1026,2,0.613161,0.684554,611.652676
찝찝하다,찝찝하다,,2,424,618,2,0.559484,0.606319,168.241538
나중,나중,,0,596,830,2,0.587854,0.649448,365.741827
일찍,일찍,,1,444,598,2,0.562641,0.611334,248.02993
뭘,뭘,,4,416,594,2,0.558231,0.604313,133.032444
그렇게,그렇게,,0,698,1016,2,0.606079,0.675025,521.442588
12월,12월,,1,474,674,2,0.567445,0.618857,175.04172
달에,달에,,1,450,650,2,0.563595,0.612839,220.472444
6월,6월,,1,514,772,2,0.573978,0.628887,255.801811
완전,완전,,1,444,594,2,0.562641,0.611334,187.892623
이라고,이라고,,2,690,910,2,0.604609,0.673019,451.620625
까지는,까지는,,0,584,880,2,0.585781,0.646439,398.004836
호르몬,호르몬,,0,548,706,2,0.579651,0.637412,262.13392
초등학생,초등학생,,0,440,546,2,0.562007,0.610331,201.165315
저만,저만,,0,646,908,2,0.596649,0.661986,444.752253
소음순,소음순,,0,360,412,2,0.549614,0.590271,80.215978
밑,밑,,0,360,516,2,0.549614,0.590271,116.137545
워,워,,0,408,502,2,0.556983,0.602307,156.099254
누르다,누르다,,2,572,836,2,0.583724,0.64343,343.811685
차다,차다,,0,656,942,2,0.598439,0.664493,501.316306
성욕,성욕,,0,316,358,2,0.543028,0.579238,93.853359
젖다,젖다,,1,344,484,2,0.547201,0.586259,81.233589
예요,예요,,0,474,606,2,0.567445,0.618857,251.739385
어디,어디,,2,464,626,2,0.565834,0.616349,253.477776
앉다,앉다,,2,672,916,2,0.601327,0.668506,466.242678
아주,아주,,1,516,712,2,0.574309,0.629388,266.086139
팬티라이너,팬티라이너,,1,474,684,2,0.567445,0.618857,198.641296
5월,5월,,1,462,672,2,0.565513,0.615848,213.152976
치다,치다,,0,596,802,2,0.587854,0.649448,346.458465
검사,검사,,2,586,816,2,0.586126,0.646941,301.85126
하얗다,하얗다,,1,444,632,2,0.562641,0.611334,156.32793
일어나다,일어나다,,2,558,828,2,0.581341,0.63992,266.280744
24일,24일,,1,404,528,2,0.556362,0.601304,128.510675
.....,.....,,3,410,560,2,0.557295,0.602808,156.421792
160,160,,0,582,966,2,0.585437,0.645938,340.17226
자세하다,자세하다,,3,562,802,2,0.58202,0.640923,275.06897
심해지다,심해지다,,2,612,826,2,0.59064,0.65346,323.219667
가면,가면,,0,620,820,2,0.592043,0.655466,369.218567
기,기,,0,504,640,2,0.572331,0.626379,228.902596
부탁,부탁,,1,402,562,2,0.556051,0.600802,157.219731
줄,줄,,0,554,810,2,0.580664,0.638917,321.146896
치료,치료,,1,438,604,2,0.56169,0.609829,179.619227
흰색,흰색,,1,456,646,2,0.564553,0.614343,183.81514
10월,10월,,1,406,600,2,0.556672,0.601805,151.684529
죽다,죽다,,2,410,508,2,0.557295,0.602808,150.77578
너,너,,0,698,1022,2,0.606079,0.675025,490.604324
제대로,제대로,,0,580,836,2,0.585094,0.645436,354.610706
감사하다,감사하다,,1,594,850,2,0.587507,0.648947,342.285183
들어서다,들어서다,,0,612,816,2,0.59064,0.65346,367.604329
자꾸,자꾸,,2,446,578,2,0.562959,0.611836,150.713721
항상,항상,,0,568,740,2,0.583041,0.642427,311.476089
일이,일이,,0,550,714,2,0.579988,0.637914,322.53683
말고,말고,,3,518,706,2,0.57464,0.62989,243.639491
물질,물질,,1,312,392,2,0.542437,0.578235,58.848979
재,재,,4,514,672,2,0.573978,0.628887,234.532
거들다,거들다,,2,546,742,2,0.579314,0.636911,306.085289
이건,이건,,3,562,744,2,0.58202,0.640923,319.505209
피다,피다,,1,398,664,2,0.555432,0.599799,160.388075
많아지다,많아지다,,1,268,556,2,0.536022,0.567202,57.07046
25일,25일,,1,408,606,2,0.556983,0.602307,151.245826
1일,1일,,4,434,652,2,0.561058,0.608826,167.081568
덩어리,덩어리,,1,392,588,2,0.554505,0.598295,134.107247
자궁,자궁,,2,354,460,2,0.548707,0.588766,102.969163
맨날,맨날,,0,566,750,2,0.5827,0.641926,361.565259
올리다,올리다,,2,624,852,2,0.592747,0.656469,375.354036
햇,햇,,3,446,570,2,0.562959,0.611836,173.283238
도움,도움,,0,592,884,2,0.587161,0.648445,412.29753
아예,아예,,3,432,542,2,0.560742,0.608325,220.559241
벌리다,벌리다,,2,272,296,2,0.536598,0.568205,37.878115
2년,2년,,1,428,574,2,0.560112,0.607322,167.073089
편,편,,2,532,734,2,0.576968,0.6334,260.705749
붙다,붙다,,3,400,514,2,0.555741,0.600301,154.277628
나요,나요,,1,426,542,2,0.559798,0.60682,173.059733
무엇,무엇,,0,430,524,2,0.560427,0.607823,155.873438
액체,액체,,1,322,444,2,0.543917,0.580742,81.156738
혼자,혼자,,0,438,568,2,0.56169,0.609829,185.644125
아무,아무,,0,524,702,2,0.575635,0.631394,247.311174
관련,관련,,4,524,790,2,0.575635,0.631394,308.767059
신고,신고,,1,460,614,2,0.565193,0.615346,182.825321
뭐라다,뭐라다,,3,528,702,2,0.576301,0.632397,302.094591
뭍,뭍,,1,318,420,2,0.543324,0.579739,74.610597
사이,사이,,2,610,786,2,0.59029,0.652959,372.717646
오,오,,1,462,610,2,0.565513,0.615848,192.318406
딱,딱,,1,300,406,2,0.540672,0.575226,55.694977
라는,라는,,0,566,736,2,0.5827,0.641926,299.452265
섞이다,섞이다,,1,238,314,2,0.531733,0.559679,34.111573
컵,컵,,1,432,596,2,0.560742,0.608325,194.574736
?(,?(,,2,416,564,2,0.558231,0.604313,157.813259
오래,오래,,2,384,464,2,0.553274,0.596289,121.956724
수련,수련,,1,162,210,2,0.521171,0.540622,15.290405
몽우리,몽우리,,3,450,682,2,0.563595,0.612839,168.444746
얼굴,얼굴,,1,114,120,2,0.514713,0.528586,6.70677
여서,여서,,3,496,630,2,0.571019,0.624373,268.439772
우리,우리,,3,346,462,2,0.547501,0.58676,88.07587
오늘이,오늘이,,1,482,740,2,0.568739,0.620863,218.72458
샤워,샤워,,4,498,692,2,0.571347,0.624875,242.499731
된거,된거,,1,420,558,2,0.558857,0.605316,140.911055
바로,바로,,2,588,824,2,0.586471,0.647442,406.727301
싫다,싫다,,0,368,472,2,0.550829,0.592277,121.576891
하지만,하지만,,2,608,810,2,0.589941,0.652457,435.06731
찌다,찌다,,0,382,468,2,0.552967,0.595787,105.901129
외,외,,0,630,930,2,0.593806,0.657974,370.71154
최근,최근,,2,474,636,2,0.567445,0.618857,179.607866
바르다,바르다,,0,300,346,2,0.540672,0.575226,51.265048
수도,수도,,1,426,538,2,0.559798,0.60682,188.079865
잠,잠,,2,472,612,2,0.567122,0.618355,197.592335
양도,양도,,2,492,660,2,0.570366,0.62337,197.675684
처녀막,처녀막,,2,166,166,2,0.521716,0.541625,0
년,년,,0,570,762,2,0.583382,0.642929,321.255027
사실,사실,,2,598,764,2,0.588201,0.64995,354.139963
얼마나,얼마나,,0,472,576,2,0.567122,0.618355,202.445029
30,30,,3,434,538,2,0.561058,0.608826,214.442307
초등학교,초등학교,,0,486,654,2,0.569389,0.621866,244.514761
이면,이면,,1,488,630,2,0.569714,0.622367,194.040979
없이,없이,,0,480,610,2,0.568415,0.620361,196.986588
살다,살다,,0,418,542,2,0.558543,0.604814,151.938403
아깝다,아깝다,,1,446,574,2,0.562959,0.611836,196.53528
평균,평균,,1,460,614,2,0.565193,0.615346,205.137
건,건,,0,540,704,2,0.578306,0.635406,280.548964
색깔,색깔,,1,426,584,2,0.559798,0.60682,132.253047
언,언,,1,454,648,2,0.564233,0.613842,182.898027
...?,...?,,1,364,498,2,0.550221,0.591274,96.400752
로는,로는,,0,524,762,2,0.575635,0.631394,230.879607
양은,양은,,1,270,402,2,0.53631,0.567703,45.874433
80,80,,0,480,588,2,0.568415,0.620361,236.964643
관계,관계,,0,450,548,2,0.563595,0.612839,170.33419
목욕,목욕,,0,434,540,2,0.561058,0.608826,155.234678
4일,4일,,1,282,402,2,0.538046,0.570712,49.474902
7일,7일,,1,358,486,2,0.549311,0.589769,115.429825
벌써,벌써,,3,308,390,2,0.541848,0.577232,74.283043
자고,자고,,1,416,578,2,0.558231,0.604313,180.372105
겨털,겨털,,3,240,362,2,0.532017,0.560181,46.335094
새벽,새벽,,0,460,686,2,0.565193,0.615346,208.967568
노랑,노랑,,1,362,512,2,0.549917,0.590772,107.361342
11월,11월,,1,382,512,2,0.552967,0.595787,113.26152
규칙,규칙,,0,590,812,2,0.586816,0.647944,311.224265
액,액,,1,226,278,2,0.530037,0.55667,32.006249
찾아보다,찾아보다,,1,524,706,2,0.575635,0.631394,238.473024
조,조,,4,396,540,2,0.555122,0.599298,116.987328
비슷하다,비슷하다,,2,356,422,2,0.549009,0.589268,121.900956
싸다,싸다,,2,238,326,2,0.531733,0.559679,41.477884
세,세,,0,474,558,2,0.567445,0.618857,218.1874
10일,10일,,1,320,422,2,0.543621,0.580241,82.568279
기준,기준,,4,364,490,2,0.550221,0.591274,114.279931
별,별,,0,378,490,2,0.552355,0.594784,120.066922
8,8,,0,438,650,2,0.56169,0.609829,147.483703
남,남,,0,548,696,2,0.579651,0.637412,327.112368
음식,음식,,0,358,450,2,0.549311,0.589769,147.489234
20,20,,0,470,614,2,0.566799,0.617854,208.292376
자르다,자르다,,0,336,416,2,0.546002,0.584253,112.254969
50,50,,2,260,316,2,0.534871,0.565196,65.721933
앞,앞,,0,450,538,2,0.563595,0.612839,199.604184
놀다,놀다,,1,338,462,2,0.546301,0.584754,99.939766
덥다,덥다,,1,418,556,2,0.558543,0.604814,136.713766
중학교,중학교,,0,478,616,2,0.568091,0.61986,191.923014
무언가,무언가,,1,274,390,2,0.536887,0.568706,64.708755
후반,후반,,0,502,662,2,0.572002,0.625878,224.249383
전혀,전혀,,0,432,514,2,0.560742,0.608325,188.853
거리,거리,,2,382,476,2,0.552967,0.595787,100.372809
건지다,건지다,,1,392,554,2,0.554505,0.598295,118.663562
어떻,어떻,,2,310,388,2,0.542142,0.577733,93.793834
인거,인거,,3,298,358,2,0.540379,0.574724,78.29764
그러면,그러면,,3,324,434,2,0.544214,0.581244,102.512105
8일,8일,,1,396,496,2,0.555122,0.599298,121.140361
그랬는데,그랬는데,,0,574,734,2,0.584066,0.643932,335.110267
기다,기다,,0,568,784,2,0.583041,0.642427,287.456963
9,9,,0,506,744,2,0.572659,0.626881,220.339192
자,자,,0,514,638,2,0.573978,0.628887,223.280428
똑같다,똑같다,,3,378,496,2,0.552355,0.594784,125.321626
사람,사람,,0,422,486,2,0.55917,0.605817,181.305207
브라,브라,,3,312,402,2,0.542437,0.578235,99.515488
가능하다,가능하다,,0,268,310,2,0.536022,0.567202,53.397374
만에,만에,,0,376,492,2,0.552049,0.594283,119.894242
되게,되게,,3,424,546,2,0.559484,0.606319,162.683042
매일,매일,,1,308,400,2,0.541848,0.577232,60.24106
한데,한데,,4,384,510,2,0.553274,0.596289,115.287505
가도,가도,,0,328,382,2,0.544809,0.582247,79.261097
넘어가다,넘어가다,,0,520,648,2,0.574971,0.630391,298.38752
에게,에게,,0,516,650,2,0.574309,0.629388,272.930218
센티,센티,,0,362,440,2,0.549917,0.590772,116.805605
남다,남다,,2,306,376,2,0.541554,0.57673,94.848989
늘어나다,늘어나다,,0,308,366,2,0.541848,0.577232,63.322906
이라는,이라는,,0,384,544,2,0.553274,0.596289,128.11072
자기,자기,,3,352,396,2,0.548405,0.588265,99.033781
길이,길이,,0,310,352,2,0.542142,0.577733,85.023474
3~4,3~4,,2,448,616,2,0.563277,0.612337,170.331647
볼때,볼때,,2,208,240,2,0.527513,0.552156,33.436975
안쪽,안쪽,,2,284,314,2,0.538337,0.571214,74.44439
명,명,,0,254,280,2,0.534012,0.563691,52.687724
2019년,2019년,,1,330,422,2,0.545107,0.582748,88.347181
겨울방학,겨울방학,,2,342,430,2,0.546901,0.585757,102.278042
평범하다,평범하다,,4,402,530,2,0.556051,0.600802,139.453034
분들,분들,,1,536,752,2,0.577636,0.634403,234.721478
최대한,최대한,,3,308,400,2,0.541848,0.577232,94.814994
이라서,이라서,,1,418,522,2,0.558543,0.604814,186.13319
구,구,,0,420,504,2,0.558857,0.605316,176.097002
40,40,,3,286,382,2,0.538628,0.571715,57.363657
저녁,저녁,,2,498,640,2,0.571347,0.624875,242.25942
부위,부위,,2,308,360,2,0.541848,0.577232,77.855274
말씀드리다,말씀드리다,,1,462,620,2,0.565513,0.615848,183.950744
희다,희다,,1,264,342,2,0.535446,0.566199,48.669488
어떤,어떤,,0,300,416,2,0.540672,0.575226,61.505166
빼다,빼다,,0,560,714,2,0.58168,0.640421,309.424487
느끼다,느끼다,,0,492,600,2,0.570366,0.62337,229.092544
급하다,급하다,,1,300,354,2,0.540672,0.575226,82.756706
사진,사진,,1,240,290,2,0.532017,0.560181,48.773648
기분,기분,,0,440,534,2,0.562007,0.610331,245.324602
갈아입다,갈아입다,,0,496,724,2,0.571019,0.624373,196.239006
확실하다,확실하다,,2,600,774,2,0.588548,0.650451,304.869509
당황,당황,,1,312,382,2,0.542437,0.578235,70.36847
내다,내다,,2,498,626,2,0.571347,0.624875,236.170673
14,14,,0,310,394,2,0.542142,0.577733,95.651986
그래도,그래도,,0,518,642,2,0.57464,0.62989,266.086066
아이,아이,,0,148,152,2,0.519271,0.537111,7.822215
",,,",",,,",,2,372,452,2,0.551438,0.59328,109.35752
며칠,며칠,,0,468,578,2,0.566477,0.617352,225.13847
끼다,끼다,,0,394,482,2,0.554814,0.598796,145.553841
째다,째다,,1,360,498,2,0.549614,0.590271,110.833435
150,150,,3,300,410,2,0.540672,0.575226,75.598013
어쩌,어쩌,,1,332,446,2,0.545405,0.58325,82.381784
연고,연고,,0,308,344,2,0.541848,0.577232,53.851969
긁다,긁다,,1,276,314,2,0.537177,0.569208,54.22694
솔직하다,솔직하다,,0,454,530,2,0.564233,0.613842,184.206168
식,식,,1,328,416,2,0.544809,0.582247,75.476681
힘,힘,,2,340,420,2,0.546601,0.585256,70.313649
바지,바지,,3,442,552,2,0.562324,0.610832,170.273148
신,신,,2,192,266,2,0.52529,0.548144,28.394263
음,음,,0,384,454,2,0.553274,0.596289,126.571878
놀리다,놀리다,,0,288,320,2,0.538919,0.572217,115.391759
사춘기,사춘기,,0,326,376,2,0.544511,0.581745,105.737773
현상,현상,,0,546,664,2,0.579314,0.636911,289.123298
초딩,초딩,,0,386,450,2,0.553581,0.59679,160.971525
따르다,따르다,,0,346,420,2,0.547501,0.58676,94.070057
차갑다,차갑다,,0,326,422,2,0.544511,0.581745,103.591901
힘들다,힘들다,,2,552,706,2,0.580326,0.638415,265.488379
굳다,굳다,,1,266,338,2,0.535733,0.5667,50.333035
라서,라서,,3,222,300,2,0.529474,0.555667,37.575625
따다,따다,,0,422,518,2,0.55917,0.605817,137.361652
두다,두다,,1,396,486,2,0.555122,0.599298,123.212726
3년,3년,,0,316,390,2,0.543028,0.579238,114.360211
기억,기억,,2,480,572,2,0.568415,0.620361,155.998781
티,티,,3,262,316,2,0.535158,0.565697,63.623895
여기,여기,,1,308,374,2,0.541848,0.577232,96.832373
18일,18일,,1,342,398,2,0.546901,0.585757,88.433637
착용,착용,,1,246,338,2,0.53287,0.561685,34.480572
용,용,,3,422,554,2,0.55917,0.605817,143.347617
겨울,겨울,,1,266,346,2,0.535733,0.5667,61.506628
이미,이미,,0,448,596,2,0.563277,0.612337,187.962437
사다,사다,,1,278,370,2,0.537466,0.569709,63.690589
야,야,,0,510,666,2,0.573318,0.627884,283.045005
욕,욕,,0,226,302,2,0.530037,0.55667,43.589208
끝,끝,,1,338,432,2,0.546301,0.584754,72.682486
달이,달이,,1,302,394,2,0.540966,0.575727,63.854297
년도,년도,,1,246,328,2,0.53287,0.561685,37.127549
상처,상처,,1,260,306,2,0.534871,0.565196,69.024937
기다리다,기다리다,,0,448,516,2,0.563277,0.612337,152.601116
비다,비다,,0,388,500,2,0.553889,0.597292,136.749985
해결,해결,,0,440,498,2,0.562007,0.610331,170.870238
등등,등등,,0,380,520,2,0.552661,0.595286,108.027713
살때,살때,,0,412,488,2,0.557606,0.60331,164.710501
',',,0,150,154,2,0.519541,0.537613,22.032047
주위,주위,,1,336,402,2,0.546002,0.584253,81.171562
듯,듯,,1,236,292,2,0.53145,0.559178,33.352695
;;,;;,,1,396,492,2,0.555122,0.599298,138.735422
적도,적도,,1,426,540,2,0.559798,0.60682,172.163937
달부터,달부터,,1,210,460,2,0.527792,0.552658,30.994825
16,16,,2,262,310,2,0.535158,0.565697,54.930325
밤,밤,,2,318,368,2,0.543324,0.579739,103.708542
딸,딸,,0,236,368,2,0.53145,0.559178,41.310508
창피하다,창피하다,,3,328,378,2,0.544809,0.582247,90.910751
가만히,가만히,,2,282,332,2,0.538046,0.570712,66.001789
간,간,,2,510,612,2,0.573318,0.627884,263.811879
주일,주일,,1,258,318,2,0.534584,0.564694,35.151583
흐르다,흐르다,,1,334,420,2,0.545703,0.583751,71.265979
9일,9일,,1,276,384,2,0.537177,0.569208,49.064513
달동,달동,,1,192,244,2,0.52529,0.548144,22.217184
뛰다,뛰다,,1,374,466,2,0.551743,0.593781,79.423791
11,11,,1,366,442,2,0.550525,0.591775,88.348288
겨드랑이,겨드랑이,,3,276,328,2,0.537177,0.569208,57.517073
:,:,,1,268,328,2,0.536022,0.567202,55.721112
확인,확인,,1,320,412,2,0.543621,0.580241,82.966795
검색,검색,,1,270,348,2,0.53631,0.567703,49.45
덜,덜,,0,430,494,2,0.560427,0.607823,198.813427
형,형,,0,370,448,2,0.551133,0.592778,110.071724
목욕탕,목욕탕,,0,324,352,2,0.544214,0.581244,81.783212
냠냠,냠냠,,1,336,400,2,0.546002,0.584253,95.737525
어쩔,어쩔,,1,216,242,3,0.528352,0.553995,37.728993
부끄럽다,부끄럽다,,3,280,318,2,0.537756,0.570211,57.894209
상,상,,2,442,538,2,0.562324,0.610832,143.555261
볼일,볼일,,1,226,276,2,0.530037,0.55667,27.885146
반복,반복,,2,272,308,2,0.536598,0.568205,73.123156
나타나다,나타나다,,2,222,256,2,0.529474,0.555667,31.675491
끝내다,끝내다,,1,204,242,2,0.526956,0.551153,29.183848
155,155,,3,290,394,2,0.53921,0.572718,62.820325
23일,23일,,1,304,390,2,0.54126,0.576229,83.644817
머리,머리,,0,282,346,2,0.538046,0.570712,57.375917
버리다,버리다,,0,200,218,2,0.526399,0.55015,21.901525
길다,길다,,1,226,260,2,0.530037,0.55667,37.604056
몇번,몇번,,2,328,386,2,0.544809,0.582247,72.033239
예정,예정,,1,200,234,2,0.526399,0.55015,33.439072
발견,발견,,2,476,568,2,0.567768,0.619358,214.35279
물론,물론,,0,418,528,2,0.558543,0.604814,176.955959
채택,채택,,0,280,358,2,0.537756,0.570211,66.894313
11일,11일,,1,204,264,2,0.526956,0.551153,24.736986
이요,이요,,1,260,300,2,0.534871,0.565196,54.070723
찾다,찾다,,0,322,368,2,0.543917,0.580742,94.776711
예,예,,0,260,324,2,0.534871,0.565196,57.561429
..??,..??,,0,256,300,2,0.534298,0.564193,51.277984
에만,에만,,3,352,422,2,0.548405,0.588265,108.172771
결론,결론,,1,262,298,2,0.535158,0.565697,46.062628
방금,방금,,4,314,368,2,0.542733,0.578736,81.865323
손가락,손가락,,0,360,414,2,0.549614,0.590271,79.242337
대부분,대부분,,0,466,542,2,0.566156,0.616851,192.407766
말씀,말씀,,0,436,526,2,0.561374,0.609328,158.605676
지속,지속,,2,590,752,2,0.586816,0.647944,297.869886
별로,별로,,0,316,398,2,0.543028,0.579238,101.824522
새,새,,1,252,322,2,0.533726,0.56319,41.221496
지식인,지식인,,1,348,434,2,0.547802,0.587262,93.191648
스럽다,스럽다,,3,316,382,2,0.543028,0.579238,75.935249
지고,지고,,2,400,454,2,0.555741,0.600301,140.591291
소리,소리,,1,362,454,2,0.549917,0.590772,106.073117
일수,일수,,1,318,376,2,0.543324,0.579739,86.241512
ㄴ,ㄴ,,0,172,210,2,0.522537,0.543129,10.960145
오르다,오르다,,2,176,186,2,0.523085,0.544132,23.912888
옷,옷,,0,314,344,2,0.542733,0.578736,111.493669
여행,여행,,0,266,338,2,0.535733,0.5667,59.722972
돌리다,돌리다,,2,180,218,2,0.523634,0.545135,25.94497
?..,?..,,3,268,318,2,0.536022,0.567202,52.898887
여친,여친,,0,176,176,2,0.523085,0.544132,14.486675
잡히다,잡히다,,3,212,250,2,0.528072,0.553159,29.173386
수요일,수요일,,1,202,256,2,0.526677,0.550652,39.739838
없어지다,없어지다,,4,286,360,2,0.538628,0.571715,65.365009
+,+,,4,336,418,2,0.546002,0.584253,80.672187
비뇨기,비뇨기,,0,128,136,2,0.51658,0.532096,11.064733
네,네,,0,304,324,2,0.54126,0.576229,98.966582
좋아지다,좋아지다,,2,230,240,2,0.530601,0.557673,19.883523
줄이다,줄이다,,2,256,286,2,0.534298,0.564193,46.413735
한다는,한다는,,1,222,270,2,0.529474,0.555667,41.173147
삽입,삽입,,0,278,332,2,0.537466,0.569709,48.561662
중딩,중딩,,0,308,346,2,0.541848,0.577232,78.800507
미루다,미루다,,1,208,272,2,0.527513,0.552156,30.507886
사용,사용,,0,354,414,2,0.548707,0.588766,98.906177
̆̈,̆̈,,3,82,90,2,0.510497,0.520562,1.942422
선물,선물,,0,106,110,2,0.513653,0.52658,3.177027
가르치다,가르치다,,0,164,178,2,0.521444,0.541123,15.550747
나기,나기,,3,214,264,2,0.528352,0.553661,40.679385
90,90,,2,260,288,2,0.534871,0.565196,62.924066
커서,커서,,0,238,282,2,0.531733,0.559679,47.189105
그러다가,그러다가,,0,412,470,2,0.557606,0.60331,147.64461
거나,거나,,0,338,368,2,0.546301,0.584754,117.045475
70,70,,0,276,328,2,0.537177,0.569208,63.635855
가능성,가능성,,0,316,342,2,0.543028,0.579238,98.280374
마르다,마르다,,0,424,506,2,0.559484,0.606319,144.182507
짜다,짜다,,0,252,274,2,0.533726,0.56319,51.574152
자라나다,자라나다,,3,78,96,3,0.509714,0.519392,4.714139
난,난,,0,394,444,2,0.554814,0.598796,161.388958
지는,지는,,2,376,464,2,0.552049,0.594283,107.596695
방,방,,0,236,254,2,0.53145,0.559178,37.043574
래,래,,1,240,288,2,0.532017,0.560181,48.324197
울다,울다,,1,290,368,2,0.53921,0.572718,59.673426
여름,여름,,1,276,328,2,0.537177,0.569208,75.074017
대충,대충,,0,276,338,2,0.537177,0.569208,51.266045
방학,방학,,1,336,396,2,0.546002,0.584253,80.58815
축축하다,축축하다,,1,318,444,2,0.543324,0.579739,44.125947
변하다,변하다,,1,326,392,2,0.544511,0.581745,71.455242
까진,까진,,1,80,108,3,0.509974,0.519893,3.334791
가지,가지,,1,272,330,2,0.536598,0.568205,51.687239
ㅏ,ㅏ,,2,162,176,2,0.521171,0.540622,15.265253
학기,학기,,1,150,172,2,0.519541,0.537613,8.760327
법좀,법좀,,0,248,358,2,0.533155,0.562187,51.236054
키도,키도,,3,214,272,2,0.528352,0.553661,33.042199
작고,작고,,3,254,326,2,0.534012,0.563691,41.260241
단계,단계,,1,194,254,2,0.525567,0.548646,22.310334
께서,께서,,0,378,438,2,0.552355,0.594784,79.610164
회,회,,1,108,152,2,0.513918,0.527081,5.648075
심해,심해,,3,212,240,2,0.528072,0.553159,30.484799
20일,20일,,1,238,300,2,0.531733,0.559679,41.825487
15일,15일,,1,188,242,2,0.524737,0.547141,22.700799
깔다,깔다,,0,350,438,2,0.548103,0.587763,100.962392
모두,모두,,0,394,474,2,0.554814,0.598796,119.646159
답,답,,3,188,218,2,0.524737,0.547141,34.493337
다음주,다음주,,1,204,248,2,0.526956,0.551153,31.661108
피부,피부,,1,282,326,2,0.538046,0.570712,63.74016
설명,설명,,3,168,208,2,0.52199,0.542126,16.531874
추석,추석,,1,220,250,2,0.529193,0.555165,19.310509
기본,기본,,1,352,414,2,0.548405,0.588265,108.236485
보기,보기,,0,302,340,2,0.540966,0.575727,87.685639
그렇다고,그렇다고,,3,212,234,2,0.528072,0.553159,35.326169
가기,가기,,0,260,314,2,0.534871,0.565196,49.833771
느리다,느리다,,1,162,194,2,0.521171,0.540622,11.744466
초반,초반,,0,484,572,2,0.569064,0.621364,164.324938
에서는,에서는,,0,544,644,2,0.578978,0.636409,246.699199
다이어트,다이어트,,0,300,348,2,0.540672,0.575226,35.026918
늦어지다,늦어지다,,1,158,186,2,0.520627,0.539619,14.381441
나나,나나,,1,208,230,2,0.527513,0.552156,23.367201
가족,가족,,0,236,250,2,0.53145,0.559178,59.876451
마음,마음,,0,520,646,2,0.574971,0.630391,195.491805
전문가,전문가,,4,352,404,2,0.548405,0.588265,78.161273
시기,시기,,1,344,418,2,0.547201,0.586259,84.790133
연하다,연하다,,0,232,296,2,0.530884,0.558175,34.961715
진하다,진하다,,1,232,302,2,0.530884,0.558175,28.034494
17,17,,0,404,478,2,0.556362,0.601304,116.397043
가까이,가까이,,0,472,574,2,0.567122,0.618355,191.027228
대신,대신,,1,148,198,3,0.519001,0.536944,8.495051
안보,안보,,3,262,302,2,0.535158,0.565697,54.595163
중학생,중학생,,0,160,168,2,0.520899,0.54012,21.011623
끈적끈적하다,끈적끈적하다,,1,190,230,3,0.524737,0.547476,20.654449
성의,성의,,0,294,404,2,0.539794,0.573721,94.958432
비비다,비비다,,0,166,240,2,0.521716,0.541625,21.52345
크게,크게,,3,176,192,2,0.523085,0.544132,25.015421
부다,부다,,3,184,244,2,0.524185,0.546138,30.833661
겁나다,겁나다,,4,228,310,2,0.530319,0.557172,35.222589
불안하다,불안하다,,1,216,254,2,0.528632,0.554162,29.571956
장난,장난,,3,266,308,2,0.535733,0.5667,67.769106
그다음,그다음,,1,98,318,3,0.512333,0.524407,5.323983
한적,한적,,0,192,226,2,0.52529,0.548144,25.375228
미치다,미치다,,2,320,404,2,0.543621,0.580241,85.552676
안좋다,안좋다,,0,302,360,2,0.540966,0.575727,89.362218
누나,누나,,0,244,270,2,0.532585,0.561184,50.261906
생일,생일,,2,240,258,2,0.532017,0.560181,41.124061
대한,대한,,0,346,392,2,0.547501,0.58676,79.827665
부정,부정,,1,234,262,2,0.531167,0.558676,17.519995
출혈,출혈,,1,234,262,2,0.531167,0.558676,17.519995
으로는,으로는,,0,358,414,2,0.549311,0.589769,85.80693
언니,언니,,1,320,376,2,0.543621,0.580241,84.053658
주전,주전,,1,202,262,2,0.526677,0.550652,22.823995
비정상,비정상,,3,242,278,2,0.532301,0.560682,44.523804
여성호르몬,여성호르몬,,3,186,228,2,0.524461,0.54664,32.53051
줄어들다,줄어들다,,1,200,258,2,0.526399,0.55015,20.901712
허리,허리,,0,244,286,2,0.532585,0.561184,42.834407
까지도,까지도,,0,394,450,2,0.554814,0.598796,111.186823
29일,29일,,1,304,352,2,0.54126,0.576229,59.082891
수영,수영,,1,120,132,2,0.515512,0.53009,4.421558
빠지다,빠지다,,0,388,446,2,0.553889,0.597292,124.710709
몽,몽,,3,190,232,2,0.525013,0.547643,18.912736
물놀이,물놀이,,1,192,224,2,0.52529,0.548144,33.913508
ㅠㅠㅠㅠ,ㅠㅠㅠㅠ,,0,270,314,2,0.53631,0.567703,58.072468
진,진,,1,230,296,2,0.530601,0.557673,33.734208
똥,똥,,1,268,384,2,0.536022,0.567202,48.237431
키크,키크,,0,190,306,2,0.525013,0.547643,20.042195
가렵,가렵,,0,300,328,2,0.540672,0.575226,82.546318
한쪽,한쪽,,3,264,304,2,0.535446,0.566199,49.263194
찔끔,찔끔,,1,202,234,2,0.526677,0.550652,20.792734
남기다,남기다,,3,288,318,2,0.538919,0.572217,69.745261
소,소,,2,530,608,2,0.576634,0.632899,211.301152
중이,중이,,3,268,320,2,0.536022,0.567202,41.195112
낫다,낫다,,0,232,254,2,0.530884,0.558175,38.239759
ㅇ,ㅇ,,0,260,278,2,0.534871,0.565196,54.13962
의사,의사,,0,396,480,2,0.555122,0.599298,110.182893
뚱뚱하다,뚱뚱하다,,0,158,170,2,0.520627,0.539619,16.248015
키로,키로,,0,174,200,2,0.522811,0.543631,20.599503
인터넷,인터넷,,0,320,358,2,0.543621,0.580241,95.939875
!),!),,2,160,178,3,0.520627,0.539953,16.541188
찌르다,찌르다,,1,238,286,2,0.531733,0.559679,29.0914
건강,건강,,2,252,278,2,0.533726,0.56319,24.425575
상황,상황,,2,224,234,2,0.529756,0.556169,36.767309
2018년,2018년,,0,242,280,2,0.532301,0.560682,32.446132
젠,젠,,0,318,354,2,0.543324,0.579739,79.007437
겉,겉,,2,168,196,2,0.52199,0.542126,17.966732
소량,소량,,1,136,166,2,0.517653,0.534102,13.493709
중간,중간,,4,276,302,2,0.537177,0.569208,61.991415
젖,젖,,1,274,322,2,0.536887,0.568706,37.747225
...??,...??,,1,212,262,2,0.528072,0.553159,14.29779
*,*,,1,232,262,2,0.530884,0.558175,29.790345
월요일,월요일,,1,120,134,2,0.515512,0.53009,13.957204
워터파크,워터파크,,1,92,120,3,0.511282,0.522735,5.676253
28일,28일,,1,154,196,2,0.520083,0.538616,18.783034
킬로,킬로,,0,290,326,2,0.53921,0.572718,41.590817
이틀,이틀,,1,174,196,2,0.522811,0.543631,15.74435
밥,밥,,0,212,250,2,0.528072,0.553159,29.862168
라면,라면,,1,178,212,2,0.52336,0.544634,15.511102
다녀오다,다녀오다,,1,140,146,2,0.518191,0.535105,12.542819
배란,배란,,1,88,94,3,0.510497,0.521565,2.908207
달전,달전,,0,164,272,2,0.521444,0.541123,12.788275
꽤,꽤,,2,336,362,2,0.546002,0.584253,85.912021
펴다,펴다,,0,180,220,2,0.523634,0.545135,24.607314
ㅠㅠㅠㅠㅠ,ㅠㅠㅠㅠㅠ,,1,208,244,2,0.527513,0.552156,18.058965
앱,앱,,0,260,276,2,0.534871,0.565196,40.721194
해봤다,해봤다,,0,242,270,2,0.532301,0.560682,47.663538
제일,제일,,2,360,388,2,0.549614,0.590271,85.79004
할머니,할머니,,1,228,248,2,0.530319,0.557172,29.159032
죄송하다,죄송하다,,1,352,402,2,0.548405,0.588265,72.573014
잘못,잘못,,1,198,222,2,0.526121,0.549649,18.436851
피색,피색,,1,112,118,3,0.514183,0.527917,2.002862
중반,중반,,0,340,378,2,0.546601,0.585256,95.371087
대,대,,0,272,398,2,0.536598,0.568205,61.444978
?),?),,2,194,240,2,0.525567,0.548646,28.065148
안다,안다,,2,242,280,2,0.532301,0.560682,48.745046
에서도,에서도,,0,328,388,2,0.544809,0.582247,85.318227
딱하다,딱하다,,0,370,450,2,0.551133,0.592778,90.114364
날짜,날짜,,1,192,230,2,0.52529,0.548144,28.748975
월,월,,1,192,218,2,0.52529,0.548144,25.540766
빨간색,빨간색,,1,192,224,2,0.52529,0.548144,23.845699
어머니,어머니,,0,378,446,2,0.552355,0.594784,77.730528
여러,여러,,0,320,352,2,0.543621,0.580241,66.399929
그러니까,그러니까,,0,482,570,2,0.568739,0.620863,211.291031
위해,위해,,0,380,420,2,0.552661,0.595286,96.550719
욥,욥,,1,148,162,2,0.519271,0.537111,13.129912
배다,배다,,1,284,342,2,0.538337,0.571214,43.203881
단,단,,0,240,262,2,0.532017,0.560181,47.445694
지만,지만,,0,324,362,2,0.544214,0.581244,76.169795
여자애,여자애,,0,288,322,2,0.538919,0.572217,63.628235
빨다,빨다,,3,298,344,2,0.540379,0.574724,52.354531
타다,타다,,4,102,110,2,0.513124,0.525577,8.944249
끼,끼,,1,260,308,2,0.534871,0.565196,45.374856
참다,참다,,2,334,380,2,0.545703,0.583751,68.1306
신경,신경,,2,440,528,2,0.562007,0.610331,127.13368
아무렇다,아무렇다,,2,424,502,2,0.559484,0.606319,132.630203
콧물,콧물,,1,174,210,3,0.522537,0.543464,8.442434
던데,던데,,1,264,304,2,0.535446,0.566199,37.400365
옆쪽,옆쪽,,2,152,184,2,0.519812,0.538114,14.672868
붉다,붉다,,1,186,232,2,0.524461,0.54664,16.693604
빛,빛,,1,276,358,2,0.537177,0.569208,35.322594
넣다,넣다,,2,298,334,2,0.540379,0.574724,66.996866
스치다,스치다,,0,106,120,2,0.513653,0.52658,7.24926
ㄱ,ㄱ,,0,220,226,2,0.529193,0.555165,24.234738
어른,어른,,0,346,378,2,0.547501,0.58676,80.497334
12시,12시,,1,212,232,2,0.528072,0.553159,33.325663
변화,변화,,0,202,250,2,0.526677,0.550652,30.378852
점,점,,1,226,250,2,0.530037,0.55667,29.672233
예전,예전,,0,346,402,2,0.547501,0.58676,99.018887
이라도,이라도,,1,230,252,2,0.530601,0.557673,40.672294
우유,우유,,3,268,318,2,0.536022,0.567202,33.211019
맨,맨,,0,182,278,2,0.52391,0.545637,27.11003
완전하다,완전하다,,2,324,370,2,0.544214,0.581244,80.770324
끊다,끊다,,3,230,260,2,0.530601,0.557673,38.373049
엇,엇,,2,222,242,2,0.529474,0.555667,40.534402
만큼,만큼,,1,174,194,2,0.522811,0.543631,16.887125
면서,면서,,0,430,500,2,0.560427,0.607823,156.243888
일어나서,일어나서,,2,306,366,2,0.541554,0.57673,63.612945
이야기,이야기,,0,294,332,2,0.539794,0.573721,65.247916
쭉,쭉,,2,352,410,2,0.548405,0.588265,88.443063
간격,간격,,2,336,400,2,0.546002,0.584253,75.029293
방울,방울,,2,344,416,2,0.547201,0.586259,64.280962
15,15,,3,180,210,2,0.523634,0.545135,30.937929
가게,가게,,1,132,150,2,0.517116,0.533099,9.516592
닿다,닿다,,2,332,374,2,0.545405,0.58325,100.75161
아래,아래,,1,246,272,2,0.53287,0.561685,39.015424
청소년,청소년,,0,144,152,2,0.51873,0.536108,17.404738
회때,회때,,1,90,122,2,0.511544,0.522568,3.010415
다가,다가,,2,246,280,2,0.53287,0.561685,49.356045
런가,런가,,0,240,264,2,0.532017,0.560181,34.574369
장기,장기,,3,138,150,2,0.517922,0.534604,7.455918
난뒤,난뒤,,1,54,270,3,0.506606,0.513373,0
지나가다,지나가다,,1,54,270,3,0.506606,0.513373,0
저가,저가,,3,230,260,2,0.530601,0.557673,24.984838
묽다,묽다,,1,98,132,3,0.51207,0.524239,2.268854
생존,생존,,1,120,132,2,0.515512,0.53009,4.421558
..),..),,1,200,210,2,0.526399,0.55015,29.756753
일요일,일요일,,1,108,138,2,0.513918,0.527081,8.714687
늦추다,늦추다,,1,90,94,2,0.511544,0.522568,3.902356
싸우다,싸우다,,0,158,210,2,0.520627,0.539619,14.904861
먼저,먼저,,0,338,380,2,0.546301,0.584754,93.274581
걍,걍,,0,226,254,2,0.530037,0.55667,30.319348
추천,추천,,0,200,232,2,0.526399,0.55015,22.341539
라도,라도,,0,282,308,2,0.538046,0.570712,64.305965
건너,건너,,1,280,340,2,0.537756,0.570211,31.456831
Q,Q,,1,154,168,2,0.520083,0.538616,10.153067
170,170,,0,214,268,2,0.528352,0.553661,37.955002
본적,본적,,0,194,270,2,0.525567,0.548646,16.517568
22일,22일,,1,230,280,2,0.530601,0.557673,24.640224
급성,급성,,3,110,118,2,0.514183,0.527583,1.856335
만나다,만나다,,0,304,328,2,0.54126,0.576229,68.859172
중순,중순,,1,192,214,2,0.52529,0.548144,23.243855
거든요,거든요,,2,152,164,3,0.519541,0.537947,18.817546
5~6,5~6,,3,60,74,3,0.507121,0.514711,2.511447
민망하다,민망하다,,0,188,204,2,0.524737,0.547141,19.938914
볼,볼,,2,308,338,2,0.541848,0.577232,54.806001
댓글,댓글,,1,138,148,2,0.517922,0.534604,16.886626
대다,대다,,3,118,120,3,0.514979,0.529422,7.265536
X,X,,3,142,148,2,0.518461,0.535607,14.098049
일정,일정,,0,164,174,2,0.521444,0.541123,23.139494
비만,비만,,0,190,196,2,0.525013,0.547643,22.088924
고등학교,고등학교,,0,260,284,2,0.534871,0.565196,52.783637
늘,늘,,0,216,228,2,0.528632,0.554162,36.382443
부작용,부작용,,0,198,208,2,0.526121,0.549649,36.564413
지난,지난,,1,178,190,3,0.523085,0.544467,26.671791
뒤쪽,뒤쪽,,2,208,238,2,0.527513,0.552156,35.997982
는걸,는걸,,1,210,216,2,0.527792,0.552658,33.275189
결국,결국,,0,302,336,2,0.540966,0.575727,48.081029
????,????,,1,242,262,2,0.532301,0.560682,20.892282
심장,심장,,0,284,316,2,0.538337,0.571214,59.645547
관,관,,3,248,268,2,0.533155,0.562187,36.42051
경전,경전,,1,210,252,2,0.527792,0.552658,15.650165
전이,전이,,1,240,254,2,0.532017,0.560181,30.07649
갈아,갈아,,1,240,272,2,0.532017,0.560181,24.478155
165,165,,3,98,112,2,0.512596,0.524574,8.332363
빨,빨,,1,122,138,3,0.515512,0.530425,5.12925
7시,7시,,2,350,416,2,0.548103,0.587763,78.440938
이네,이네,,1,184,202,2,0.524185,0.546138,15.730059
행동,행동,,0,140,154,2,0.518191,0.535105,8.286577
위로,위로,,3,222,232,2,0.529474,0.555667,19.569998
가르다,가르다,,0,220,230,2,0.529193,0.555165,29.167183
여드름,여드름,,3,178,182,2,0.52336,0.544634,22.075658
수영장,수영장,,0,298,318,2,0.540379,0.574724,70.079997
그대로,그대로,,2,334,354,2,0.545703,0.583751,72.571999
말고는,말고는,,0,278,300,2,0.537466,0.569709,55.97862
나쁘다,나쁘다,,0,228,254,2,0.530319,0.557172,41.293566
몰래,몰래,,0,178,200,2,0.52336,0.544634,14.223657
157,157,,3,146,174,2,0.519001,0.53661,16.02297
부턴,부턴,,0,198,216,2,0.526121,0.549649,17.936151
아무리,아무리,,0,282,310,2,0.538046,0.570712,53.445478
kg,kg,,0,352,396,2,0.548405,0.588265,85.808455
옅다,옅다,,1,236,280,2,0.53145,0.559178,37.888495
)-,)-,,1,184,202,2,0.524185,0.546138,25.087863
아픔,아픔,,2,256,292,2,0.534298,0.564193,48.016319
원,원,,2,200,240,2,0.526399,0.55015,37.916951
인대,인대,,3,72,86,2,0.509193,0.518054,2.729412
153,153,,3,224,264,2,0.529756,0.556169,29.206153
화요일,화요일,,1,146,168,2,0.519001,0.53661,7.73196
번갈아,번갈아,,1,182,212,2,0.52391,0.545637,18.030679
6시,6시,,2,146,150,2,0.519001,0.53661,11.043193
넘어서다,넘어서다,,0,272,292,2,0.536598,0.568205,50.502149
13일,13일,,1,242,278,2,0.532301,0.560682,39.036557
관리,관리,,1,154,168,2,0.520083,0.538616,10.071205
첫째,첫째,,1,180,220,3,0.52336,0.544968,19.939444
번째,번째,,1,164,192,2,0.521444,0.541123,11.419404
증후군,증후군,,0,292,330,2,0.539502,0.57322,48.207937
미성년,미성년,,0,290,314,2,0.53921,0.572718,29.867365
성인,성인,,0,378,436,2,0.552355,0.594784,88.608339
1~2,1~2,,0,364,400,2,0.550221,0.591274,102.096313
체질,체질,,0,246,264,2,0.53287,0.561685,24.489428
올라오다,올라오다,,0,294,322,2,0.539794,0.573721,43.71137
필요하다,필요하다,,0,232,240,2,0.530884,0.558175,23.15914
:),:),,0,354,396,2,0.548707,0.588766,93.289748
주시,주시,,3,240,270,2,0.532017,0.560181,34.704679
생,생,,3,148,172,2,0.519271,0.537111,13.072091
서다,서다,,2,236,274,2,0.53145,0.559178,28.620331
바꾸다,바꾸다,,1,254,284,2,0.534012,0.563691,30.654756
ㅋㅋ,ㅋㅋ,,1,200,208,2,0.526399,0.55015,14.953478
포경,포경,,2,658,1218,2,0.598799,0.664995,579.079609
발기,발기,,2,662,1154,2,0.599519,0.665998,619.137464
포경수술,포경수술,,2,570,916,2,0.583382,0.642929,425.829594
고추,고추,,3,354,554,2,0.548707,0.588766,158.736702
고환,고환,,4,318,548,2,0.543324,0.579739,97.407291
정액,정액,,2,490,678,2,0.57004,0.622869,217.140097
고추가,고추가,,3,198,316,2,0.526121,0.549649,41.73865
귀두,귀두,,2,496,722,2,0.571019,0.624373,280.504215
유두,유두,,3,116,140,2,0.514979,0.529087,15.427788
사정,사정,,2,368,452,2,0.550829,0.592277,108.076553
발기다,발기다,,3,186,242,2,0.524461,0.54664,45.503903
음경,음경,,3,294,368,2,0.539794,0.573721,109.448907
다리,다리,,2,376,454,2,0.552049,0.594283,143.237264
휴대폰,휴대폰,,2,124,166,3,0.515779,0.530926,2.989921
껍질,껍질,,2,258,310,2,0.534584,0.564694,66.248089
위,위,,2,458,604,2,0.564873,0.614845,163.303107
연하,연하,,0,142,142,2,0.518461,0.535607,0
야동,야동,,2,154,182,2,0.520083,0.538616,26.656346
놓다,놓다,,2,346,446,2,0.547501,0.58676,103.865147
쿠퍼액,쿠퍼액,,2,178,202,2,0.52336,0.544634,22.9006
꼬추,꼬추,,3,152,156,2,0.519812,0.538114,15.196789
볼록하다,볼록하다,,3,82,86,2,0.510497,0.520562,6.786798
처리,처리,,2,142,188,2,0.518461,0.535607,7.975477
요도,요도,,2,216,230,2,0.528632,0.554162,13.609643
비교,비교,,3,200,250,2,0.526399,0.55015,27.56286
좋아하다,좋아하다,,0,318,354,2,0.543324,0.579739,81.529757
뒷,뒷,,2,162,220,3,0.520899,0.540455,10.46194
작아지다,작아지다,,0,198,208,2,0.526121,0.549649,27.439917
염,염,,2,282,314,2,0.538046,0.570712,50.614036
인하다,인하다,,2,324,370,2,0.544214,0.581244,76.589594
걔,걔,,0,194,200,2,0.525567,0.548646,20.60213
문,문,,2,308,340,2,0.541848,0.577232,67.49267
변기,변기,,2,312,388,2,0.542437,0.578235,62.065779
바닥,바닥,,0,140,240,2,0.518191,0.535105,11.529591
현,현,,2,314,420,2,0.542733,0.578736,69.145102
염증,염증,,2,234,264,2,0.531167,0.558676,38.394888
적당하다,적당하다,,0,264,288,2,0.535446,0.566199,72.458565
지면,지면,,2,222,276,2,0.529474,0.555667,34.561816
젖히다,젖히다,,2,156,186,2,0.520355,0.539117,18.347937
쪽팔리다,쪽팔리다,,0,272,292,2,0.536598,0.568205,52.958434
표현,표현,,4,188,198,2,0.524737,0.547141,18.584487
왼쪽,왼쪽,,4,282,410,2,0.538046,0.570712,92.493888
노발,노발,,3,140,226,3,0.517922,0.534938,18.09679
키스,키스,,0,248,268,2,0.533155,0.562187,36.086582
풀,풀,,3,144,174,3,0.518461,0.535941,20.823105
184,184,,0,116,148,3,0.514713,0.52892,3.198372
감,감,,0,302,334,2,0.540966,0.575727,72.460592
애가,애가,,0,254,290,2,0.534012,0.563691,52.374309
마취,마취,,2,188,266,2,0.524737,0.547141,22.695494
포피,포피,,2,212,246,2,0.528072,0.553159,57.428132
부고환,부고환,,4,84,132,3,0.509974,0.520562,3.459225
고통,고통,,2,250,286,2,0.53344,0.562688,58.87976
진성,진성,,2,158,180,3,0.520355,0.539452,18.666494
일본뇌염,일본뇌염,,2,72,82,3,0.507896,0.517218,3.563947
벗기다,벗기다,,2,134,138,2,0.517385,0.533601,12.047706
센치,센치,,0,214,266,2,0.528352,0.553661,32.044808
풀발,풀발,,3,96,134,3,0.51207,0.523905,5.387265
지하철,지하철,,0,50,50,3,0.505578,0.512036,0
두껍다,두껍다,,0,162,166,2,0.521171,0.540622,32.762511
성희롱,성희롱,,0,48,48,3,0.503281,0.510197,0
