﻿id_review,caption,relative_date,retrieval_date,username,n_review_user,n_photo_user,url_user
ChdDSUhNMG9nS0VJQ0FnSUQ4cjcyNjd3RRAB,,3달 전,2020-11-10 20:31:40.481545,이철성,0,0,https://www.google.com/maps/contrib/104505080196317209388/reviews?hl=ko-KR
ChZDSUhNMG9nS0VJQ0FnSUM4ODh1ZEJ3EAE,처음 방문하는 사람들에겐 매우 힘든 구조입니다.,3달 전,2020-11-10 20:31:40.483536,Seungmin Shin,0,0,https://www.google.com/maps/contrib/111324176834165753567/reviews?hl=ko-KR
ChdDSUhNMG9nS0VJQ0FnSUM4MHJMWHZRRRAB,서울 한복판에 있는 소형 한옥공연장. 로비가1층 공연장은b2층 약간의 번거로움은 있지만  깨끗하고 깔끔한 작은 공연장.,4달 전,2020-11-10 20:31:40.485530,자기전궁달,0,0,https://www.google.com/maps/contrib/102830417869926489454/reviews?hl=ko-KR
ChZDSUhNMG9nS0VJQ0FnSURzX05yQ2JnEAE,도심속 힐링공간~ 국악을 위한 전용공간이 있어서 좋습니다^^,8달 전,2020-11-10 20:31:40.487523,신제니,0,0,https://www.google.com/maps/contrib/107420788743748855332/reviews?hl=ko-KR
ChdDSUhNMG9nS0VJQ0FnSURzd0stVm5nRRAB,,8달 전,2020-11-10 20:31:40.488520,길위에서의 사색,0,0,https://www.google.com/maps/contrib/101784065466682529162/reviews?hl=ko-KR
ChZDSUhNMG9nS0VJQ0FnSUNzcjdqdUVnEAE,,8달 전,2020-11-10 20:31:40.490513,바코리,0,0,https://www.google.com/maps/contrib/113070144652812623493/reviews?hl=ko-KR
ChZDSUhNMG9nS0VJQ0FnSUNzeWNHeGF3EAE,,9달 전,2020-11-10 20:31:40.491509,박지혜,0,0,https://www.google.com/maps/contrib/109850822380614308553/reviews?hl=ko-KR
ChZDSUhNMG9nS0VJQ0FnSUNzcnRYc013EAE,"전통 음악의 메카로 부상 중인곳 판소리, 춤, 가야금 및 대금 등의 풍류가 주5일 이상 공연이 있는곳",9달 전,2020-11-10 20:31:40.493502,김병진,0,0,https://www.google.com/maps/contrib/117971077239958060236/reviews?hl=ko-KR
ChdDSUhNMG9nS0VJQ0FnSUNzd282MnZ3RRAB,멋진 공연장과 멋진 공연이 있는곳.,9달 전,2020-11-10 20:31:40.496590,Donggi Youn,0,0,https://www.google.com/maps/contrib/104473833285253708078/reviews?hl=ko-KR
ChZDSUhNMG9nS0VJQ0FnSURNM05peUpnEAE,소공연 가끔씩 이용하면 좋아요.,9달 전,2020-11-10 20:31:40.497591,장창현,0,0,https://www.google.com/maps/contrib/101817257063149167995/reviews?hl=ko-KR
ChRDSUhNMG9nS0VJQ0FnSUNzd09KbRAB,국악 공연장인데 깨끗하고 아늑한게 참 좋습니다. 공연 보러 2번째 방문인데 다음 공연이 기대됩니다. 영화나 대학로 연극과는 구별되는 색다른 경험을 느껴보세요.,9달 전,2020-11-10 20:31:40.498747,DaeHyun Park,0,0,https://www.google.com/maps/contrib/113677284400680610947/reviews?hl=ko-KR
ChdDSUhNMG9nS0VJQ0FnSURNdjZpVDl3RRAB,지하에 멋진 무대가 있었네요. 좋은 공연 잘 봤습니다.,9달 전,2020-11-10 20:31:40.499243,ChangSik Kim,0,0,https://www.google.com/maps/contrib/105105838698969667433/reviews?hl=ko-KR
ChdDSUhNMG9nS0VJQ0FnSURNMy0ySXRBRRAB,,9달 전,2020-11-10 20:31:40.500246,황보영,0,0,https://www.google.com/maps/contrib/110126718139644963809/reviews?hl=ko-KR
ChZDSUhNMG9nS0VJQ0FnSURNcF9mX09nEAE,좌석도 넓고 좋습니다.,9달 전,2020-11-10 20:31:40.501243,yh j,0,0,https://www.google.com/maps/contrib/115322604854975993887/reviews?hl=ko-KR
ChZDSUhNMG9nS0VJQ0FnSURNeTVhVEpnEAE,조음,9달 전,2020-11-10 20:31:40.503237,양양난숙,0,0,https://www.google.com/maps/contrib/103262106290656029272/reviews?hl=ko-KR
ChdDSUhNMG9nS0VJQ0FnSURNbzVMTDdnRRAB,'당신의 팔자를 살리는 음악'공연보며 즐거운 저녁시간을 갖었어요.,9달 전,2020-11-10 20:31:40.504712,강미연,0,0,https://www.google.com/maps/contrib/115247235336020873835/reviews?hl=ko-KR
ChZDSUhNMG9nS0VJQ0FnSURNNmFmMlNBEAE,적로 공연 정말 감동깊게 보았어요. 19년 마지막 타임 공연이 운좋게 제 생일이었는데 감사히 잘 보았습니다. 배우분들 모두 흥하시길~♡,10달 전,2020-11-10 20:31:40.506339,신재용,0,0,https://www.google.com/maps/contrib/104461904641600450217/reviews?hl=ko-KR
ChdDSUhNMG9nS0VJQ0FnSURNZ2NfSW53RRAB,,10달 전,2020-11-10 20:31:40.508109,JS L,0,0,https://www.google.com/maps/contrib/100192113976340937449/reviews?hl=ko-KR
ChdDSUhNMG9nS0VJQ0FnSURNMXE2WHNnRRAB,다시 가고싶은 곳,10달 전,2020-11-10 20:31:40.510051,포포송송,0,0,https://www.google.com/maps/contrib/108714454220244212093/reviews?hl=ko-KR
ChZDSUhNMG9nS0VJQ0FnSURNNnZIM2V3EAE,,10달 전,2020-11-10 20:31:40.512046,Hoon's Piano,0,0,https://www.google.com/maps/contrib/111213932904928448576/reviews?hl=ko-KR
ChZDSUhNMG9nS0VJQ0FnSURNaXItS1ZREAE,,10달 전,2020-11-10 20:31:47.198881,조용태,0,0,https://www.google.com/maps/contrib/102555569498150811892/reviews?hl=ko-KR
ChZDSUhNMG9nS0VJQ0FnSURNOHFYQ1B3EAE,,10달 전,2020-11-10 20:31:47.198881,Van Muxic,0,0,https://www.google.com/maps/contrib/103751961493520774778/reviews?hl=ko-KR
ChZDSUhNMG9nS0VJQ0FnSURNb3Ezd0RREAE,적로 공연 잘 보았습니다 올해로3년차 라 하네요 마지막공연이라해서 아쉽네요,10달 전,2020-11-10 20:31:47.200954,정똘방구원안나,0,0,https://www.google.com/maps/contrib/103586407611915492060/reviews?hl=ko-KR
ChdDSUhNMG9nS0VJQ0FnSURNM0lmQ2l3RRAB,음악극은 처음인데 생각외로 좋았습니다.,10달 전,2020-11-10 20:31:47.202003,박상협,0,0,https://www.google.com/maps/contrib/108298526135255093873/reviews?hl=ko-KR
ChZDSUhNMG9nS0VJQ0FnSURNN05XYkt3EAE,문화적 체험을 하기 좋은 장소. 감동을 받을 수 있는 곳,10달 전,2020-11-10 20:31:47.203134,홍홍,0,0,https://www.google.com/maps/contrib/101459575026535941671/reviews?hl=ko-KR
ChdDSUhNMG9nS0VJQ0FnSURNN09YbDBBRRAB,좋은 공연장입니다,10달 전,2020-11-10 20:31:47.203818,배성원,0,0,https://www.google.com/maps/contrib/106791076038341239183/reviews?hl=ko-KR
ChdDSUhNMG9nS0VJQ0FnSURNakxEWTRnRRAB,,10달 전,2020-11-10 20:31:47.204892,허남춘,0,0,https://www.google.com/maps/contrib/109307325207074384783/reviews?hl=ko-KR
ChdDSUhNMG9nS0VJQ0FnSURNNUpUM21BRRAB,,10달 전,2020-11-10 20:31:47.206582,안산항아리,0,0,https://www.google.com/maps/contrib/104565325171831333800/reviews?hl=ko-KR
ChdDSUhNMG9nS0VJQ0FnSUNZdkoyOGdnRRAB,볼거리 즐길거리가 많습니다 어여들오셔요~~,10달 전,2020-11-10 20:31:47.207739,Mi kyung Kim,0,0,https://www.google.com/maps/contrib/109181483268229002033/reviews?hl=ko-KR
ChdDSUhNMG9nS0VJQ0FnSUNNcjRDVHV3RRAB,,10달 전,2020-11-10 20:31:47.208745,J Lauren,0,0,https://www.google.com/maps/contrib/117261797115840526948/reviews?hl=ko-KR
ChdDSUhNMG9nS0VJQ0FnSUNNZ1pDZnNnRRAB,깨끗한 내외부. 좋은 음향 시설,11달 전,2020-11-10 20:31:54.111630,NURI LEE,0,0,https://www.google.com/maps/contrib/118195939777959666985/reviews?hl=ko-KR
ChZDSUhNMG9nS0VJQ0FnSUQwbllHcmRREAE,"(Google 번역 제공) 예술의 전당, 예기치 않은 수확  (원문) 藝術的殿堂，意外的收穫",11달 전,2020-11-10 20:31:54.112658,張安琪,0,0,https://www.google.com/maps/contrib/114646716549175448525/reviews?hl=ko-KR
ChZDSUhNMG9nS0VJQ0FnSUQwX3NTSkZ3EAE,아름다운 공연장이네요,1년 전,2020-11-10 20:31:54.114655,혜선이,0,0,https://www.google.com/maps/contrib/115492830258038270677/reviews?hl=ko-KR
ChdDSUhNMG9nS0VJQ0FnSUMwbjdHcTdnRRAB,시설 훌륭하고 위치도 좋아요 한국악 사랑~,1년 전,2020-11-10 20:31:54.116645,Youngkeun Kim,0,0,https://www.google.com/maps/contrib/105519072823858419232/reviews?hl=ko-KR
ChdDSUhNMG9nS0VJQ0FnSUMwMThUay13RRAB,직원들이 친절함.. 그런데 하수구 냄새가. .,1년 전,2020-11-10 20:31:54.118637,이지혜,0,0,https://www.google.com/maps/contrib/111478150398701273921/reviews?hl=ko-KR
ChdDSUhNMG9nS0VJQ0FnSUMwODdYbTRRRRAB,,1년 전,2020-11-10 20:31:54.119646,류재홍,0,0,https://www.google.com/maps/contrib/110970508461186139844/reviews?hl=ko-KR
ChdDSUhNMG9nS0VJQ0FnSUMwellpNnRBRRAB,,1년 전,2020-11-10 20:31:54.121680,Se-Young Choi,0,0,https://www.google.com/maps/contrib/107208485301201720627/reviews?hl=ko-KR
ChdDSUhNMG9nS0VJQ0FnSUMwbGZ2cXdRRRAB,많은 프로그램이 있어서 즐기기 정말 좋습니다,1년 전,2020-11-10 20:31:54.123667,Iclit _,0,0,https://www.google.com/maps/contrib/115686696822920158890/reviews?hl=ko-KR
ChdDSUhNMG9nS0VJQ0FnSUMweWEtSm5BRRAB,돈화문나들이 행사 신청으로 돈화문투어 및 공연을 보게 되었는데 마치 옛날로 돌아가서 그때의 인물을 길에서 만나 이야기를 나누는 투어가 참 재미 있고 또 투어 후 국악당에서 보게 된 국악공연도 신나고 열정적이었다 다음에 기회가 된다면 또 가고  싶은 곳이다,1년 전,2020-11-10 20:31:54.124617,이은주,0,0,https://www.google.com/maps/contrib/100384852155522127031/reviews?hl=ko-KR
ChdDSUhNMG9nS0VJQ0FnSUMwN3Z5emhBRRAB,,1년 전,2020-11-10 20:31:54.126612,Le vol de nuit,0,0,https://www.google.com/maps/contrib/103623906818526797248/reviews?hl=ko-KR
ChdDSUhNMG9nS0VJQ0FnSUMwanAtRnNBRRAB,,1년 전,2020-11-10 20:32:01.100743,김인호,0,0,https://www.google.com/maps/contrib/116643639184093309684/reviews?hl=ko-KR
ChdDSUhNMG9nS0VJQ0FnSUMwaW9MdjBRRRAB,작은 소규모 공간으로 문화를 즐기기에 적합한듯 함. 단지 대로변에 위치한터라 주차장과의 거리가 멀어 불편하니 대중교통을 이용하는게 좋을듯 함.,1년 전,2020-11-10 20:32:01.101809,Julie Kim.,0,0,https://www.google.com/maps/contrib/114189802331381728840/reviews?hl=ko-KR
ChZDSUhNMG9nS0VJQ0FnSUMwNHAzb1N3EAE,한옥이 너무 세련되고 이뻤습니다.,1년 전,2020-11-10 20:32:01.103775,김알렉산더,0,0,https://www.google.com/maps/contrib/109633982243576300064/reviews?hl=ko-KR
ChZDSUhNMG9nS0VJQ0FnSUMwck55QmJnEAE,,1년 전,2020-11-10 20:32:01.105724,다린DaMuL,0,0,https://www.google.com/maps/contrib/107356774680880614265/reviews?hl=ko-KR
ChZDSUhNMG9nS0VJQ0FnSUMwNkwzZEF3EAE,,1년 전,2020-11-10 20:32:01.107166,Yi June,0,0,https://www.google.com/maps/contrib/105734516978753483117/reviews?hl=ko-KR
ChZDSUhNMG9nS0VJQ0FnSUMwZ0tqSmFnEAE,공간이 산만하고 좁슴니다.,1년 전,2020-11-10 20:32:01.109241,장태관,0,0,https://www.google.com/maps/contrib/112700484539809957378/reviews?hl=ko-KR
ChZDSUhNMG9nS0VJQ0FnSURVMjY3a1JBEAE,,1년 전,2020-11-10 20:32:01.110237,우주정복 TV,0,0,https://www.google.com/maps/contrib/102614647210999194082/reviews?hl=ko-KR
ChdDSUhNMG9nS0VJQ0FnSURVMF9tUTFRRRAB,,1년 전,2020-11-10 20:32:01.112235,sm jeong,0,0,https://www.google.com/maps/contrib/106528509032280880287/reviews?hl=ko-KR
ChdDSUhNMG9nS0VJQ0FnSURVbWZPTF9nRRAB,매우 좋은 공연장 입니다..국악 공연에  있어서..훌륭!,1년 전,2020-11-10 20:32:01.114288,YONG CHUL JO,0,0,https://www.google.com/maps/contrib/103291495402912632444/reviews?hl=ko-KR
ChZDSUhNMG9nS0VJQ0FnSURVZ2J5bUFREAE,,1년 전,2020-11-10 20:32:01.116269,Dahyun KIm,0,0,https://www.google.com/maps/contrib/115262813350860080492/reviews?hl=ko-KR
ChZDSUhNMG9nS0VJQ0FnSURVam9IVWJBEAE,,1년 전,2020-11-10 20:32:08.208585,장동혁,0,0,https://www.google.com/maps/contrib/111529884342208332750/reviews?hl=ko-KR
ChdDSUhNMG9nS0VJQ0FnSURVbHJxOHVRRRAB,추정현님 가야금 산조 공연 넘 좋았습니다 It is perfect theater for Korean traditional music performance.,1년 전,2020-11-10 20:32:08.209569,어갑집OMGkitten,0,0,https://www.google.com/maps/contrib/101040667286707820327/reviews?hl=ko-KR
ChdDSUhNMG9nS0VJQ0FnSURVaE1TV2lBRRAB,,1년 전,2020-11-10 20:32:08.211582,장재원,0,0,https://www.google.com/maps/contrib/116501598786434857218/reviews?hl=ko-KR
ChZDSUhNMG9nS0VJQ0FnSUNVaExDNEV3EAE,"돈만  많이  든  극장이다, 겉멋은  잔뜩 부렸으나 좌석수도 적고  무대와 관객간의 소통에도  장애가 되는  실내 디자인. 안팎이  언밸런스해  국적붊명의  느낌. 실제로는  아주 효용성없는  극장.",1년 전,2020-11-10 20:32:08.213570,이원섭,0,0,https://www.google.com/maps/contrib/111156996424732449765/reviews?hl=ko-KR
ChdDSUhNMG9nS0VJQ0FnSUNVcS1HazJRRRAB,서울에서 즐길 수 있는 국악의 향기,1년 전,2020-11-10 20:32:08.214554,안찬구,0,0,https://www.google.com/maps/contrib/108890075657285710140/reviews?hl=ko-KR
ChdDSUhNMG9nS0VJQ0FnSUNVNDdiejVBRRAB,국악의 과거와 미래가 공존하는 곳 젊은 가객을 비롯 새로움을 공연하는 곳,1년 전,2020-11-10 20:32:08.216590,지태선,0,0,https://www.google.com/maps/contrib/109303059856909172196/reviews?hl=ko-KR
ChZDSUhNMG9nS0VJQ0FnSUNVdzluV0NnEAE,도심속 조용하고 단아한 분위기에 지하 극장식 공연장은 소수 럭셔리한 분위기,1년 전,2020-11-10 20:32:08.218630,이현영,0,0,https://www.google.com/maps/contrib/112156149994140649649/reviews?hl=ko-KR
ChdDSUhNMG9nS0VJQ0FnSUNVdzVuMmp3RRAB,,1년 전,2020-11-10 20:32:08.219641,류기동,0,0,https://www.google.com/maps/contrib/100058718932206839780/reviews?hl=ko-KR
ChZDSUhNMG9nS0VJQ0FnSUNVNllidUhREAE,우리나라의 전통적인 모습을 무대로 꾸며서 좋았어요,1년 전,2020-11-10 20:32:08.221139,박정호,0,0,https://www.google.com/maps/contrib/101134063379009367495/reviews?hl=ko-KR
ChZDSUhNMG9nS0VJQ0FnSUNVN3ZxakR3EAE,"귀악동회회 공연있어 보러갔는데 시원하고 깨끗하기도 했다 다만,약도안내시 안국역4번출구 400m는 헷갈리는 부분이다. 4번출구직직하면 운현궁이 나옴.",1년 전,2020-11-10 20:32:08.223184,오남순,0,0,https://www.google.com/maps/contrib/116839650380713162261/reviews?hl=ko-KR
ChdDSUhNMG9nS0VJQ0FnSUNVN0pLNmxBRRAB,현대화시설에 고즈넉한 분위기!!,1년 전,2020-11-10 20:32:15.460212,김우진,0,0,https://www.google.com/maps/contrib/103195556597251882054/reviews?hl=ko-KR
ChZDSUhNMG9nS0VJQ0FnSUNVNk5XcUxnEAE,,1년 전,2020-11-10 20:32:15.462223,남용우,0,0,https://www.google.com/maps/contrib/101061868785938759268/reviews?hl=ko-KR
ChZDSUhNMG9nS0VJQ0FnSUNVOEltUlJREAE,,1년 전,2020-11-10 20:32:15.464209,성은김이름은ds,0,0,https://www.google.com/maps/contrib/106393750460229188757/reviews?hl=ko-KR
ChdDSUhNMG9nS0VJQ0FnSURrczRPdHRRRRAB,좋은 경험   편안함,1년 전,2020-11-10 20:32:15.465152,조광동,0,0,https://www.google.com/maps/contrib/101327456722501092498/reviews?hl=ko-KR
ChdDSUhNMG9nS0VJQ0FnSURrX2Mzb3lBRRAB,,1년 전,2020-11-10 20:32:15.467146,sheng stung kao,0,0,https://www.google.com/maps/contrib/112443081714649603070/reviews?hl=ko-KR
ChZDSUhNMG9nS0VJQ0FnSURrdkpfQktnEAE,아담하고 집중하기에 좋은 공간입니다,1년 전,2020-11-10 20:32:15.468213,최영진,0,0,https://www.google.com/maps/contrib/106980723054037840304/reviews?hl=ko-KR
ChZDSUhNMG9nS0VJQ0FnSUNFODdIVElnEAE,도심에 독특한 장소로 공연도 즐기고 마당 잔디밭에서 치 한잔 즐기며 휴식 취하기 좋습니다. 한국적 정서릉 느낄 수 있는 건축 구조물입니다.,1년 전,2020-11-10 20:32:15.470190,JSS art company Happy Voice TV,0,0,https://www.google.com/maps/contrib/102952433783630005665/reviews?hl=ko-KR
ChdDSUhNMG9nS0VJQ0FnSUQ0Z09PVml3RRAB,,1년 전,2020-11-10 20:32:15.472174,김하영,0,0,https://www.google.com/maps/contrib/107074186905689371656/reviews?hl=ko-KR
ChdDSUhNMG9nS0VJQ0FnSUM0LVpiS3lnRRAB,,1년 전,2020-11-10 20:32:15.473174,이정헌,0,0,https://www.google.com/maps/contrib/116826363462800281845/reviews?hl=ko-KR
ChZDSUhNMG9nS0VJQ0FnSUM0OFlpZEdREAE,,1년 전,2020-11-10 20:32:15.475176,김달자,0,0,https://www.google.com/maps/contrib/112467586674183282029/reviews?hl=ko-KR
ChZDSUhNMG9nS0VJQ0FnSUM0d2VMSlhREAE,,1년 전,2020-11-10 20:32:22.830373,jh lee,0,0,https://www.google.com/maps/contrib/101558971164695534041/reviews?hl=ko-KR
ChdDSUhNMG9nS0VJQ0FnSUM0aE42ZHZ3RRAB,국악 공연하는 장소로 유명한 곳입니다 공연 잘보고 왔습니다^^,1년 전,2020-11-10 20:32:22.832514,최명준,0,0,https://www.google.com/maps/contrib/116838843047093242530/reviews?hl=ko-KR
ChdDSUhNMG9nS0VJQ0FnSUM0NExmVHFnRRAB,주변에 국악관계상점이 많다,1년 전,2020-11-10 20:32:22.834418,한한명진,0,0,https://www.google.com/maps/contrib/112235390503123728145/reviews?hl=ko-KR
ChZDSUhNMG9nS0VJQ0FnSURZbTZlU0xnEAE,분위기가 너무 좋아요. 옆에 카페도 예뻐요.,1년 전,2020-11-10 20:32:22.835441,Jun Young Kim,0,0,https://www.google.com/maps/contrib/101667080118801276580/reviews?hl=ko-KR
ChRDSUhNMG9nS0VJQ0FnSURZbTdsNRAB,,1년 전,2020-11-10 20:32:22.837435,유승곤,0,0,https://www.google.com/maps/contrib/111939246573233074986/reviews?hl=ko-KR
ChdDSUhNMG9nS0VJQ0FnSURZanViQzh3RRAB,국악당,1년 전,2020-11-10 20:32:22.838837,Moonsoo Kim,0,0,https://www.google.com/maps/contrib/110616128817609260973/reviews?hl=ko-KR
ChdDSUhNMG9nS0VJQ0FnSURZMnFUX2hBRRAB,,1년 전,2020-11-10 20:32:22.840332,IO Song,0,0,https://www.google.com/maps/contrib/101219677364475813781/reviews?hl=ko-KR
ChZDSUhNMG9nS0VJQ0FnSURZaUo3N2VBEAE,,1년 전,2020-11-10 20:32:22.842958,김종성,0,0,https://www.google.com/maps/contrib/106008458008636077304/reviews?hl=ko-KR
ChZDSUhNMG9nS0VJQ0FnSUNZaXVpWUVREAE,우리 국악 최고. 얼쑤~,1년 전,2020-11-10 20:32:22.844248,김도연,0,0,https://www.google.com/maps/contrib/116551943714574118564/reviews?hl=ko-KR
ChZDSUhNMG9nS0VJQ0FnSUNZeU9uQ1ZREAE,불 친절,1년 전,2020-11-10 20:32:22.847650,이갑용,0,0,https://www.google.com/maps/contrib/117234898623099491443/reviews?hl=ko-KR
ChdDSUhNMG9nS0VJQ0FnSUNZc0pmMnZRRRAB,"처음가본 돈화문국악당 앞마당과 내부시설, 카페 등 깔끔하고 좋은 시설이었습니다!!",1년 전,2020-11-10 20:32:30.257954,Phil Han,0,0,https://www.google.com/maps/contrib/116397618834223725851/reviews?hl=ko-KR
ChZDSUhNMG9nS0VJQ0FnSUNZMExiMmZREAE,,1년 전,2020-11-10 20:32:30.259955,ㄴT,0,0,https://www.google.com/maps/contrib/110422466062104725261/reviews?hl=ko-KR
ChZDSUhNMG9nS0VJQ0FnSUNZb09INVhBEAE,,1년 전,2020-11-10 20:32:30.260945,수수,0,0,https://www.google.com/maps/contrib/115297679919993877452/reviews?hl=ko-KR
ChdDSUhNMG9nS0VJQ0FnSUNZZ0kzRnNRRRAB,,1년 전,2020-11-10 20:32:30.263080,김현모양처,0,0,https://www.google.com/maps/contrib/102430563256717508193/reviews?hl=ko-KR
ChdDSUhNMG9nS0VJQ0FnSURvdF9HNTVBRRAB,"전통의 향기를 느낄 수 있는 좋은 공간입니다. 우리 춤을 전승하는 예인들의 춤사위, 너무 멋있었구요.",1년 전,2020-11-10 20:32:30.264118,Jaeho kim,0,0,https://www.google.com/maps/contrib/106314785090542545273/reviews?hl=ko-KR
ChZDSUhNMG9nS0VJQ0FnSURvbnMzeEV3EAE,,1년 전,2020-11-10 20:32:30.266081,김인호,0,0,https://www.google.com/maps/contrib/103331767502411500391/reviews?hl=ko-KR
ChZDSUhNMG9nS0VJQ0FnSURvd3FfT0pnEAE,,1년 전,2020-11-10 20:32:30.268062,정현종,0,0,https://www.google.com/maps/contrib/111387557452614327306/reviews?hl=ko-KR
ChZDSUhNMG9nS0VJQ0FnSURvNFBhUURnEAE,우리의 전통 문화를 경험하는 문화의 장 으로써 손색 없어요,1년 전,2020-11-10 20:32:30.269057,김호순,0,0,https://www.google.com/maps/contrib/113558224215533427793/reviews?hl=ko-KR
ChdDSUhNMG9nS0VJQ0FnSURvZ09ERy1RRRAB,위치가 찾기좋고 깨끗하여 좋았음,1년 전,2020-11-10 20:32:30.271062,SangYeon Kim,0,0,https://www.google.com/maps/contrib/109994038403180736655/reviews?hl=ko-KR
ChdDSUhNMG9nS0VJQ0FnSUNveF9hWXNBRRAB,,1년 전,2020-11-10 20:32:30.272048,Jae Min Kim,0,0,https://www.google.com/maps/contrib/110786500128930925471/reviews?hl=ko-KR
ChZDSUhNMG9nS0VJQ0FnSUNvbXZUblBREAE,,1년 전,2020-11-10 20:32:37.999363,Sunny T,0,0,https://www.google.com/maps/contrib/101519201808138594286/reviews?hl=ko-KR
ChZDSUhNMG9nS0VJQ0FnSUNvcXBDbmJ3EAE,좋았어요,1년 전,2020-11-10 20:32:38.000320,이금희,0,0,https://www.google.com/maps/contrib/117312281958333974378/reviews?hl=ko-KR
ChdDSUhNMG9nS0VJQ0FnSUNveXRPU213RRAB,작지만 깨끗하고 단아한 국악공연장입니다. 경사도가 높아서 어느자리에서도 공연자가 잘보입니다.,1년 전,2020-11-10 20:32:38.002373,MakeItBetter C,0,0,https://www.google.com/maps/contrib/113704761831305994909/reviews?hl=ko-KR
ChdDSUhNMG9nS0VJQ0FnSUNvNEtIR2dBRRAB,,1년 전,2020-11-10 20:32:38.004395,YURA CHO,0,0,https://www.google.com/maps/contrib/108475016452408732191/reviews?hl=ko-KR
ChdDSUhNMG9nS0VJQ0FnSURJeF9EdjZBRRAB,전통적인  분위기가  너무 좋았습니다,1년 전,2020-11-10 20:32:38.005518,김혜은,0,0,https://www.google.com/maps/contrib/117578294540862700608/reviews?hl=ko-KR
ChdDSUhNMG9nS0VJQ0FnSURJc2ZLVm5BRRAB,크지 않은 공연장인데 시설이 좋고 여러 공연들이 기획되고 있어요. 한국의 전통 음악에 관심 있는 분들은 공연 추천합니다~,1년 전,2020-11-10 20:32:38.007514,Jieun Kim,0,0,https://www.google.com/maps/contrib/109756218180268133708/reviews?hl=ko-KR
ChZDSUhNMG9nS0VJQ0FnSURJa2R1QkpnEAE,국악 공연장소 넘좋아요. 깨끗하고 아늑해요. 모든분들 친절한안내 감사합니다.,1년 전,2020-11-10 20:32:38.008513,이경자,0,0,https://www.google.com/maps/contrib/108581077193970680965/reviews?hl=ko-KR
ChZDSUhNMG9nS0VJQ0FnSURJX1BhZlpnEAE,힐링하기 좋은 장소 입니다,1년 전,2020-11-10 20:32:38.010514,박정언,0,0,https://www.google.com/maps/contrib/110771719932837563297/reviews?hl=ko-KR
ChdDSUhNMG9nS0VJQ0FnSURJcE83Nnl3RRAB,,1년 전,2020-11-10 20:32:38.012336,K Y,0,0,https://www.google.com/maps/contrib/109248886310812761758/reviews?hl=ko-KR
ChdDSUhNMG9nS0VJQ0FnSURJb003NzN3RRAB,,1년 전,2020-11-10 20:32:38.014406,엄중배,0,0,https://www.google.com/maps/contrib/109712432168212193022/reviews?hl=ko-KR
ChdDSUhNMG9nS0VJQ0FnSUNvMmM2UzR3RRAB,국악 전문 소극장,1년 전,2020-11-10 20:32:45.687219,한희찬,0,0,https://www.google.com/maps/contrib/117143639266174891049/reviews?hl=ko-KR
ChdDSUhNMG9nS0VJQ0FnSUNJOTk3Zi13RRAB,최고의 장소지요.국악공연이 늘 이뤄지는 환상의 공간이지욤,1년 전,2020-11-10 20:32:45.688287,변재수,0,0,https://www.google.com/maps/contrib/103157218069480960975/reviews?hl=ko-KR
ChdDSUhNMG9nS0VJQ0FnSUNJbDZLZzdnRRAB,,1년 전,2020-11-10 20:32:45.690272,박지윤,0,0,https://www.google.com/maps/contrib/116626247505929320410/reviews?hl=ko-KR
ChZDSUhNMG9nS0VJQ0FnSUNJbTlUVVJnEAE,작고 예쁜 공연장,1년 전,2020-11-10 20:32:45.691293,hjhpuha,0,0,https://www.google.com/maps/contrib/117619072498417026456/reviews?hl=ko-KR
ChZDSUhNMG9nS0VJQ0FnSUNJNjk3R0lREAE,베리 굿,1년 전,2020-11-10 20:32:45.693270,문화산악인의 미주알고주알,0,0,https://www.google.com/maps/contrib/107046382585956255217/reviews?hl=ko-KR
ChZDSUhNMG9nS0VJQ0FnSUNJaGJUOU53EAE,,1년 전,2020-11-10 20:32:45.695255,Roy Suh,0,0,https://www.google.com/maps/contrib/103094949973944597519/reviews?hl=ko-KR
ChdDSUhNMG9nS0VJQ0FnSUNJdWR6R2tBRRAB,작은 국립국악원,1년 전,2020-11-10 20:32:45.696260,민주파파,0,0,https://www.google.com/maps/contrib/108320456615197683293/reviews?hl=ko-KR
ChdDSUhNMG9nS0VJQ0FnSUNvcFlDa3R3RRAB,,1년 전,2020-11-10 20:32:45.698892,Huahua Cui,0,0,https://www.google.com/maps/contrib/112828208454766651599/reviews?hl=ko-KR
ChZDSUhNMG9nS0VJQ0FnSUNJeG9Eb1dREAE,아이들이 공연하는 걸 관람했습니다! 잘 정돈해 두어서 좋고 교통편도 편리했어요,1년 전,2020-11-10 20:32:45.699995,유자,0,0,https://www.google.com/maps/contrib/112362755777997097703/reviews?hl=ko-KR
ChdDSUhNMG9nS0VJQ0FnSUR3M29DdjFnRRAB,좋아요,2년 전,2020-11-10 20:32:45.701985,승원파파,0,0,https://www.google.com/maps/contrib/102441796899689188982/reviews?hl=ko-KR
ChZDSUhNMG9nS0VJQ0FnSUR3cU5DRmJ3EAE,주차장 없음,2년 전,2020-11-10 20:32:53.699203,이진우,0,0,https://www.google.com/maps/contrib/116811971275532298997/reviews?hl=ko-KR
ChZDSUhNMG9nS0VJQ0FnSUR3N01hQ0JnEAE,작고 아담해서 연주에 집중하기가 좋네요. 한옥같은 건물도 맘에 들고 주변에 익선동같은데서 놀다오기도 좋을 듯요.,2년 전,2020-11-10 20:32:53.702243,minhee seo,0,0,https://www.google.com/maps/contrib/100011106770388554180/reviews?hl=ko-KR
ChZDSUhNMG9nS0VJQ0FnSURRdDhlZ0xBEAE,"시내 중심부에있지만 조용하고 아늑합니다. 1층에 차를 마실수있는 공간과 쉴수있는 마당이있고, 지하에는 100여석의 자그마한 극장이있습니다. 입구에 공연 안내문을 자세히 보시면 무료 공연도 보실수 있으니 참고하세요~",2년 전,2020-11-10 20:32:53.705268,YongKeun Song,0,0,https://www.google.com/maps/contrib/115844773694045700415/reviews?hl=ko-KR
ChdDSUhNMG9nS0VJQ0FnSUNBcWV6MzRnRRAB,,2년 전,2020-11-10 20:32:53.707511,In Choi,0,0,https://www.google.com/maps/contrib/105465673614964709677/reviews?hl=ko-KR
ChdDSUhNMG9nS0VJQ0FnSUN3X29TaDJRRRAB,국악을 대중화하기 위한 소극장. 깔끔하고 아담하고 한옥과의 조화..멋진 공연이었음,2년 전,2020-11-10 20:32:53.710519,라지버랄라,0,0,https://www.google.com/maps/contrib/103290107234468515947/reviews?hl=ko-KR
