﻿id_review,caption,relative_date,retrieval_date,username,n_review_user,n_photo_user,url_user
ChdDSUhNMG9nS0VJQ0FnSUNpaS1TYWtRRRAB,많이 좋았습니다ㅡ,1일 전,2020-11-17 18:40:10.203495,Yong Jin Jeong,0,0,https://www.google.com/maps/contrib/108931080777789385570/reviews?hl=ko-KR
ChZDSUhNMG9nS0VJQ0FnSUNpcWNtT1B3EAE,현대와 80년대 분위기가 공존,1주 전,2020-11-17 18:40:10.206017,곽동현,0,0,https://www.google.com/maps/contrib/111847144939662372552/reviews?hl=ko-KR
ChdDSUhNMG9nS0VJQ0FnSUNpb2NuYzNBRRAB,옛흔적이 없뜸,1주 전,2020-11-17 18:40:10.208030,David Eom,0,0,https://www.google.com/maps/contrib/102498628236890464629/reviews?hl=ko-KR
ChdDSUhNMG9nS0VJQ0FnSUNpcnNLRXNBRRAB,이곳은제개발관계로폐허되다싶은골목으로변해서요,2주 전,2020-11-17 18:40:10.209028,박문일,0,0,https://www.google.com/maps/contrib/115813629408285020526/reviews?hl=ko-KR
ChZDSUhNMG9nS0VJQ0FnSUNpcHJXdldnEAE,,2주 전,2020-11-17 18:40:10.211028,현광채널한국가요100년무대,0,0,https://www.google.com/maps/contrib/101095876007845757541/reviews?hl=ko-KR
ChdDSUhNMG9nS0VJQ0FnSUNpekl2WnpBRRAB,,3주 전,2020-11-17 18:40:10.213029,이상신,0,0,https://www.google.com/maps/contrib/116638293724671157635/reviews?hl=ko-KR
ChZDSUhNMG9nS0VJQ0FnSUNDeXFIZVNnEAE,,2달 전,2020-11-17 18:40:10.214029,손병일,0,0,https://www.google.com/maps/contrib/106941534315776503557/reviews?hl=ko-KR
ChdDSUhNMG9nS0VJQ0FnSUNDbk5ySDVBRRAB,옛생각,3달 전,2020-11-17 18:40:10.216028,조혜연「Hyeyeon Cho」,0,0,https://www.google.com/maps/contrib/101220794203253102979/reviews?hl=ko-KR
ChdDSUhNMG9nS0VJQ0FnSUNDcExlNmxnRRAB,조선시대 서민들의 통행길,3달 전,2020-11-17 18:40:10.218028,부싯돌,0,0,https://www.google.com/maps/contrib/102380546532639500081/reviews?hl=ko-KR
ChZDSUhNMG9nS0VJQ0FnSUQ4NzRqVEV3EAE,,3달 전,2020-11-17 18:40:10.220030,dw chang,0,0,https://www.google.com/maps/contrib/112945952454369174335/reviews?hl=ko-KR
ChdDSUhNMG9nS0VJQ0FnSUQ4dDdlaDVBRRAB,양갈비 냄새도.없고 맛있네요 친절하기도 하구요,3달 전,2020-11-17 18:40:10.221030,전소현,0,0,https://www.google.com/maps/contrib/117933741540929611263/reviews?hl=ko-KR
ChZDSUhNMG9nS0VJQ0FnSUQ4Nl9xb0Z3EAE,,3달 전,2020-11-17 18:40:10.223048,이창재,0,0,https://www.google.com/maps/contrib/116409978565578737629/reviews?hl=ko-KR
ChZDSUhNMG9nS0VJQ0FnSUQ4eGJiNkVnEAE,(Google 번역 제공) 합리적인 가격으로 오래되었지만 멋진 곳  (원문) old but Nice place with reasonable price,3달 전,2020-11-17 18:40:10.225344,Jong-Sam Kan,0,0,https://www.google.com/maps/contrib/104329019320725940753/reviews?hl=ko-KR
ChdDSUhNMG9nS0VJQ0FnSUQ4cWVIU3dBRRAB,,3달 전,2020-11-17 18:40:10.226903,김영호,0,0,https://www.google.com/maps/contrib/113158691587417451939/reviews?hl=ko-KR
ChdDSUhNMG9nS0VJQ0FnSUM4N2RHdm5RRRAB,,4달 전,2020-11-17 18:40:10.229045,황진영,0,0,https://www.google.com/maps/contrib/111328479765944293423/reviews?hl=ko-KR
ChZDSUhNMG9nS0VJQ0FnSUM4d2RXN1lBEAE,"맛있는 갈매기살 500그램이 15,000원",4달 전,2020-11-17 18:40:10.230002,Edwin Eugin,0,0,https://www.google.com/maps/contrib/106967252260112003671/reviews?hl=ko-KR
ChZDSUhNMG9nS0VJQ0FnSUM4NXNqN2V3EAE,,4달 전,2020-11-17 18:40:10.232057,김원영,0,0,https://www.google.com/maps/contrib/101626530743742339053/reviews?hl=ko-KR
ChZDSUhNMG9nS0VJQ0FnSUM4LXFXMFZ3EAE,,4달 전,2020-11-17 18:40:10.233058,한영택,0,0,https://www.google.com/maps/contrib/118369893476756346814/reviews?hl=ko-KR
ChZDSUhNMG9nS0VJQ0FnSUM4dW9hS2NREAE,말이 필요없는 유명한 곳이죠 ~~,4달 전,2020-11-17 18:40:10.235055,최희돈,0,0,https://www.google.com/maps/contrib/117926937544385444568/reviews?hl=ko-KR
ChZDSUhNMG9nS0VJQ0FnSUM4X05qRmJnEAE,,4달 전,2020-11-17 18:40:10.237137,문일식,0,0,https://www.google.com/maps/contrib/106018698077824793192/reviews?hl=ko-KR
ChdDSUhNMG9nS0VJQ0FnSUM4NUpXYm13RRAB,,4달 전,2020-11-17 18:40:16.970036,ᄋᄋ,0,0,https://www.google.com/maps/contrib/113303585499794448019/reviews?hl=ko-KR
ChdDSUhNMG9nS0VJQ0FnSURjNnZYWjN3RRAB,,5달 전,2020-11-17 18:40:16.972035,최항식,0,0,https://www.google.com/maps/contrib/117610649437068718454/reviews?hl=ko-KR
ChdDSUhNMG9nS0VJQ0FnSURjdFBYMS13RRAB,좋아요 엣날 레트로감성,5달 전,2020-11-17 18:40:16.974040,Jay World TV,0,0,https://www.google.com/maps/contrib/114216265751611459271/reviews?hl=ko-KR
ChdDSUhNMG9nS0VJQ0FnSURjMVBhZ253RRAB,,5달 전,2020-11-17 18:40:16.975041,너구리,0,0,https://www.google.com/maps/contrib/117191389958662006438/reviews?hl=ko-KR
ChZDSUhNMG9nS0VJQ0FnSURjaEw2ZmVREAE,,5달 전,2020-11-17 18:40:16.977041,이이재일,0,0,https://www.google.com/maps/contrib/112338988306956220827/reviews?hl=ko-KR
ChZDSUhNMG9nS0VJQ0FnSUNjbFpHVGJ3EAE,여전히 사람들 발길이 끊이질 않습니다,7달 전,2020-11-17 18:40:16.978041,Hong-ki Kim,0,0,https://www.google.com/maps/contrib/109667596351251536881/reviews?hl=ko-KR
ChZDSUhNMG9nS0VJQ0FnSURzeWJUM0pBEAE,,8달 전,2020-11-17 18:40:16.981036,이성호,0,0,https://www.google.com/maps/contrib/104890720722893380690/reviews?hl=ko-KR
ChdDSUhNMG9nS0VJQ0FnSURzanRUYzR3RRAB,,8달 전,2020-11-17 18:40:16.982035,이재용,0,0,https://www.google.com/maps/contrib/111954113561130571712/reviews?hl=ko-KR
ChdDSUhNMG9nS0VJQ0FnSURzeHFDSnN3RRAB,그냥 적당함 나쁘지않음,8달 전,2020-11-17 18:40:16.984035,n s,0,0,https://www.google.com/maps/contrib/117552276430357493898/reviews?hl=ko-KR
ChZDSUhNMG9nS0VJQ0FnSUNza3RlSUVnEAE,"인사동입구주차장,야구장뒷편에서 와이엠씨에이까지모두헐렸습니다 재개발공사중..",8달 전,2020-11-17 18:40:16.986035,박용재,0,0,https://www.google.com/maps/contrib/114024957604401647336/reviews?hl=ko-KR
ChZDSUhNMG9nS0VJQ0FnSURzdU03TExBEAE,,8달 전,2020-11-17 18:40:23.743854,윤루빈,0,0,https://www.google.com/maps/contrib/105725828453222678129/reviews?hl=ko-KR
ChZDSUhNMG9nS0VJQ0FnSUNzMjRDSEJnEAE,,9달 전,2020-11-17 18:40:23.746808,양주익,0,0,https://www.google.com/maps/contrib/103764964189261021939/reviews?hl=ko-KR
ChdDSUhNMG9nS0VJQ0FnSUNzNjRQcmlnRRAB,,9달 전,2020-11-17 18:40:23.748716,ki l,0,0,https://www.google.com/maps/contrib/102700260355276104307/reviews?hl=ko-KR
ChdDSUhNMG9nS0VJQ0FnSUNzNDYtQXF3RRAB,,9달 전,2020-11-17 18:40:23.750762,Gun Han,0,0,https://www.google.com/maps/contrib/100022030720684150746/reviews?hl=ko-KR
ChZDSUhNMG9nS0VJQ0FnSUNzNWFuVE9BEAE,,9달 전,2020-11-17 18:40:23.752762,M.W Kim,0,0,https://www.google.com/maps/contrib/102551576129961065777/reviews?hl=ko-KR
ChZDSUhNMG9nS0VJQ0FnSUNzNGF5aVd3EAE,맛 괜찮고 가격도 쌉니다. 가성비 좋은 집,9달 전,2020-11-17 18:40:23.753761,한승완,0,0,https://www.google.com/maps/contrib/100996836002901737630/reviews?hl=ko-KR
ChdDSUhNMG9nS0VJQ0FnSUNzOXMzVzZ3RRAB,,9달 전,2020-11-17 18:40:23.755763,임용호,0,0,https://www.google.com/maps/contrib/105171461222730939244/reviews?hl=ko-KR
ChZDSUhNMG9nS0VJQ0FnSUNzcHZfRE9BEAE,추억,9달 전,2020-11-17 18:40:23.757757,님미키저,0,0,https://www.google.com/maps/contrib/104766955482493470175/reviews?hl=ko-KR
ChdDSUhNMG9nS0VJQ0FnSUNzaHFhMDNnRRAB,옛정취,9달 전,2020-11-17 18:40:23.759756,이재현,0,0,https://www.google.com/maps/contrib/118392007729932124887/reviews?hl=ko-KR
ChdDSUhNMG9nS0VJQ0FnSUNzLXJUQTJnRRAB,,9달 전,2020-11-17 18:40:23.761756,김영수,0,0,https://www.google.com/maps/contrib/104187893286810073618/reviews?hl=ko-KR
ChZDSUhNMG9nS0VJQ0FnSUNzdE9DZVh3EAE,,9달 전,2020-11-17 18:40:30.819820,길위의하마,0,0,https://www.google.com/maps/contrib/115306691070759921814/reviews?hl=ko-KR
ChZDSUhNMG9nS0VJQ0FnSUNzbUxmeFd3EAE,,9달 전,2020-11-17 18:40:30.822238,오현택,0,0,https://www.google.com/maps/contrib/117304807796362907611/reviews?hl=ko-KR
ChZDSUhNMG9nS0VJQ0FnSUNzZ1BMWEpBEAE,,9달 전,2020-11-17 18:40:30.824370,강태길,0,0,https://www.google.com/maps/contrib/104775934421609259977/reviews?hl=ko-KR
ChdDSUhNMG9nS0VJQ0FnSURNMy0zdHJRRRAB,싸지만 쌈,9달 전,2020-11-17 18:40:30.825405,심상호,0,0,https://www.google.com/maps/contrib/109194867820226505208/reviews?hl=ko-KR
ChZDSUhNMG9nS0VJQ0FnSURNcTRtSGJ3EAE,,10달 전,2020-11-17 18:40:30.826428,전승영,0,0,https://www.google.com/maps/contrib/101722252495475804444/reviews?hl=ko-KR
ChdDSUhNMG9nS0VJQ0FnSURNcTliajNBRRAB,,10달 전,2020-11-17 18:40:30.828428,sharky ardeza,0,0,https://www.google.com/maps/contrib/109150769165045192202/reviews?hl=ko-KR
ChZDSUhNMG9nS0VJQ0FnSURNczhqdkpnEAE,,10달 전,2020-11-17 18:40:30.829895,건즈tv,0,0,https://www.google.com/maps/contrib/104137472598742359342/reviews?hl=ko-KR
ChdDSUhNMG9nS0VJQ0FnSURNMC1PamlnRRAB,,10달 전,2020-11-17 18:40:30.830906,김현곤,0,0,https://www.google.com/maps/contrib/103250952011194310755/reviews?hl=ko-KR
ChdDSUhNMG9nS0VJQ0FnSURNbmN5WTRRRRAB,,10달 전,2020-11-17 18:40:30.832906,정미정,0,0,https://www.google.com/maps/contrib/108732509038023736360/reviews?hl=ko-KR
ChdDSUhNMG9nS0VJQ0FnSURNNmVhVHhBRRAB,서민적 정서가 아직도 어리어 있어요,10달 전,2020-11-17 18:40:30.836907,김제임스,0,0,https://www.google.com/maps/contrib/100836248504404271850/reviews?hl=ko-KR
ChdDSUhNMG9nS0VJQ0FnSURNanRXOTJnRRAB,,10달 전,2020-11-17 18:40:37.874471,Pbspark Park,0,0,https://www.google.com/maps/contrib/100478375532867842769/reviews?hl=ko-KR
ChdDSUhNMG9nS0VJQ0FnSURNaW9hcDN3RRAB,미친가성비,10달 전,2020-11-17 18:40:37.876472,Zoowan West,0,0,https://www.google.com/maps/contrib/104282481848899515800/reviews?hl=ko-KR
ChZDSUhNMG9nS0VJQ0FnSURNN0ptUmZ3EAE,낙원족발,10달 전,2020-11-17 18:40:37.878514,박해정,0,0,https://www.google.com/maps/contrib/102057458531858214084/reviews?hl=ko-KR
ChZDSUhNMG9nS0VJQ0FnSURNclB1aUdnEAE,,10달 전,2020-11-17 18:40:37.880195,이준우,0,0,https://www.google.com/maps/contrib/106245446901433884771/reviews?hl=ko-KR
ChZDSUhNMG9nS0VJQ0FnSURNLUtLRmFnEAE,ㅡㄷ,11달 전,2020-11-17 18:40:37.881210,강수익,0,0,https://www.google.com/maps/contrib/106794407761978216803/reviews?hl=ko-KR
ChdDSUhNMG9nS0VJQ0FnSURNa0lfR3ZRRRAB,,11달 전,2020-11-17 18:40:37.883114,정현석,0,0,https://www.google.com/maps/contrib/107745131215375298910/reviews?hl=ko-KR
ChZDSUhNMG9nS0VJQ0FnSUNNdzhIdEhnEAE,,11달 전,2020-11-17 18:40:37.886022,woosik lee,0,0,https://www.google.com/maps/contrib/108766019033253783435/reviews?hl=ko-KR
ChdDSUhNMG9nS0VJQ0FnSUNNemNtZW9BRRAB,,11달 전,2020-11-17 18:40:37.887628,윤석희,0,0,https://www.google.com/maps/contrib/105561497543354696140/reviews?hl=ko-KR
ChZDSUhNMG9nS0VJQ0FnSUNNamNyWld3EAE,옛날의기억이 새록새록 떠올려 지더군요,11달 전,2020-11-17 18:40:37.889627,이일로,0,0,https://www.google.com/maps/contrib/105817644661233831268/reviews?hl=ko-KR
ChdDSUhNMG9nS0VJQ0FnSUNNNWZuUWdBRRAB,가성비 갑,11달 전,2020-11-17 18:40:37.890582,YongGi Kang,0,0,https://www.google.com/maps/contrib/109441199354294033189/reviews?hl=ko-KR
ChZDSUhNMG9nS0VJQ0FnSUNNaGVXUEJ3EAE,,11달 전,2020-11-17 18:40:45.100488,정기일,0,0,https://www.google.com/maps/contrib/110525386311980173274/reviews?hl=ko-KR
ChZDSUhNMG9nS0VJQ0FnSUMwXzVUQVFREAE,,1년 전,2020-11-17 18:40:45.101510,우형수,0,0,https://www.google.com/maps/contrib/110372939505539786824/reviews?hl=ko-KR
ChdDSUhNMG9nS0VJQ0FnSUMwbloyZ21BRRAB,,1년 전,2020-11-17 18:40:45.103531,윤양병,0,0,https://www.google.com/maps/contrib/113379659534456620995/reviews?hl=ko-KR
ChZDSUhNMG9nS0VJQ0FnSUMwd2ZpZFlnEAE,좋아요,1년 전,2020-11-17 18:40:45.105392,이흥범,0,0,https://www.google.com/maps/contrib/110434351952715707721/reviews?hl=ko-KR
ChZDSUhNMG9nS0VJQ0FnSUMwNHYzX1BREAE,,1년 전,2020-11-17 18:40:45.107519,조영찬,0,0,https://www.google.com/maps/contrib/106704754035446294270/reviews?hl=ko-KR
ChZDSUhNMG9nS0VJQ0FnSUMwMkxXRFhBEAE,,1년 전,2020-11-17 18:40:45.109260,푸른바람,0,0,https://www.google.com/maps/contrib/107564619977715260242/reviews?hl=ko-KR
ChdDSUhNMG9nS0VJQ0FnSURVaFlDd2x3RRAB,(Google 번역 제공) 좋은 식당 ^^  (원문) Good Restaurant^^,1년 전,2020-11-17 18:40:45.110437,ByungWoo Lee,0,0,https://www.google.com/maps/contrib/115486583111820255112/reviews?hl=ko-KR
ChZDSUhNMG9nS0VJQ0FnSURVLVpER0d3EAE,옛 추억을 살리려 노력만 한길,1년 전,2020-11-17 18:40:45.113471,짱Alice&Billy,0,0,https://www.google.com/maps/contrib/114330197079704362405/reviews?hl=ko-KR
ChZDSUhNMG9nS0VJQ0FnSURVd29HYkd3EAE,,1년 전,2020-11-17 18:40:45.115597,KB SojuHouse,0,0,https://www.google.com/maps/contrib/104515993128633197134/reviews?hl=ko-KR
ChZDSUhNMG9nS0VJQ0FnSUNVcFpHRFNnEAE,,1년 전,2020-11-17 18:40:45.118482,이재식,0,0,https://www.google.com/maps/contrib/106596964645215991740/reviews?hl=ko-KR
ChZDSUhNMG9nS0VJQ0FnSUNVenVfY2J3EAE,맛집,1년 전,2020-11-17 18:40:52.502730,함승만,0,0,https://www.google.com/maps/contrib/115358187370896283145/reviews?hl=ko-KR
ChZDSUhNMG9nS0VJQ0FnSUNVdElyN0NBEAE,"옛날 피맛골로 알려진 자반고등어와 막걸리, 돼지국밥 냄새가 진동하던 거리를 재개발하여 고층 빌딩을 세웠고, 터널형태의 독특한 공간을 확보하여 소호상가, 청진동 상가 등 맛집 거리로 리디자인 한곳. 다양한 먹거리 가득~~delicious korean foods in this street",1년 전,2020-11-17 18:40:52.504222,김혁수,0,0,https://www.google.com/maps/contrib/107737132865600481755/reviews?hl=ko-KR
ChZDSUhNMG9nS0VJQ0FnSURrbzVIdURnEAE,오늘은 이곳에서 영화(스파이더맨를 서울극장에서 보고) 피맛골에서 맥주한잔 아주 최고의 시간이었습니다.,1년 전,2020-11-17 18:40:52.504993,김산근,0,0,https://www.google.com/maps/contrib/106913076995386733514/reviews?hl=ko-KR
ChZDSUhNMG9nS0VJQ0FnSURFbzh5VFNnEAE,,1년 전,2020-11-17 18:40:52.507127,남성이근철,0,0,https://www.google.com/maps/contrib/103671337982363566087/reviews?hl=ko-KR
ChZDSUhNMG9nS0VJQ0FnSUNFLWVtek5REAE,,1년 전,2020-11-17 18:40:52.509143,Zunmin Choi,0,0,https://www.google.com/maps/contrib/109797690306549641470/reviews?hl=ko-KR
ChZDSUhNMG9nS0VJQ0FnSUM0LUpiS2JnEAE,,1년 전,2020-11-17 18:40:52.510148,배재규,0,0,https://www.google.com/maps/contrib/117480462984895341887/reviews?hl=ko-KR
ChZDSUhNMG9nS0VJQ0FnSUM0b051YkNnEAE,,1년 전,2020-11-17 18:40:52.512137,Byung Wook Jeon,0,0,https://www.google.com/maps/contrib/111389432928617233763/reviews?hl=ko-KR
ChZDSUhNMG9nS0VJQ0FnSURZcFlIVEFREAE,,1년 전,2020-11-17 18:40:52.514140,김정래,0,0,https://www.google.com/maps/contrib/104139435746051677556/reviews?hl=ko-KR
ChdDSUhNMG9nS0VJQ0FnSURZNm9hS2dnRRAB,,1년 전,2020-11-17 18:40:52.515771,양지성,0,0,https://www.google.com/maps/contrib/101424536515088320136/reviews?hl=ko-KR
ChZDSUhNMG9nS0VJQ0FnSURZbEtmbEd3EAE,노포를 생각하고 간다며 실망할 수도ᆢ,1년 전,2020-11-17 18:40:52.517033,김희철,0,0,https://www.google.com/maps/contrib/106580490183372208989/reviews?hl=ko-KR
ChdDSUhNMG9nS0VJQ0FnSURZbE9PTzlnRRAB,,1년 전,2020-11-17 18:40:59.931669,신명자,0,0,https://www.google.com/maps/contrib/102331367899209538765/reviews?hl=ko-KR
ChdDSUhNMG9nS0VJQ0FnSUNZd19Md2xnRRAB,세월의 흔적.,1년 전,2020-11-17 18:40:59.934675,Philip Chae,0,0,https://www.google.com/maps/contrib/102988954853890388777/reviews?hl=ko-KR
ChZDSUhNMG9nS0VJQ0FnSUNZamNubVVBEAE,,1년 전,2020-11-17 18:40:59.937348,전미정,0,0,https://www.google.com/maps/contrib/113909062215182407591/reviews?hl=ko-KR
ChdDSUhNMG9nS0VJQ0FnSUNZaWN6Zm1BRRAB,냉면 가격대비 나름 괜찮고 고기 양 쩔음 100그람 3천원 수준,1년 전,2020-11-17 18:40:59.940354,이녘,0,0,https://www.google.com/maps/contrib/107392161436755187419/reviews?hl=ko-KR
ChZDSUhNMG9nS0VJQ0FnSUNZLXNfeFVnEAE,정바된 옛골목길 좋았습니다.,1년 전,2020-11-17 18:40:59.943771,한충우,0,0,https://www.google.com/maps/contrib/111558688053634977421/reviews?hl=ko-KR
ChdDSUhNMG9nS0VJQ0FnSUNZd3F2OHZnRRAB,,1년 전,2020-11-17 18:40:59.945265,도도티,0,0,https://www.google.com/maps/contrib/109048394084075483365/reviews?hl=ko-KR
ChdDSUhNMG9nS0VJQ0FnSUNZakxhLXVBRRAB,,1년 전,2020-11-17 18:40:59.948310,Gecko Lee,0,0,https://www.google.com/maps/contrib/114241069799527620237/reviews?hl=ko-KR
ChZDSUhNMG9nS0VJQ0FnSUNZbE5HaFVREAE,맛은백점...너무매워씀...너무나..뜻거워씀....,1년 전,2020-11-17 18:40:59.949264,박노충,0,0,https://www.google.com/maps/contrib/106569215858873083761/reviews?hl=ko-KR
ChdDSUhNMG9nS0VJQ0FnSUNZME5YQzhBRRAB,맞집골목으로 유명하나 가격의차이 맞의차이가 둘죽날죽 전통의 의미가 결여,1년 전,2020-11-17 18:40:59.951271,김동영,0,0,https://www.google.com/maps/contrib/106767380383010695295/reviews?hl=ko-KR
ChdDSUhNMG9nS0VJQ0FnSURvejVucGxBRRAB,"저녁시간에 세명이편안한6인식탁에서, 갈비찜과수육전골에소주를곁들인시간,모두흡족~마지막엔 계속리필되는수육국물에사리와갈비찜양념국물에밥비벼서먹음",1년 전,2020-11-17 18:40:59.953269,김용철,0,0,https://www.google.com/maps/contrib/100497885361079829300/reviews?hl=ko-KR
ChdDSUhNMG9nS0VJQ0FnSURvMi1iWHZ3RRAB,좋아요,1년 전,2020-11-17 18:41:07.525370,HC Kim,0,0,https://www.google.com/maps/contrib/103788688254864760973/reviews?hl=ko-KR
ChdDSUhNMG9nS0VJQ0FnSURvaFBmSGpnRRAB,,1년 전,2020-11-17 18:41:07.527368,윤성호,0,0,https://www.google.com/maps/contrib/108091990571365005475/reviews?hl=ko-KR
ChdDSUhNMG9nS0VJQ0FnSUNvdi15UmpBRRAB,저렴하고 양도 푸짐하고 맛도 있음.,1년 전,2020-11-17 18:41:07.529378,박세진,0,0,https://www.google.com/maps/contrib/106006084275041813334/reviews?hl=ko-KR
ChZDSUhNMG9nS0VJQ0FnSUNvcHVTZVR3EAE,좁은 골목길에 담배 피우는 사람들이 많아서 다니기가 불편 했습니다,1년 전,2020-11-17 18:41:07.530400,james kim,0,0,https://www.google.com/maps/contrib/108589859779059389511/reviews?hl=ko-KR
ChdDSUhNMG9nS0VJQ0FnSUNvMHJQbDdBRRAB,,1년 전,2020-11-17 18:41:07.532486,정유희,0,0,https://www.google.com/maps/contrib/112262384094454054613/reviews?hl=ko-KR
ChZDSUhNMG9nS0VJQ0FnSURJNTZIOUVBEAE,,1년 전,2020-11-17 18:41:07.533486,정휴봉,0,0,https://www.google.com/maps/contrib/114951879933494753790/reviews?hl=ko-KR
ChdDSUhNMG9nS0VJQ0FnSURJNTRxMXpRRRAB,,1년 전,2020-11-17 18:41:07.535485,김순만,0,0,https://www.google.com/maps/contrib/102615307529511494510/reviews?hl=ko-KR
ChdDSUhNMG9nS0VJQ0FnSURJeF9xd2tRRRAB,,1년 전,2020-11-17 18:41:07.537327,이희권,0,0,https://www.google.com/maps/contrib/116009478922638401377/reviews?hl=ko-KR
ChdDSUhNMG9nS0VJQ0FnSURJdTh5RXVRRRAB,,1년 전,2020-11-17 18:41:07.538673,김동주,0,0,https://www.google.com/maps/contrib/101189388173424228972/reviews?hl=ko-KR
ChZDSUhNMG9nS0VJQ0FnSURJMDgydVhBEAE,,1년 전,2020-11-17 18:41:07.540872,saeiiimm lee,0,0,https://www.google.com/maps/contrib/102802112135946340424/reviews?hl=ko-KR
ChdDSUhNMG9nS0VJQ0FnSURJM1phamhnRRAB,흥미진진...맛집 많고 가성비 좋고..아직도 이런 곳이 있다는게 행복합니다,1년 전,2020-11-17 18:41:15.185409,이상윤,0,0,https://www.google.com/maps/contrib/112954971575689852591/reviews?hl=ko-KR
ChZDSUhNMG9nS0VJQ0FnSURJblkyUGFnEAE,찌개마을로 이름바뀜 맛있음,1년 전,2020-11-17 18:41:15.187767,양태호,0,0,https://www.google.com/maps/contrib/111101810686454150533/reviews?hl=ko-KR
ChZDSUhNMG9nS0VJQ0FnSURJcmFlaWV3EAE,,1년 전,2020-11-17 18:41:15.188920,philhoe Kim,0,0,https://www.google.com/maps/contrib/111644371487911402672/reviews?hl=ko-KR
ChdDSUhNMG9nS0VJQ0FnSURJcmRHRWpBRRAB,아주~좋아요,1년 전,2020-11-17 18:41:15.190987,손창식,0,0,https://www.google.com/maps/contrib/104964203007518400344/reviews?hl=ko-KR
ChZDSUhNMG9nS0VJQ0FnSURJNGFXaGVBEAE,,1년 전,2020-11-17 18:41:15.192949,김경호,0,0,https://www.google.com/maps/contrib/118306931770205810665/reviews?hl=ko-KR
ChZDSUhNMG9nS0VJQ0FnSURJX3Vxb053EAE,,1년 전,2020-11-17 18:41:15.193987,김현만,0,0,https://www.google.com/maps/contrib/104651790366215872864/reviews?hl=ko-KR
ChdDSUhNMG9nS0VJQ0FnSURJM3NLZXlnRRAB,3모녀가 오랜만에 서울나들이했어요 귀금속상에서  예쁜목걸이하나씩장만하고 근처 고깃집에서 맛난갈매기살로 배도   든든히채웠어요 가성비갑~^^ 즐건시간보내고왔어요 ~,1년 전,2020-11-17 18:41:15.195992,S서녹,0,0,https://www.google.com/maps/contrib/107698170961342108594/reviews?hl=ko-KR
ChZDSUhNMG9nS0VJQ0FnSURJenFic0xREAE,사랑하는 연인과 다정하게 여유로운 연애를 하기 좋은 전통적인 골목입니다 같이 둘이서 식사 나 차 같은 음식과 하룻밤 묵고갈수 있는 숙박업소 들 밀집됀 서울의 명소입니다 골목끝에 피카디리 1958 극장도 있어 영화 구경 도 겸할수 있어 정다운 골목 이예요,1년 전,2020-11-17 18:41:15.197014,이경수,0,0,https://www.google.com/maps/contrib/105914128034318127610/reviews?hl=ko-KR
ChZDSUhNMG9nS0VJQ0FnSURJaXVTbVpnEAE,,1년 전,2020-11-17 18:41:15.198776,사랑해사랑해,0,0,https://www.google.com/maps/contrib/108178022497818852919/reviews?hl=ko-KR
ChZDSUhNMG9nS0VJQ0FnSURJMHNPcFdBEAE,,1년 전,2020-11-17 18:41:15.202419,J G,0,0,https://www.google.com/maps/contrib/104775996127231773006/reviews?hl=ko-KR
ChZDSUhNMG9nS0VJQ0FnSURJMHZLeFZBEAE,평타,1년 전,2020-11-17 18:41:23.058801,재지뉴,0,0,https://www.google.com/maps/contrib/109020503144417021091/reviews?hl=ko-KR
ChdDSUhNMG9nS0VJQ0FnSURJck9UZl9BRRAB,진짜진짜 맛있는데 분위기는 어른들이많아서 시끄럽고 그런데 정말 맛있음 근데 반찬이 약간 별로임 양도많은데 화장실이 살짝 불편,1년 전,2020-11-17 18:41:23.060907,LYEE KIM,0,0,https://www.google.com/maps/contrib/100629905007246117930/reviews?hl=ko-KR
ChdDSUhNMG9nS0VJQ0FnSURJeU4yT3FBRRAB,,1년 전,2020-11-17 18:41:23.062995,김병규,0,0,https://www.google.com/maps/contrib/111805939471068691606/reviews?hl=ko-KR
ChZDSUhNMG9nS0VJQ0FnSURJMFByeVBnEAE,,1년 전,2020-11-17 18:41:23.064257,양원승,0,0,https://www.google.com/maps/contrib/110376561242048466119/reviews?hl=ko-KR
ChZDSUhNMG9nS0VJQ0FnSURJb01MeFFnEAE,,1년 전,2020-11-17 18:41:23.066550,오창열,0,0,https://www.google.com/maps/contrib/105013162065390587352/reviews?hl=ko-KR
ChdDSUhNMG9nS0VJQ0FnSUNJMzRDUnRnRRAB,,1년 전,2020-11-17 18:41:23.068443,Mandy Jung,0,0,https://www.google.com/maps/contrib/101316041275118982305/reviews?hl=ko-KR
ChZDSUhNMG9nS0VJQ0FnSUNJel92ZVB3EAE,추억이 담겨진곳,1년 전,2020-11-17 18:41:23.070426,채광호corhkdgh54,0,0,https://www.google.com/maps/contrib/109426502930915671674/reviews?hl=ko-KR
ChdDSUhNMG9nS0VJQ0FnSUNJdDVhbWhnRRAB,,1년 전,2020-11-17 18:41:23.072411,Iu Chan Chang,0,0,https://www.google.com/maps/contrib/107242671816274640489/reviews?hl=ko-KR
ChZDSUhNMG9nS0VJQ0FnSUNJNTV2RU1BEAE,,1년 전,2020-11-17 18:41:23.073757,오흥식,0,0,https://www.google.com/maps/contrib/110859971092303938612/reviews?hl=ko-KR
ChdDSUhNMG9nS0VJQ0FnSUNJbllldDh3RRAB,,1년 전,2020-11-17 18:41:23.075511,J.W ZZung,0,0,https://www.google.com/maps/contrib/112065459218036960041/reviews?hl=ko-KR
ChZDSUhNMG9nS0VJQ0FnSUNJamNDNUZBEAE,,1년 전,2020-11-17 18:41:30.998678,YongHeum Yeon,0,0,https://www.google.com/maps/contrib/115031464099634251975/reviews?hl=ko-KR
ChdDSUhNMG9nS0VJQ0FnSUNJdGJicXBRRRAB,,1년 전,2020-11-17 18:41:30.999675,김상치,0,0,https://www.google.com/maps/contrib/105454670811175399932/reviews?hl=ko-KR
ChdDSUhNMG9nS0VJQ0FnSUNJNmFXY2pBRRAB,,1년 전,2020-11-17 18:41:31.000770,장원혁,0,0,https://www.google.com/maps/contrib/113011719191791771457/reviews?hl=ko-KR
ChdDSUhNMG9nS0VJQ0FnSUNJcVlTX2tnRRAB,,1년 전,2020-11-17 18:41:31.002960,박정현,0,0,https://www.google.com/maps/contrib/116789431517595718934/reviews?hl=ko-KR
ChZDSUhNMG9nS0VJQ0FnSUNJeWVXcGFREAE,주변여관시설이외 식당들은 준수한편임,1년 전,2020-11-17 18:41:31.004124,Victor SEO,0,0,https://www.google.com/maps/contrib/100133014987997113611/reviews?hl=ko-KR
ChdDSUhNMG9nS0VJQ0FnSUNJaVkyYzVBRRAB,,1년 전,2020-11-17 18:41:31.005815,유병만,0,0,https://www.google.com/maps/contrib/108866863127661419460/reviews?hl=ko-KR
ChdDSUhNMG9nS0VJQ0FnSUNJN3JTQzhBRRAB,,1년 전,2020-11-17 18:41:31.007981,이용운,0,0,https://www.google.com/maps/contrib/112473846393461194540/reviews?hl=ko-KR
ChZDSUhNMG9nS0VJQ0FnSUNJNXFQUUNREAE,,2년 전,2020-11-17 18:41:31.008988,주용박,0,0,https://www.google.com/maps/contrib/113330526605901401657/reviews?hl=ko-KR
ChZDSUhNMG9nS0VJQ0FnSUNJaHZ1aUxnEAE,,2년 전,2020-11-17 18:41:31.010986,한성현,0,0,https://www.google.com/maps/contrib/117298513823324658962/reviews?hl=ko-KR
ChZDSUhNMG9nS0VJQ0FnSUNJMnRUYmNREAE,,2년 전,2020-11-17 18:41:31.012979,박하종,0,0,https://www.google.com/maps/contrib/118181610783033739141/reviews?hl=ko-KR
ChZDSUhNMG9nS0VJQ0FnSUNJMHVpY1BREAE,,2년 전,2020-11-17 18:41:39.040216,홍준표,0,0,https://www.google.com/maps/contrib/113334818659184834943/reviews?hl=ko-KR
ChZDSUhNMG9nS0VJQ0FnSUNJa3JIUldnEAE,,2년 전,2020-11-17 18:41:39.041321,엄민용,0,0,https://www.google.com/maps/contrib/112275754101137648031/reviews?hl=ko-KR
ChZDSUhNMG9nS0VJQ0FnSUN3X19mcElREAE,,2년 전,2020-11-17 18:41:39.042848,이대로,0,0,https://www.google.com/maps/contrib/114920167011632544446/reviews?hl=ko-KR
ChdDSUhNMG9nS0VJQ0FnSUR3NnQ3NnpnRRAB,별로..,2년 전,2020-11-17 18:41:39.044842,이경의,0,0,https://www.google.com/maps/contrib/118127329560158035687/reviews?hl=ko-KR
ChZDSUhNMG9nS0VJQ0FnSUR3cXJ2clR3EAE,,2년 전,2020-11-17 18:41:39.046841,양병천,0,0,https://www.google.com/maps/contrib/106287653318817444458/reviews?hl=ko-KR
ChZDSUhNMG9nS0VJQ0FnSURRN0pyV0dnEAE,,2년 전,2020-11-17 18:41:39.047841,그림쟁이원,0,0,https://www.google.com/maps/contrib/105911049677148098754/reviews?hl=ko-KR
ChdDSUhNMG9nS0VJQ0FnSURnbGJDeWx3RRAB,다양한 음식점들이 많이 있다,2년 전,2020-11-17 18:41:39.049934,top World,0,0,https://www.google.com/maps/contrib/103740957656773320221/reviews?hl=ko-KR
ChdDSUhNMG9nS0VJQ0FnSURnd3NlbXBnRRAB,,2년 전,2020-11-17 18:41:39.051934,김현준,0,0,https://www.google.com/maps/contrib/102885156336578827303/reviews?hl=ko-KR
ChZDSUhNMG9nS0VJQ0FnSUNRMDhyOWZREAE,명동동태찌게,2년 전,2020-11-17 18:41:39.052941,박승철,0,0,https://www.google.com/maps/contrib/109820450433028944678/reviews?hl=ko-KR
ChZDSUhNMG9nS0VJQ0FnSURnaTZhY0FREAE,가성비 괜찮은 고기집... 맛도 좋아요... 저렴하게 고기 먹을 수 있는곳... 추천합니다.,2년 전,2020-11-17 18:41:39.054940,임성필,0,0,https://www.google.com/maps/contrib/113182130834035802098/reviews?hl=ko-KR
ChdDSUhNMG9nS0VJQ0FnSURRM2Z6MjBRRRAB,,2년 전,2020-11-17 18:41:47.159804,윤군현,0,0,https://www.google.com/maps/contrib/116281765255728264829/reviews?hl=ko-KR
ChZDSUhNMG9nS0VJQ0FnSURRak1ib2FnEAE,종로3가,2년 전,2020-11-17 18:41:47.160804,Hyunkook Hong,0,0,https://www.google.com/maps/contrib/100216971613306779146/reviews?hl=ko-KR
ChZDSUhNMG9nS0VJQ0FnSUNBbF9pN2JBEAE,항상 만족,2년 전,2020-11-17 18:41:47.162803,TAEKIL LEE,0,0,https://www.google.com/maps/contrib/107240536090878015707/reviews?hl=ko-KR
ChZDSUhNMG9nS0VJQ0FnSURBMGNqMUt3EAE,,2년 전,2020-11-17 18:41:47.164804,김현진,0,0,https://www.google.com/maps/contrib/116049213066829496128/reviews?hl=ko-KR
ChdDSUhNMG9nS0VJQ0FnSURneGJ5eHlBRRAB,옛날이여 쏘주 한잔 하던데가 어제 같았는데 번써 50년 전 세월이 흘러서 갔내,2년 전,2020-11-17 18:41:47.165809,윤연흔,0,0,https://www.google.com/maps/contrib/111523234707125658036/reviews?hl=ko-KR
ChZDSUhNMG9nS0VJQ0FnSURnd29XWEVREAE,음식값은 좀 싼섯같아요. 그래도 좋았어여,2년 전,2020-11-17 18:41:47.167804,황종훈,0,0,https://www.google.com/maps/contrib/103781538295060539478/reviews?hl=ko-KR
ChdDSUhNMG9nS0VJQ0FnSUNRcHZ5VWpBRRAB,,2년 전,2020-11-17 18:41:47.170927,임재석,0,0,https://www.google.com/maps/contrib/115015998406491632048/reviews?hl=ko-KR
ChdDSUhNMG9nS0VJQ0FnSUNBLW9MZXB3RRAB,맛있어요 가격대비 맛이 끝네줍니다 친절하고 넓고 고기도 맛있네요 피맛골 갈매기살 1등 입니다,2년 전,2020-11-17 18:41:47.173929,정주연,0,0,https://www.google.com/maps/contrib/104898197439247705227/reviews?hl=ko-KR
ChZDSUhNMG9nS0VJQ0FnSURnbnR6T0FnEAE,,2년 전,2020-11-17 18:41:47.176922,김일호,0,0,https://www.google.com/maps/contrib/105373154830802487925/reviews?hl=ko-KR
ChZDSUhNMG9nS0VJQ0FnSUNBd2FlQkJnEAE,싸니까. 덜 친절 덜 맛,2년 전,2020-11-17 18:41:47.179921,Pmm Lee,0,0,https://www.google.com/maps/contrib/116196884919497773106/reviews?hl=ko-KR
ChZDSUhNMG9nS0VJQ0FnSUNneExyTWVnEAE,,2년 전,2020-11-17 18:41:55.557628,지흥구,0,0,https://www.google.com/maps/contrib/115997032057277972798/reviews?hl=ko-KR
ChdDSUhNMG9nS0VJQ0FnSUNRMmV2emlnRRAB,저렴하고 맛나요.,2년 전,2020-11-17 18:41:55.558611,문혜영,0,0,https://www.google.com/maps/contrib/103640384194624701082/reviews?hl=ko-KR
ChZDSUhNMG9nS0VJQ0FnSUN3bE1LR1VnEAE,,2년 전,2020-11-17 18:41:55.560465,전현수,0,0,https://www.google.com/maps/contrib/108028504240844950421/reviews?hl=ko-KR
ChZDSUhNMG9nS0VJQ0FnSUN3bWJfOEJBEAE,싸고 조아요,2년 전,2020-11-17 18:41:55.562609,박노필,0,0,https://www.google.com/maps/contrib/113643528892937492766/reviews?hl=ko-KR
ChZDSUhNMG9nS0VJQ0FnSURReWN1eFBREAE,,2년 전,2020-11-17 18:41:55.563627,채영병,0,0,https://www.google.com/maps/contrib/104298616170283202502/reviews?hl=ko-KR
ChdDSUhNMG9nS0VJQ0FnSURnMHRUNF93RRAB,,2년 전,2020-11-17 18:41:55.565615,우희연,0,0,https://www.google.com/maps/contrib/111135751742817214518/reviews?hl=ko-KR
ChZDSUhNMG9nS0VJQ0FnSURBX2ZXUkhREAE,명동찌개마을 방문기 그집ㅡ 메뉴판 옆에 붙어있는 성전문구 대로 탁월한 맛! 충분한 양!! 착한가격!!! 말이 필요없는 찐짜 최고의집 입니다.,2년 전,2020-11-17 18:41:55.566601,박정환,0,0,https://www.google.com/maps/contrib/108382405700210966789/reviews?hl=ko-KR
ChdDSUhNMG9nS0VJQ0FnSURRd0w2ZzZRRRAB,,2년 전,2020-11-17 18:41:55.568606,ᄋᄋᄋ,0,0,https://www.google.com/maps/contrib/103998640442586754879/reviews?hl=ko-KR
ChdDSUhNMG9nS0VJQ0FnSUNnZ3VqUWx3RRAB,,2년 전,2020-11-17 18:41:55.569710,나무꾼,0,0,https://www.google.com/maps/contrib/111447717369261995686/reviews?hl=ko-KR
ChdDSUhNMG9nS0VJQ0FnSUN3N2UtYWhnRRAB,보통사람이 소주 한잔 하기에 부담없는 좋은 장소,2년 전,2020-11-17 18:41:55.571929,나하나,0,0,https://www.google.com/maps/contrib/117982567450369283273/reviews?hl=ko-KR
ChdDSUhNMG9nS0VJQ0FnSUNBaTllNWxRRRAB,전통장소로 가성비 최고,2년 전,2020-11-17 18:42:03.962867,나찬문,0,0,https://www.google.com/maps/contrib/114904918614220660761/reviews?hl=ko-KR
ChZDSUhNMG9nS0VJQ0FnSUN3M2FfNVNnEAE,피맛골 갈매기살,2년 전,2020-11-17 18:42:03.964475,유나영,0,0,https://www.google.com/maps/contrib/107598918045248656862/reviews?hl=ko-KR
ChZDSUhNMG9nS0VJQ0FnSURRcjYzbUZ3EAE,한식음식점거리,2년 전,2020-11-17 18:42:03.965622,상호안,0,0,https://www.google.com/maps/contrib/100587198787308689371/reviews?hl=ko-KR
ChdDSUhNMG9nS0VJQ0FnSURBei1EM3FBRRAB,,2년 전,2020-11-17 18:42:03.967602,김현수,0,0,https://www.google.com/maps/contrib/110275310061582546104/reviews?hl=ko-KR
ChdDSUhNMG9nS0VJQ0FnSUN3N292Tnh3RRAB,친절,2년 전,2020-11-17 18:42:03.968600,최정아,0,0,https://www.google.com/maps/contrib/111923518899782567641/reviews?hl=ko-KR
ChdDSUhNMG9nS0VJQ0FnSURRcGNIaHVnRRAB,,2년 전,2020-11-17 18:42:03.970601,남정윤,0,0,https://www.google.com/maps/contrib/109210087302873469418/reviews?hl=ko-KR
ChdDSUhNMG9nS0VJQ0FnSUNRXzcteXlBRRAB,왜이리 비싸요 예날 피맛골 아님,2년 전,2020-11-17 18:42:03.972599,vehicler,0,0,https://www.google.com/maps/contrib/108003206445237644091/reviews?hl=ko-KR
ChdDSUhNMG9nS0VJQ0FnSUNBanJuUjN3RRAB,저렴한 가격~^~,3년 전,2020-11-17 18:42:03.974552,조재훈,0,0,https://www.google.com/maps/contrib/118258841368383684617/reviews?hl=ko-KR
ChdDSUhNMG9nS0VJQ0FnSURRNmFmZGpBRRAB,,3년 전,2020-11-17 18:42:03.976293,임병인,0,0,https://www.google.com/maps/contrib/102068365143644131508/reviews?hl=ko-KR
ChdDSUhNMG9nS0VJQ0FnSUNBdmRlYTlBRRAB,,3년 전,2020-11-17 18:42:03.978298,임달한,0,0,https://www.google.com/maps/contrib/105365842908466978431/reviews?hl=ko-KR
ChZDSUhNMG9nS0VJQ0FnSUNnaEl5Q1RBEAE,저렴한 뒷골목.,3년 전,2020-11-17 18:42:12.593327,오세환,0,0,https://www.google.com/maps/contrib/105941573573665785385/reviews?hl=ko-KR
ChdDSUhNMG9nS0VJQ0FnSUNnNTRhN2d3RRAB,그래요,3년 전,2020-11-17 18:42:12.595084,박경철,0,0,https://www.google.com/maps/contrib/103783350460590337297/reviews?hl=ko-KR
ChdDSUhNMG9nS0VJQ0FnSURRaFlDMDhnRRAB,(Google 번역 제공) 이전만큼 좋지 않은  (원문) Not as good as before,3년 전,2020-11-17 18:42:12.596087,New김이석,0,0,https://www.google.com/maps/contrib/102540381546325557989/reviews?hl=ko-KR
ChZDSUhNMG9nS0VJQ0FnSUN3dS15ZmRnEAE,언제나 옛스러운 느낌,3년 전,2020-11-17 18:42:12.598085,영준youngjoon choi,0,0,https://www.google.com/maps/contrib/116573143487123515702/reviews?hl=ko-KR
ChdDSUhNMG9nS0VJQ0FnSURndHJ5VHJRRRAB,,3년 전,2020-11-17 18:42:12.600093,김수남,0,0,https://www.google.com/maps/contrib/109784559207319407870/reviews?hl=ko-KR
