﻿id_review,caption,relative_date,retrieval_date,username,n_review_user,n_photo_user,url_user
ChdDSUhNMG9nS0VJQ0FnSURDenRqNThnRRAB,,1달 전,51:52.7,임태우,0,0,https://www.google.com/maps/contrib/103238230532780874257/reviews?hl=ko-KR
ChZDSUhNMG9nS0VJQ0FnSUNDN0liSU9nEAE,,2달 전,51:52.7,김범철,0,0,https://www.google.com/maps/contrib/110364817404870980617/reviews?hl=ko-KR
ChdDSUhNMG9nS0VJQ0FnSURjOHNiT2t3RRAB,,5달 전,51:52.7,허준석,0,0,https://www.google.com/maps/contrib/117737375064248395644/reviews?hl=ko-KR
ChdDSUhNMG9nS0VJQ0FnSURjaEszQmtRRRAB,조용히 서울 시내의 운치를 느낄수 있눈곳,5달 전,51:52.7,최임경,0,0,https://www.google.com/maps/contrib/100891332828481134221/reviews?hl=ko-KR
ChZDSUhNMG9nS0VJQ0FnSURzeXBERWF3EAE,나만 알고싶다.,8달 전,51:52.7,soo young kim,0,0,https://www.google.com/maps/contrib/110083584790113864138/reviews?hl=ko-KR
ChZDSUhNMG9nS0VJQ0FnSURzeVB2UVp3EAE,,8달 전,51:52.7,Jude Jung,0,0,https://www.google.com/maps/contrib/109878583818032104543/reviews?hl=ko-KR
ChZDSUhNMG9nS0VJQ0FnSUNzMTV5NFVnEAE,,8달 전,51:52.7,신앤디,0,0,https://www.google.com/maps/contrib/110854544312663440369/reviews?hl=ko-KR
ChZDSUhNMG9nS0VJQ0FnSUNzbllqQlRBEAE,,8달 전,51:52.7,코난,0,0,https://www.google.com/maps/contrib/104005958427055461478/reviews?hl=ko-KR
ChZDSUhNMG9nS0VJQ0FnSUNzLWVxNEt3EAE,,9달 전,51:52.7,장병철,0,0,https://www.google.com/maps/contrib/110975160004482491687/reviews?hl=ko-KR
ChZDSUhNMG9nS0VJQ0FnSURNOWZISUFnEAE,,9달 전,51:52.7,최jd,0,0,https://www.google.com/maps/contrib/106779020440785843724/reviews?hl=ko-KR
ChZDSUhNMG9nS0VJQ0FnSUNzdXB1SVRREAE,역사문화관,9달 전,51:52.7,김이헌,0,0,https://www.google.com/maps/contrib/115746094148404611093/reviews?hl=ko-KR
ChdDSUhNMG9nS0VJQ0FnSUNzMHZDSnRnRRAB,러시아공사관옛터,9달 전,51:52.7,이광휘,0,0,https://www.google.com/maps/contrib/112699083632554242166/reviews?hl=ko-KR
ChdDSUhNMG9nS0VJQ0FnSURNenNyaG5BRRAB,,9달 전,51:52.7,Min-kyou Kim,0,0,https://www.google.com/maps/contrib/114847377246893179614/reviews?hl=ko-KR
ChZDSUhNMG9nS0VJQ0FnSURNeC1LYVZnEAE,,9달 전,51:52.7,Jacobs M,0,0,https://www.google.com/maps/contrib/109659232707168188203/reviews?hl=ko-KR
ChZDSUhNMG9nS0VJQ0FnSURNaDdfbUpBEAE,,9달 전,51:52.7,서차수,0,0,https://www.google.com/maps/contrib/112397496667945777941/reviews?hl=ko-KR
ChZDSUhNMG9nS0VJQ0FnSURNNmZEa1hnEAE,굿! 엄지척,10달 전,51:52.7,yw kahng,0,0,https://www.google.com/maps/contrib/101052201306764186048/reviews?hl=ko-KR
ChZDSUhNMG9nS0VJQ0FnSURNOGRtQUxnEAE,아무것도 없음,10달 전,51:52.8,장승현,0,0,https://www.google.com/maps/contrib/112947646452403381588/reviews?hl=ko-KR
ChZDSUhNMG9nS0VJQ0FnSURNMk9XN2FBEAE,근현대 역사가 고스란히 담아있는 건축물들이 많다.,10달 전,51:52.8,novellus,0,0,https://www.google.com/maps/contrib/112833428402697336748/reviews?hl=ko-KR
ChdDSUhNMG9nS0VJQ0FnSUNNamVyRm5BRRAB,,11달 전,51:52.8,김현주,0,0,https://www.google.com/maps/contrib/107159747533904462896/reviews?hl=ko-KR
ChZDSUhNMG9nS0VJQ0FnSUNNN3BmOE53EAE,,11달 전,51:52.8,Aminul Hoque,0,0,https://www.google.com/maps/contrib/101208106663006088889/reviews?hl=ko-KR
ChZDSUhNMG9nS0VJQ0FnSUQwcWZDZWNREAE,"태극기 집회 때문에 소란스럽지만, 한 번 쯤은 가볼만한 장소.",1년 전,51:59.0,김동빈,0,0,https://www.google.com/maps/contrib/106093958294072562926/reviews?hl=ko-KR
ChZDSUhNMG9nS0VJQ0FnSUQwaWQtbVZBEAE,,1년 전,51:59.0,북촌다락,0,0,https://www.google.com/maps/contrib/114167117681212251537/reviews?hl=ko-KR
ChZDSUhNMG9nS0VJQ0FnSUQwaVpuQUpnEAE,슬퍼,1년 전,51:59.0,여정동,0,0,https://www.google.com/maps/contrib/100134296057196571104/reviews?hl=ko-KR
ChZDSUhNMG9nS0VJQ0FnSUQwc2RtbGR3EAE,정동공원 옆 구 러시아공사관 터가 있어 대한제국 시절의 고종이 어떻게 이동했을지 상상을 할 수 맀음,1년 전,51:59.0,김완범,0,0,https://www.google.com/maps/contrib/117214575308326483157/reviews?hl=ko-KR
ChdDSUhNMG9nS0VJQ0FnSUQwd1pXX3V3RRAB,언제 지나가도 고즈넉한 곳. 단 관광객이 너무 많아요.,1년 전,51:59.0,Keed Kim,0,0,https://www.google.com/maps/contrib/106447587947289022559/reviews?hl=ko-KR
ChZDSUhNMG9nS0VJQ0FnSUQwenJhR0dREAE,역사적인 장소이고 도심속의 조용한 공간으로서 잠시 쉬어갈 수 있는 곳이지요!,1년 전,51:59.0,박내규,0,0,https://www.google.com/maps/contrib/106976535237596500734/reviews?hl=ko-KR
ChdDSUhNMG9nS0VJQ0FnSUQwMXVPdXNnRRAB,,1년 전,51:59.0,반주완,0,0,https://www.google.com/maps/contrib/100123300526360012948/reviews?hl=ko-KR
ChdDSUhNMG9nS0VJQ0FnSUQwMXRpX2tRRRAB,"아관파천의 여가적 흔적, 구러시아공사관 탑이 남아있다. 우측으로 나가면 고종의길로 연결된다.",1년 전,51:59.0,Jun Jung,0,0,https://www.google.com/maps/contrib/105245847597192549200/reviews?hl=ko-KR
ChdDSUhNMG9nS0VJQ0FnSUQwLXREeDVBRRAB,주변에 살고싶다는 생각이들더라구요 ㅋㅋㅋ 깔끔하고 멋진동네,1년 전,51:59.0,권상헌,0,0,https://www.google.com/maps/contrib/113327118456210413410/reviews?hl=ko-KR
ChdDSUhNMG9nS0VJQ0FnSUQwZ3V5LXFRRRAB,,1년 전,51:59.0,김영호,0,0,https://www.google.com/maps/contrib/103963492235423708066/reviews?hl=ko-KR
ChdDSUhNMG9nS0VJQ0FnSUQwckpHVnZBRRAB,정동야행 이란 이름으로 행사 중입니다 다양한 볼 거리와 조명에 비친 야경이 참 예쁘네요.,1년 전,52:05.3,sangjae lee,0,0,https://www.google.com/maps/contrib/107976040863911177051/reviews?hl=ko-KR
ChRDSUhNMG9nS0VJQ0FnSUQwckl4SxAB,,1년 전,52:05.3,Jeon Jeremy,0,0,https://www.google.com/maps/contrib/106362127332672458434/reviews?hl=ko-KR
ChdDSUhNMG9nS0VJQ0FnSUQwcEo2dzhBRRAB,산책하기 좋습니다,1년 전,52:05.3,이창열,0,0,https://www.google.com/maps/contrib/108841675803399552821/reviews?hl=ko-KR
ChdDSUhNMG9nS0VJQ0FnSUQwaU8tSzhRRRAB,,1년 전,52:05.3,Yongo Kwon,0,0,https://www.google.com/maps/contrib/113296636856291097585/reviews?hl=ko-KR
ChZDSUhNMG9nS0VJQ0FnSUQwaVBIbFZBEAE,새로운경험,1년 전,52:05.3,현성진,0,0,https://www.google.com/maps/contrib/103142697564372174529/reviews?hl=ko-KR
ChdDSUhNMG9nS0VJQ0FnSUQwc0xpYmp3RRAB,,1년 전,52:05.3,이지연,0,0,https://www.google.com/maps/contrib/114309292830344487687/reviews?hl=ko-KR
ChdDSUhNMG9nS0VJQ0FnSUMwdjhEbXR3RRAB,,1년 전,52:05.3,유제현,0,0,https://www.google.com/maps/contrib/105662354922120762996/reviews?hl=ko-KR
ChZDSUhNMG9nS0VJQ0FnSUMwbi12NU5nEAE,한적하고 좋네요,1년 전,52:05.3,심연정,0,0,https://www.google.com/maps/contrib/108580761891192247072/reviews?hl=ko-KR
ChZDSUhNMG9nS0VJQ0FnSUMwOTZXNE5BEAE,,1년 전,52:05.3,김혜아,0,0,https://www.google.com/maps/contrib/106403089176990373331/reviews?hl=ko-KR
ChZDSUhNMG9nS0VJQ0FnSUMwNTdqR1J3EAE,,1년 전,52:05.3,ᆞᆞ,0,0,https://www.google.com/maps/contrib/104180111635614252354/reviews?hl=ko-KR
ChZDSUhNMG9nS0VJQ0FnSUMwcDZmREJBEAE,,1년 전,52:11.7,Joon Kyu CHUNG,0,0,https://www.google.com/maps/contrib/116630429953768570203/reviews?hl=ko-KR
ChZDSUhNMG9nS0VJQ0FnSUMwaDkyREZ3EAE,,1년 전,52:11.7,MyoKyun Shin,0,0,https://www.google.com/maps/contrib/114939649881539615465/reviews?hl=ko-KR
ChdDSUhNMG9nS0VJQ0FnSUMweGRQMHJRRRAB,한번 걷다가 쉬기 좋아요. 조용하구.,1년 전,52:11.7,Sang Yeon Hwang,0,0,https://www.google.com/maps/contrib/108309131092240147214/reviews?hl=ko-KR
ChdDSUhNMG9nS0VJQ0FnSUMwd1lEV2lBRRAB,,1년 전,52:11.7,학게임소년문,0,0,https://www.google.com/maps/contrib/105199234826317480003/reviews?hl=ko-KR
ChZDSUhNMG9nS0VJQ0FnSUMwM3RuWUN3EAE,,1년 전,52:11.7,JY LEE,0,0,https://www.google.com/maps/contrib/117953873334049564009/reviews?hl=ko-KR
ChZDSUhNMG9nS0VJQ0FnSUMwM3VIcFJBEAE,,1년 전,52:11.7,김정연,0,0,https://www.google.com/maps/contrib/103011828131094861711/reviews?hl=ko-KR
ChdDSUhNMG9nS0VJQ0FnSUMwcnE3UXhRRRAB,,1년 전,52:11.7,김윤수,0,0,https://www.google.com/maps/contrib/101199483973791860219/reviews?hl=ko-KR
ChdDSUhNMG9nS0VJQ0FnSUMwLW9TbjBBRRAB,아관파천의 역사가 담겨있는 러시아공사관의 유적. 바로 부ㄸ어있는 덕수궁. 슬픈 역사를 느킬수 있는곳. 도심  속의 소공원.,1년 전,52:11.7,걸어서백만리,0,0,https://www.google.com/maps/contrib/117327840150796411926/reviews?hl=ko-KR
ChZDSUhNMG9nS0VJQ0FnSUMwMm92V0t3EAE,,1년 전,52:11.7,순신김,0,0,https://www.google.com/maps/contrib/103388241531826936799/reviews?hl=ko-KR
ChdDSUhNMG9nS0VJQ0FnSUMwdElTZnFBRRAB,점심시간에 산책하기좋아요,1년 전,52:11.7,유영선,0,0,https://www.google.com/maps/contrib/113704993725382186962/reviews?hl=ko-KR
ChdDSUhNMG9nS0VJQ0FnSURVal9ENG9RRRAB,서울 도심에 아늑하고 여유를 즐길 수 있는 아름다운 공원입니다.,1년 전,52:18.1,Wonsang You,0,0,https://www.google.com/maps/contrib/111843312510159690615/reviews?hl=ko-KR
ChZDSUhNMG9nS0VJQ0FnSURVeTRISk1REAE,,1년 전,52:18.1,길성준,0,0,https://www.google.com/maps/contrib/102031566234328563281/reviews?hl=ko-KR
ChdDSUhNMG9nS0VJQ0FnSURVa19xQnZBRRAB,도심 속에서 가볍게 여유를 즐길 수 있는 작은 공원,1년 전,52:18.1,hfkais,0,0,https://www.google.com/maps/contrib/113646078933761603745/reviews?hl=ko-KR
ChdDSUhNMG9nS0VJQ0FnSUNVbzdianZnRRAB,,1년 전,52:18.1,이준희,0,0,https://www.google.com/maps/contrib/115051644442393397749/reviews?hl=ko-KR
ChdDSUhNMG9nS0VJQ0FnSUNVb2ZUMjh3RRAB,,1년 전,52:18.1,고여기,0,0,https://www.google.com/maps/contrib/112136333885081741409/reviews?hl=ko-KR
ChdDSUhNMG9nS0VJQ0FnSUNVcnBiXzN3RRAB,역사가 살아있는 장소,1년 전,52:18.1,부자고픈아빠,0,0,https://www.google.com/maps/contrib/108946953319635281235/reviews?hl=ko-KR
ChdDSUhNMG9nS0VJQ0FnSUNVNEtLWnRnRRAB,나름의 운치와 역사가 있는 공간,1년 전,52:18.1,Prodigy Duck,0,0,https://www.google.com/maps/contrib/111350501219298872224/reviews?hl=ko-KR
ChZDSUhNMG9nS0VJQ0FnSURreTRPRlpBEAE,,1년 전,52:18.1,최경호,0,0,https://www.google.com/maps/contrib/116874472173479642958/reviews?hl=ko-KR
ChdDSUhNMG9nS0VJQ0FnSURrZ2JLZmxBRRAB,아담함,1년 전,52:18.1,김경태,0,0,https://www.google.com/maps/contrib/102960400756603496226/reviews?hl=ko-KR
ChZDSUhNMG9nS0VJQ0FnSURrNk9mLWJBEAE,,1년 전,52:18.1,김영준,0,0,https://www.google.com/maps/contrib/103191019797966691519/reviews?hl=ko-KR
ChdDSUhNMG9nS0VJQ0FnSUM0aktLTmxnRRAB,여기를 기억하는 이유는 공원 샛길을 통해서 고종의 길을 거쳐 덕수궁으로 갈수 있기 때문임 다만 저녁 6시 이후 길이 막힌다 ...,1년 전,52:24.5,우동쓰,0,0,https://www.google.com/maps/contrib/101596724935880824227/reviews?hl=ko-KR
ChZDSUhNMG9nS0VJQ0FnSURZdjVMUUZREAE,,1년 전,52:24.5,주연하,0,0,https://www.google.com/maps/contrib/114115328260633008167/reviews?hl=ko-KR
ChdDSUhNMG9nS0VJQ0FnSURZbVBlUy13RRAB,,1년 전,52:24.5,오인영,0,0,https://www.google.com/maps/contrib/113828597592411602961/reviews?hl=ko-KR
ChdDSUhNMG9nS0VJQ0FnSURZNk9QaTRnRRAB,,1년 전,52:24.5,ByoungYeon Kim,0,0,https://www.google.com/maps/contrib/115593364510962641474/reviews?hl=ko-KR
ChZDSUhNMG9nS0VJQ0FnSUNZbzQzaUZBEAE,고종의길 마침내 연결 되어 걸어봤다,1년 전,52:24.5,장태웅,0,0,https://www.google.com/maps/contrib/107052234950704622592/reviews?hl=ko-KR
ChdDSUhNMG9nS0VJQ0FnSUNZaVpmb3RnRRAB,점심시간에 쉬기 좋은 작지만 편안한 공원,1년 전,52:24.5,김린다우,0,0,https://www.google.com/maps/contrib/106615699800951929828/reviews?hl=ko-KR
ChdDSUhNMG9nS0VJQ0FnSUNZaWN5RnJBRRAB,,1년 전,52:24.5,이상원,0,0,https://www.google.com/maps/contrib/102238708054580679687/reviews?hl=ko-KR
ChZDSUhNMG9nS0VJQ0FnSUNZd1ltMFd3EAE,,1년 전,52:24.5,황설욱,0,0,https://www.google.com/maps/contrib/101912515106241339063/reviews?hl=ko-KR
ChZDSUhNMG9nS0VJQ0FnSUNZd2JyZFBBEAE,역사를 공부하고 참여하면 더더욱 좋은곳!!!!!!,1년 전,52:24.5,minsung choi,0,0,https://www.google.com/maps/contrib/101518356664960485614/reviews?hl=ko-KR
ChZDSUhNMG9nS0VJQ0FnSUNZbW9xSER3EAE,고즈넉한 분위기 서울시내 한보판에서 이런 분위기를 느낄수 있다는게 너무 좋았어요~^,1년 전,52:24.5,유혜숙,0,0,https://www.google.com/maps/contrib/107977608257031236115/reviews?hl=ko-KR
ChZDSUhNMG9nS0VJQ0FnSUNvcUplS09nEAE,,1년 전,52:31.0,권윤배,0,0,https://www.google.com/maps/contrib/103462495069163713966/reviews?hl=ko-KR
ChdDSUhNMG9nS0VJQ0FnSURJN1ktdTZBRRAB,,1년 전,52:31.0,empty dream,0,0,https://www.google.com/maps/contrib/105855563823252634770/reviews?hl=ko-KR
ChdDSUhNMG9nS0VJQ0FnSUNJX3F6TmtnRRAB,,1년 전,52:31.0,변창호,0,0,https://www.google.com/maps/contrib/116213510921217987777/reviews?hl=ko-KR
ChZDSUhNMG9nS0VJQ0FnSUR3dW92NkRREAE,도시속 숨은 힐링공간,2년 전,52:31.0,eunjung cho,0,0,https://www.google.com/maps/contrib/112372790099903623459/reviews?hl=ko-KR
ChZDSUhNMG9nS0VJQ0FnSUNnaF83VmZnEAE,구한말의 역사를 되새길 수 있는 도심속 사색의 공간.,2년 전,52:31.0,SAM KOH,0,0,https://www.google.com/maps/contrib/100626319068818622286/reviews?hl=ko-KR
ChdDSUhNMG9nS0VJQ0FnSUNneTdqOXJnRRAB,,2년 전,52:31.0,조정민,0,0,https://www.google.com/maps/contrib/106874922879079148911/reviews?hl=ko-KR
ChZDSUhNMG9nS0VJQ0FnSUNRMHJPTlVnEAE,한적하고 역사적으로 의미있는곳,2년 전,52:31.0,김성준,0,0,https://www.google.com/maps/contrib/114066209788985452159/reviews?hl=ko-KR
ChZDSUhNMG9nS0VJQ0FnSUN3NU5UWk93EAE,구러시아공사관을 볼수있음. 아담하고 조용한 공원,2년 전,52:31.0,김태경,0,0,https://www.google.com/maps/contrib/106147867373233921444/reviews?hl=ko-KR
ChdDSUhNMG9nS0VJQ0FnSURndWJXX3FnRRAB,(Google 번역 제공) 아름답고 조용한 장소 하루 중 언제든지.  (원문) A beautiful and quiet place any time of day.,2년 전,52:31.0,Victoria Pirozhenko,0,0,https://www.google.com/maps/contrib/104724788651483787259/reviews?hl=ko-KR
ChZDSUhNMG9nS0VJQ0FnSUNnN3Q3UlVnEAE,2021년까지 러시아공사관이 복원된다는데 기대가 큽니다.,2년 전,52:31.0,감자그라탕,0,0,https://www.google.com/maps/contrib/110672121201220284275/reviews?hl=ko-KR
ChdDSUhNMG9nS0VJQ0FnSURRMzlUbHl3RRAB,바쁜 일상 중에도 한가로움 느낄 수 있어요,3년 전,52:37.5,KEUNYOUNG KIM,0,0,https://www.google.com/maps/contrib/102720208512067574996/reviews?hl=ko-KR
ChZDSUhNMG9nS0VJQ0FnSUN3b0xlbERnEAE,,3년 전,52:37.5,김충현,0,0,https://www.google.com/maps/contrib/108824935706572808537/reviews?hl=ko-KR
ChZDSUhNMG9nS0VJQ0FnSUNRcjVMb1d3EAE,,3년 전,52:37.5,JINY,0,0,https://www.google.com/maps/contrib/109784394707817554872/reviews?hl=ko-KR
ChZDSUhNMG9nS0VJQ0FnSUN3ak5udlNREAE,정동야행으로 간만에 찾은 정동길. 낮에도 밤에도 또 찾아야겠다는 생각을,3년 전,52:37.5,임승필,0,0,https://www.google.com/maps/contrib/109834309975022805227/reviews?hl=ko-KR
,굳굳굳,,,,,,
,좋아요,,,,,,
,좋아요,,,,,,
