﻿id_review,caption,relative_date,retrieval_date,username,n_review_user,n_photo_user,url_user
ChZDSUhNMG9nS0VJQ0FnSUNpOExiUFp3EAE,,3주 전,33:36.9,문광희,0,0,https://www.google.com/maps/contrib/112080745592760562997/reviews?hl=ko-KR
ChZDSUhNMG9nS0VJQ0FnSUNDMXNYVVRREAE,별로입니다,2달 전,33:36.9,황Gyver,0,0,https://www.google.com/maps/contrib/100966996102384676642/reviews?hl=ko-KR
ChdDSUhNMG9nS0VJQ0FnSURjaE1fbDN3RRAB,,5달 전,33:36.9,오승열,0,0,https://www.google.com/maps/contrib/117936463817372268411/reviews?hl=ko-KR
ChdDSUhNMG9nS0VJQ0FnSURNMWZmei1RRRAB,,10달 전,33:36.9,류웅열,0,0,https://www.google.com/maps/contrib/103650415374670946548/reviews?hl=ko-KR
ChZDSUhNMG9nS0VJQ0FnSURNNGJ2UVNnEAE,,10달 전,33:36.9,문재윤,0,0,https://www.google.com/maps/contrib/112988104802453063539/reviews?hl=ko-KR
ChdDSUhNMG9nS0VJQ0FnSUQwbE12MTR3RRAB,,1년 전,33:36.9,이경선,0,0,https://www.google.com/maps/contrib/105344230176170374315/reviews?hl=ko-KR
ChZDSUhNMG9nS0VJQ0FnSUMwNC16RGFnEAE,,1년 전,33:36.9,권영구,0,0,https://www.google.com/maps/contrib/118348688393192134621/reviews?hl=ko-KR
ChdDSUhNMG9nS0VJQ0FnSUNVcF9ILXVRRRAB,,1년 전,33:36.9,정석채,0,0,https://www.google.com/maps/contrib/117778399326485443812/reviews?hl=ko-KR
ChZDSUhNMG9nS0VJQ0FnSUQ0ai1XZktBEAE,,1년 전,33:36.9,최기현,0,0,https://www.google.com/maps/contrib/113453656184470481443/reviews?hl=ko-KR
ChdDSUhNMG9nS0VJQ0FnSURZLVB5UHhBRRAB,,1년 전,33:36.9,김보선,0,0,https://www.google.com/maps/contrib/114795559310205643554/reviews?hl=ko-KR
ChZDSUhNMG9nS0VJQ0FnSUNZOF9TOVpBEAE,,1년 전,33:36.9,MW MyMohterIs,0,0,https://www.google.com/maps/contrib/111350382760443965884/reviews?hl=ko-KR
ChZDSUhNMG9nS0VJQ0FnSUNZaXVUeUVBEAE,,1년 전,33:36.9,정병준,0,0,https://www.google.com/maps/contrib/116120275376727477407/reviews?hl=ko-KR
ChdDSUhNMG9nS0VJQ0FnSURndE0yYjR3RRAB,"개인택시매매전문상사 우성택시나라 개인택시, 개별용달 전문업체입니다.",1년 전,33:36.9,일집함춘근,0,0,https://www.google.com/maps/contrib/112695794848111195151/reviews?hl=ko-KR
ChZDSUhNMG9nS0VJQ0FnSURnM0xxTWRBEAE,중고자동차 전국최대 매매단지 차량튜닝 경정비 전문 업소들이 모여있고 중고차  매매 관계로 사람들이 많이 찾는곳입니다,1년 전,33:36.9,장대장,0,0,https://www.google.com/maps/contrib/107698230727440908586/reviews?hl=ko-KR
ChZDSUhNMG9nS0VJQ0FnSUNJeDlLU0NREAE,별로예요.,1년 전,33:36.9,문상혁,0,0,https://www.google.com/maps/contrib/118218162223720551467/reviews?hl=ko-KR
ChdDSUhNMG9nS0VJQ0FnSUNJNmRYVXp3RRAB,"오래되고 전통있는 중고차단지지만 너무 낙후되고 사기, 덤탱이 등 유통구조 낙후화",1년 전,33:36.9,정지훈,0,0,https://www.google.com/maps/contrib/113327190721022960805/reviews?hl=ko-KR
ChdDSUhNMG9nS0VJQ0FnSUNJb2F1UWtnRRAB,,1년 전,33:36.9,장용만,0,0,https://www.google.com/maps/contrib/105995139718217047490/reviews?hl=ko-KR
ChdDSUhNMG9nS0VJQ0FnSURRay16ZXd3RRAB,,2년 전,33:36.9,이재호,0,0,https://www.google.com/maps/contrib/110963132019520488017/reviews?hl=ko-KR
ChdDSUhNMG9nS0VJQ0FnSUNBZ1A3aF9RRRAB,,2년 전,33:36.9,용문산호랭이,0,0,https://www.google.com/maps/contrib/103174725728761492558/reviews?hl=ko-KR
ChZDSUhNMG9nS0VJQ0FnSURBeEs2T0tREAE,,2년 전,33:37.0,아닌데요뚱이인데요,0,0,https://www.google.com/maps/contrib/116602321527885271353/reviews?hl=ko-KR
ChZDSUhNMG9nS0VJQ0FnSURRMl9XLWZnEAE,,2년 전,33:43.7,jungkuk cho,0,0,https://www.google.com/maps/contrib/103722956782032800301/reviews?hl=ko-KR
ChdDSUhNMG9nS0VJQ0FnSURnc2RDRmpnRRAB,예전하고 달라요,2년 전,33:43.7,김준모,0,0,https://www.google.com/maps/contrib/106674874933849614262/reviews?hl=ko-KR
ChdDSUhNMG9nS0VJQ0FnSURRaUoza2h3RRAB,,2년 전,33:43.7,신승훈,0,0,https://www.google.com/maps/contrib/118393067424327582773/reviews?hl=ko-KR
ChZDSUhNMG9nS0VJQ0FnSUNRZ3BIU0JnEAE,,2년 전,33:43.7,jinok kim,0,0,https://www.google.com/maps/contrib/109519599601870231281/reviews?hl=ko-KR
ChdDSUhNMG9nS0VJQ0FnSURBMGU2bW53RRAB,다양한 차량이많지만 거래가별로없어보여요  경기가 안좋아서 그런지 손님이 별로없어요 차량을가지고가면  주차장이많지않아서 주차가어렵더군요,2년 전,33:43.7,김기엽,0,0,https://www.google.com/maps/contrib/113446851852920598603/reviews?hl=ko-KR
ChdDSUhNMG9nS0VJQ0FnSURna0l6VDRBRRAB,노인네들 많음,2년 전,33:43.7,Kawngil Kim,0,0,https://www.google.com/maps/contrib/114650332814629219921/reviews?hl=ko-KR
ChdDSUhNMG9nS0VJQ0FnSUNBZzUyd3lRRRAB,,2년 전,33:43.7,때지오빠,0,0,https://www.google.com/maps/contrib/108539252933025399323/reviews?hl=ko-KR
ChdDSUhNMG9nS0VJQ0FnSUN3d3JESmt3RRAB,좋은차  잘샀어요.,2년 전,33:43.7,김상호,0,0,https://www.google.com/maps/contrib/115974457038171322709/reviews?hl=ko-KR
ChdDSUhNMG9nS0VJQ0FnSURBZ01hejZRRRAB,,2년 전,33:43.7,김종의,0,0,https://www.google.com/maps/contrib/101066978306138383067/reviews?hl=ko-KR
ChdDSUhNMG9nS0VJQ0FnSUNRZ0lIam13RRAB,자동차 필요한거 많음,2년 전,33:43.7,Hongdun Su,0,0,https://www.google.com/maps/contrib/111302731217324580672/reviews?hl=ko-KR
ChdDSUhNMG9nS0VJQ0FnSURnMk5QdTZRRRAB,,2년 전,33:50.4,고유명,0,0,https://www.google.com/maps/contrib/111963511609945813862/reviews?hl=ko-KR
ChdDSUhNMG9nS0VJQ0FnSURnb1BUMGdRRRAB,,2년 전,33:50.4,김영기,0,0,https://www.google.com/maps/contrib/105096683115325721954/reviews?hl=ko-KR
ChZDSUhNMG9nS0VJQ0FnSUNRNk16ZmRBEAE,,3년 전,33:50.4,서울마카오,0,0,https://www.google.com/maps/contrib/109320744059492392044/reviews?hl=ko-KR
ChZDSUhNMG9nS0VJQ0FnSURBdEpDTFFnEAE,,3년 전,33:50.4,이환정,0,0,https://www.google.com/maps/contrib/104619589658747998295/reviews?hl=ko-KR
ChdDSUhNMG9nS0VJQ0FnSURRczRHMmd3RRAB,나에 직장 믿을만곳 하나에서 끝까지 처리,3년 전,33:50.4,소순봉,0,0,https://www.google.com/maps/contrib/103943043972771779707/reviews?hl=ko-KR
ChdDSUhNMG9nS0VJQ0FnSUN3bjRPVHh3RRAB,,3년 전,33:50.4,Mike S,0,0,https://www.google.com/maps/contrib/114045501466220543201/reviews?hl=ko-KR
ChdDSUhNMG9nS0VJQ0FnSUN3cTlQTWhBRRAB,,3년 전,33:50.4,김용규,0,0,https://www.google.com/maps/contrib/114784475887521101357/reviews?hl=ko-KR
ChdDSUhNMG9nS0VJQ0FnSURRODkzS21RRRAB,모든 차량 거래가능,3년 전,33:50.4,JoonCheol Park,0,0,https://www.google.com/maps/contrib/115029789992274034272/reviews?hl=ko-KR
ChZDSUhNMG9nS0VJQ0FnSUN3dXE3T09REAE,3234,3년 전,33:50.4,jin-sung Yun,0,0,https://www.google.com/maps/contrib/115656868422346483644/reviews?hl=ko-KR
ChZDSUhNMG9nS0VJQ0FnSURRdUtEQlFBEAE,(Google 번역 제공) 우와 아름답다  (원문) واو جميل,3년 전,33:50.4,Ahmed Benelhaj,0,0,https://www.google.com/maps/contrib/100950935060009908033/reviews?hl=ko-KR
ChdDSUhNMG9nS0VJQ0FnSURncFpPejVRRRAB,,4년 전,33:57.2,tv빈이,0,0,https://www.google.com/maps/contrib/107982981061929054722/reviews?hl=ko-KR
ChdDSUhNMG9nS0VJQ0FnSUNndFA3dnRBRRAB,,4년 전,33:57.3,안재택,0,0,https://www.google.com/maps/contrib/104286294498430608940/reviews?hl=ko-KR
ChZDSUhNMG9nS0VJQ0FnSUNnaUt2R0pBEAE,,4년 전,33:57.3,김주혁,0,0,https://www.google.com/maps/contrib/115328598934087793684/reviews?hl=ko-KR
ChdDSUhNMG9nS0VJQ0FnSUNRcjd1bDB3RRAB,,4년 전,33:57.3,강상호,0,0,https://www.google.com/maps/contrib/108217031382905701319/reviews?hl=ko-KR
,#좋아요#안가보셨나요?#차# 돈벌어 차사자,,,,,,
,현금영수증 끊기로 하고 천마넌 주고 차 샀는데 일주일뒤에 안끊겨서 전화로 따지니 세금 문제로 끊어줄수 없다 해서 국세청 신고하니 포상금 이백얼마나옴 ㅋ 고마워요 장안평!,,,,,,
,제가 저번에 여기 가서 에쿠스 오피러스 체어맨 타봤는데 차를 너무비좁게 대서 짜증났습니다. 두번다신 안갑니다.,,,,,,
,카니발하이리무진7인승15.6년식 얼마 하나요,,,,,,
,아우디 a6 15년식으로 가격알고 싶어요,,,,,,
,차량을처음 구입하는거라서 고민이많앗는데 좋은차량 주셔서 너무감사드려요 무엇보다 차량성능이 맘에들고요 차량에대한 좋은정보에 감사합니다 하시는사업 날로 번창하시길 바랍니다,,,,,,
