﻿id_review,caption,relative_date,retrieval_date,username,n_review_user,n_photo_user,url_user
ChdDSUhNMG9nS0VJQ0FnSUNpX0lqZWh3RRAB,,2주 전,58:07.3,최진호,0,0,https://www.google.com/maps/contrib/110303291469825814644/reviews?hl=ko-KR
ChZDSUhNMG9nS0VJQ0FnSUNpdk55RkZREAE,아늑,2주 전,58:07.3,Jeong-seok Kang,0,0,https://www.google.com/maps/contrib/102788888231937077301/reviews?hl=ko-KR
ChdDSUhNMG9nS0VJQ0FnSURDaTl5ZGpRRRAB,,4주 전,58:07.3,Ryan M,0,0,https://www.google.com/maps/contrib/108310109966342168708/reviews?hl=ko-KR
ChZDSUhNMG9nS0VJQ0FnSURDN3RlV1lREAE,브런치하기에 좋은곳입니다,1달 전,58:07.3,최상묵,0,0,https://www.google.com/maps/contrib/102263985759023442584/reviews?hl=ko-KR
ChdDSUhNMG9nS0VJQ0FnSURDcXJhYWt3RRAB,,1달 전,58:07.3,추경일,0,0,https://www.google.com/maps/contrib/116562530278691563890/reviews?hl=ko-KR
ChdDSUhNMG9nS0VJQ0FnSURDLUxMeG93RRAB,,1달 전,58:07.3,hkeun ri,0,0,https://www.google.com/maps/contrib/114414092512248161263/reviews?hl=ko-KR
ChZDSUhNMG9nS0VJQ0FnSUNDeXZuZkZnEAE,부위기 좋고 짱,2달 전,58:07.3,임양규,0,0,https://www.google.com/maps/contrib/112677969041037054355/reviews?hl=ko-KR
ChdDSUhNMG9nS0VJQ0FnSUNDaXNXQ3R3RRAB,브런치가 더 다양해졌네요 샐러드라 포장 되지 않는게 조금 아쉬워요,2달 전,58:07.3,JEEEUN CHO,0,0,https://www.google.com/maps/contrib/113870951596186334240/reviews?hl=ko-KR
ChdDSUhNMG9nS0VJQ0FnSUNDbkxQOG9RRRAB,,2달 전,58:07.3,Changyong Lee,0,0,https://www.google.com/maps/contrib/103694697400516184740/reviews?hl=ko-KR
ChdDSUhNMG9nS0VJQ0FnSUNDMUpHejhnRRAB,멋스럽고 과거로 다녀온 기분이였음,2달 전,58:07.3,유송미,0,0,https://www.google.com/maps/contrib/102661484040201891203/reviews?hl=ko-KR
ChdDSUhNMG9nS0VJQ0FnSURjbU9qTDZRRRAB,점심시간에 산책겸 다녀왔는데 특색있어요 재방문해서 브런치 먹어보고싶어요 커피는 아이스라떼 먹었는데 평타,2달 전,58:07.3,신봄봄,0,0,https://www.google.com/maps/contrib/106532752968612927806/reviews?hl=ko-KR
ChdDSUhNMG9nS0VJQ0FnSUNDb1AtdTZ3RRAB,,3달 전,58:07.3,이창훈,0,0,https://www.google.com/maps/contrib/111312195859789243720/reviews?hl=ko-KR
ChdDSUhNMG9nS0VJQ0FnSUNDb0xfMnp3RRAB,,3달 전,58:07.3,그미,0,0,https://www.google.com/maps/contrib/118070056882843184649/reviews?hl=ko-KR
ChdDSUhNMG9nS0VJQ0FnSUNDZ0tMWHdnRRAB,"한적하고 색다른 분위기~,자개장을 이용한 테이블이 인상적입니다",3달 전,58:07.3,M Ahn,0,0,https://www.google.com/maps/contrib/105883759529774352107/reviews?hl=ko-KR
ChdDSUhNMG9nS0VJQ0FnSUQ4dThicDh3RRAB,"과거와 현대가 아름답게 어우러진 모습이 아름다워요. 널찍한 공간, 실내장식, 추억의 소품들이 일품이네요★",3달 전,58:07.3,강데레사,0,0,https://www.google.com/maps/contrib/116879815283890283116/reviews?hl=ko-KR
ChZDSUhNMG9nS0VJQ0FnSUQ4cTlQc2VREAE,,3달 전,58:07.3,박지원,0,0,https://www.google.com/maps/contrib/113610413863896449086/reviews?hl=ko-KR
ChZDSUhNMG9nS0VJQ0FnSUQ4cTVQOUF3EAE,,3달 전,58:07.3,seohwan chang,0,0,https://www.google.com/maps/contrib/113116344964261667765/reviews?hl=ko-KR
ChdDSUhNMG9nS0VJQ0FnSUQ4X2NiX3N3RRAB,,3달 전,58:07.3,dongwon lee,0,0,https://www.google.com/maps/contrib/110740874054548852194/reviews?hl=ko-KR
ChZDSUhNMG9nS0VJQ0FnSUQ4M2ZEOVp3EAE,"레트로한 내부. 야외 뷰가 없는건 아쉽지만, 오래된 건물의 아름다움을 간직해서 방문하기 좋았음",3달 전,58:07.3,woosik Kim,0,0,https://www.google.com/maps/contrib/101022423495527286607/reviews?hl=ko-KR
ChdDSUhNMG9nS0VJQ0FnSUQ4emV1TDdnRRAB,옛 구세군회관을 리모델링한 카페인데 독특하여 가 볼만 합니다.,3달 전,58:07.3,한선우,0,0,https://www.google.com/maps/contrib/108214438130227580302/reviews?hl=ko-KR
ChZDSUhNMG9nS0VJQ0FnSUQ4NWZQcEpnEAE,고풍스러운 분위기 맛있는 커피,3달 전,58:14.1,Sungsu Kang,0,0,https://www.google.com/maps/contrib/105088398874102905797/reviews?hl=ko-KR
ChdDSUhNMG9nS0VJQ0FnSUM4cThxZnd3RRAB,,3달 전,58:14.1,이재열,0,0,https://www.google.com/maps/contrib/112497974882294198149/reviews?hl=ko-KR
ChdDSUhNMG9nS0VJQ0FnSUM4M1pYRHVRRRAB,,3달 전,58:14.1,담소,0,0,https://www.google.com/maps/contrib/100277400953137603121/reviews?hl=ko-KR
ChZDSUhNMG9nS0VJQ0FnSUM4cHJPYk9BEAE,가볼만한 곳,4달 전,58:14.1,정성부,0,0,https://www.google.com/maps/contrib/109946466682589130465/reviews?hl=ko-KR
ChZDSUhNMG9nS0VJQ0FnSUM4aHJEMVlBEAE,좋아하는 사람이 소개해줬어요. 다음에 그 사람과 가볼거예여^^,4달 전,58:14.1,조성호,0,0,https://www.google.com/maps/contrib/107009166368621420120/reviews?hl=ko-KR
ChZDSUhNMG9nS0VJQ0FnSUM4MnNpdlh3EAE,엔틱 분위기 최고에요,4달 전,58:14.1,DooYoung Choi,0,0,https://www.google.com/maps/contrib/109191581369603123552/reviews?hl=ko-KR
ChZDSUhNMG9nS0VJQ0FnSUM4aW9yRldREAE,,4달 전,58:14.1,IL LEE,0,0,https://www.google.com/maps/contrib/110964022705431679906/reviews?hl=ko-KR
ChdDSUhNMG9nS0VJQ0FnSUM4MHEyQzZRRRAB,,4달 전,58:14.1,; Neutral Until a moment in peace,0,0,https://www.google.com/maps/contrib/103773958451715310030/reviews?hl=ko-KR
ChdDSUhNMG9nS0VJQ0FnSUM4NG9fNnRnRRAB,,4달 전,58:14.1,HR M,0,0,https://www.google.com/maps/contrib/100077543548829168490/reviews?hl=ko-KR
ChZDSUhNMG9nS0VJQ0FnSUM4NG9tbmVnEAE,,4달 전,58:14.1,Jett Youngjin Ham,0,0,https://www.google.com/maps/contrib/107517732907965624177/reviews?hl=ko-KR
ChdDSUhNMG9nS0VJQ0FnSURjdkxyQzhBRRAB,분위기가 너무 예쁘다,4달 전,58:20.9,Nuri Hyun,0,0,https://www.google.com/maps/contrib/113782882632175848209/reviews?hl=ko-KR
ChdDSUhNMG9nS0VJQ0FnSUM4OExEd2h3RRAB,,4달 전,58:20.9,이성엽,0,0,https://www.google.com/maps/contrib/112921902294567745777/reviews?hl=ko-KR
ChdDSUhNMG9nS0VJQ0FnSUM4c052cTJRRRAB,,4달 전,58:20.9,Jun Hee Park,0,0,https://www.google.com/maps/contrib/112939081101865708249/reviews?hl=ko-KR
ChdDSUhNMG9nS0VJQ0FnSURjcmRLXzBBRRAB,,4달 전,58:20.9,M. S. KIM,0,0,https://www.google.com/maps/contrib/109829234299446587554/reviews?hl=ko-KR
ChdDSUhNMG9nS0VJQ0FnSURjNGVQNS1BRRAB,빵도 맛있어요,4달 전,58:20.9,김희정,0,0,https://www.google.com/maps/contrib/102787684136185102645/reviews?hl=ko-KR
ChdDSUhNMG9nS0VJQ0FnSURjMXZfYnZ3RRAB,분위기 좋고 남몰래 숨겨진 가게,4달 전,58:20.9,dy a,0,0,https://www.google.com/maps/contrib/106096495045824394526/reviews?hl=ko-KR
ChZDSUhNMG9nS0VJQ0FnSURjeXRuaVVnEAE,너무 아름다운 경험 이었다 ♡,5달 전,58:20.9,신준식,0,0,https://www.google.com/maps/contrib/109356864289549283534/reviews?hl=ko-KR
ChZDSUhNMG9nS0VJQ0FnSURjX00ybElnEAE,분위기 .. 사진찍기 다 좋은데...맛은 책임 못짐,5달 전,58:20.9,홍연지,0,0,https://www.google.com/maps/contrib/109875291855814212750/reviews?hl=ko-KR
ChdDSUhNMG9nS0VJQ0FnSURjOUxlSHV3RRAB,,5달 전,58:20.9,서나,0,0,https://www.google.com/maps/contrib/103763050275581562614/reviews?hl=ko-KR
ChZDSUhNMG9nS0VJQ0FnSURjOUxlR0d3EAE,분위기 좋고 커피맛도 좋습니다,5달 전,58:20.9,백승혁,0,0,https://www.google.com/maps/contrib/109702734667838307156/reviews?hl=ko-KR
ChdDSUhNMG9nS0VJQ0FnSURjOUxlSzRRRRAB,,5달 전,58:27.8,Gyueun Zoey Shin,0,0,https://www.google.com/maps/contrib/114662530283912763887/reviews?hl=ko-KR
ChdDSUhNMG9nS0VJQ0FnSURjbE5HR2xRRRAB,,5달 전,58:27.8,EUNSUN JUN,0,0,https://www.google.com/maps/contrib/113946842796148689348/reviews?hl=ko-KR
,진짜진짜 예뻐서 구경만해도 재밌음,,,,,,
,멋지고 조용함,,,,,,
,역대 최고의 인테리어 까페에요,,,,,,
,이곳에 가면 아름다운 무엇이 있다.,,,,,,
,최고예요,,,,,,
,좋아요,,,,,,
,분위기 좋아요~ 음식은 쏘쏘,,,,,,
,"안경 쓴 왜소한 남직원 혼자 웃으면서 걸어 다니던데. 이상한 행동을 해서 조금 놀랐습니다. 그리고 카페 내부 자리에 와서 한 번씩 점검하셔야 하는 것 아닌가요? 남의 자리에 와서 이상한 행동을 하는 아저씨, 할아버지들이 유독 많았는데, 아무래도 구경하려고 그런 거란 생각은 들지만, 그래도 이 시국에 굳이 마스크 내리고 다른 자리 와서 트림하고 가는 할아버지, 사람들이 앉아있는 좌석 바로 옆에까지 와서 앉아있는 여자 쳐다보는 할아버지(아내랑 왔음에도), 지속적으로 근처 왔다 갔다 하며 쳐다보는 아재들 등등 통제 안 하는 건 별로였습니다. 아내랑 온 할아버지는 제가 한 소리 할 듯이 불편하게 쳐다보니깐 반대편으로 가더군요. 그리고 화장실도 더러웠고 사람 빠진 자리에 청소, 소독을 하는 건 전혀 못 봤습니다.",,,,,,
,커피도 맛있구 분위기 좋아요~!!!,,,,,,
,광화문 덕수궁 이쪽에서 조용하고 차분하게 다녀오기 좋은 집,,,,,,
,굿,,,,,,
,좋아요,,,,,,
,분위기도 커피도 진짜 좋음,,,,,,
,분위기 좋아요 👍이제 덕수궁갈때 이곳만 갈 것 같아요!,,,,,,
,바닐라떼가 맛있어서 비싸도 테이크아웃하러 종종 들리는 곳 근데 항상 음료 나오는게 오래걸림.. 직원 들도 친절하단 생각은 안듦,,,,,,
,덕수궁옆 구세군학생회관인가 하는 건물에 있는데 조용해요,,,,,,
,분위기도 좋고 맛도 좋았어요,,,,,,
,너무 좋아요~,,,,,,
,예쁘고 맛있네요,,,,,,
,분위기 좋아요,,,,,,
,장소 멋져요! 방들도 있어서 그룹 미팅도 할 수 있어요! ♥,,,,,,
,맛있게 먹을께요~,,,,,,
,조용하고 좋아요~,,,,,,
,치즈수플레 오믈렛 되게 신기해요 ㅋㅋㅋㅋ 양이 많은 편은 아니고 사진맛집이예요. 넘. 예뻐서 맘에 듭니다.,,,,,,
,너무 예뻐서 사진 찍기 좋아요!! 커피도 맛있었어요,,,,,,
,분위기 완전 좋아요 손님들 오시면 같이 가기 좋을 곳이에여,,,,,,
,"1928년 지어진 건물에 있는 분위기있는 카페,커피도 맛있어요",,,,,,
,옛건물이 운치있고 조용하고 좋아요,,,,,,
,예뻐요~,,,,,,
,분위기가 좋아요~,,,,,,
,치즈 수플레 오믈렛 맛 환상이었습니다.,,,,,,
,매장분위기도 좋고 의미있는 장소 빵 맛집 ^-^ 앙버터 Good 자몽에이드도 Good,,,,,,
,"코로나 때문이겠지만 조용하고 분위기도 좋아요~ 다들 코로나 조심하시구, 테이크아웃 합시다!",,,,,,
,분위기 너무 좋아요^^,,,,,,
,만족합니다,,,,,,
,자리앉을곳리ㅜㅜ,,,,,,
,분위기가 다하는 곳,,,,,,
,"버터가 넘치는 앙버터, 팥이 달콤한 팥버터",,,,,,
,쏘쏘,,,,,,
,분위기가 좋아용,,,,,,
,분위기 좋은 곳,,,,,,
,여기 갤러리 같고 너무 좋네요,,,,,,
,넓어서 좋은 카페,,,,,,
,자개장 인테리어 예쁨,,,,,,
,인테리어 이쁨,,,,,,
,분위기도 좋고 인테리어도 이쁘고 빵도 핵존맛,,,,,,
,넓어서 좋다,,,,,,
,굿굿,,,,,,
,여기 앙버터가 특히 제 맘에 들어요,,,,,,
,근사한 분위기가 멋진 카페입니다,,,,,,
,가격대비 별로 비싼 브런치다,,,,,,
,굿,,,,,,
,인테리어가 이뻐요,,,,,,
,분위기 좋아요~~,,,,,,
,분위기도 좋고 커피도 맛있습니다.,,,,,,
,박물관에서 마시는 (평범한) 커피 아주 넓고 아름답고 한국적인 곳,,,,,,
,어휴 여길 왜 이제 알았을까요 너무 멋진 공간이네요,,,,,,
,분위기 있고 좋은 커피맛,,,,,,
,#정동 #시나몬크림치즈 고급진 카페에요~ 가격도 맛도 고급져요 ㅎ 좋아요^,,,,,,
,새로 생긴곳이다.헤이다 라는 카페,,,,,,
,단호박 크림치즈 롤 짱이에요,,,,,,
,1층에 플라워샵 카페 근대의상 체험 공간 사진관도 잇고! 생긴지 얼마 안되서 사람이 적더라구여 ㅎㅎ 곧 유명해질삘! 여기서 꽅 삿는데 너무 예쁘게 잘해주셨어여;),,,,,,
