﻿id_review,caption,relative_date,retrieval_date,username,n_review_user,n_photo_user,url_user
ChZDSUhNMG9nS0VJQ0FnSUQ4NzhyNlJREAE,,3달 전,2020-11-11 00:39:48.187521,Jongeun Kim,0,0,https://www.google.com/maps/contrib/111094995256174036611/reviews?hl=ko-KR
ChdDSUhNMG9nS0VJQ0FnSUM4MDlHUGpBRRAB,,3달 전,2020-11-11 00:39:48.189555,korean culture,0,0,https://www.google.com/maps/contrib/116900179270157255300/reviews?hl=ko-KR
ChZDSUhNMG9nS0VJQ0FnSUM4M05UVER3EAE,시설도 괜찮고 운영도 괜찮다. 아쉬운점은 과연 이 특이한 지역에서 외국인들이 살아남을 수 있을 것인가.,4달 전,2020-11-11 00:39:48.190570,kosick,0,0,https://www.google.com/maps/contrib/114804270493067017563/reviews?hl=ko-KR
ChZDSUhNMG9nS0VJQ0FnSUNjci1meFB3EAE,,6달 전,2020-11-11 00:39:48.192552,류태규,0,0,https://www.google.com/maps/contrib/113170292764394231042/reviews?hl=ko-KR
ChdDSUhNMG9nS0VJQ0FnSUNjczVDNDh3RRAB,,7달 전,2020-11-11 00:39:48.193550,조영호,0,0,https://www.google.com/maps/contrib/104647917976693132174/reviews?hl=ko-KR
ChdDSUhNMG9nS0VJQ0FnSUNjNmZIa25BRRAB,,7달 전,2020-11-11 00:39:48.195495,Luca Villa,0,0,https://www.google.com/maps/contrib/109579254605733812233/reviews?hl=ko-KR
ChZDSUhNMG9nS0VJQ0FnSUNjaHNlUU5BEAE,,7달 전,2020-11-11 00:39:48.197531,낭만팬더,0,0,https://www.google.com/maps/contrib/112424738027723980397/reviews?hl=ko-KR
ChdDSUhNMG9nS0VJQ0FnSURzMHVqTDhRRRAB,,8달 전,2020-11-11 00:39:48.198529,Bryce Yun,0,0,https://www.google.com/maps/contrib/111379158085869037151/reviews?hl=ko-KR
ChdDSUhNMG9nS0VJQ0FnSURza3FxMHFBRRAB,,8달 전,2020-11-11 00:39:48.200519,윤윤식,0,0,https://www.google.com/maps/contrib/117625349481188206644/reviews?hl=ko-KR
ChZDSUhNMG9nS0VJQ0FnSUNzLWZHRUhREAE,,9달 전,2020-11-11 00:39:48.202512,m.s kim,0,0,https://www.google.com/maps/contrib/113829145120715280528/reviews?hl=ko-KR
ChdDSUhNMG9nS0VJQ0FnSUNzMGZ2Tm5BRRAB,친절하고 제품에대한자세한설명등등서비스 또한좋아요,9달 전,2020-11-11 00:39:48.203524,소소한 하루의 일상,0,0,https://www.google.com/maps/contrib/102566053961476501972/reviews?hl=ko-KR
ChZDSUhNMG9nS0VJQ0FnSUNNXzhxWk5BEAE,,10달 전,2020-11-11 00:39:48.205503,윤기웅,0,0,https://www.google.com/maps/contrib/110510093867382825840/reviews?hl=ko-KR
ChdDSUhNMG9nS0VJQ0FnSUNNN1k3djRnRRAB,창업의 성공을 기원합니다.,11달 전,2020-11-11 00:39:48.206550,최희열,0,0,https://www.google.com/maps/contrib/105041738196261665868/reviews?hl=ko-KR
ChdDSUhNMG9nS0VJQ0FnSUQwcGVfSW5BRRAB,,11달 전,2020-11-11 00:39:48.208699,Jun Park,0,0,https://www.google.com/maps/contrib/109911193059002061100/reviews?hl=ko-KR
ChdDSUhNMG9nS0VJQ0FnSUMwN2N2WXp3RRAB,,1년 전,2020-11-11 00:39:48.209689,Rob Oakley,0,0,https://www.google.com/maps/contrib/105391126295734236078/reviews?hl=ko-KR
ChdDSUhNMG9nS0VJQ0FnSUMweHVmNF93RRAB,(Google 번역 제공) 용산역 근처에있는 낡지만 멋진 건물!  (원문) An old but cool building near Yongsan station!,1년 전,2020-11-11 00:39:48.212033,Bereket Alemayehu,0,0,https://www.google.com/maps/contrib/100746130057552824415/reviews?hl=ko-KR
ChdDSUhNMG9nS0VJQ0FnSUMwZ096enZnRRAB,,1년 전,2020-11-11 00:39:48.212684,이동원,0,0,https://www.google.com/maps/contrib/101249121560153386543/reviews?hl=ko-KR
ChZDSUhNMG9nS0VJQ0FnSURVbWVQdVB3EAE,,1년 전,2020-11-11 00:39:48.214740,Taeho Cho,0,0,https://www.google.com/maps/contrib/100976418868818164551/reviews?hl=ko-KR
ChZDSUhNMG9nS0VJQ0FnSURVNXB1SkNREAE,,1년 전,2020-11-11 00:39:48.215815,Solomon Servant,0,0,https://www.google.com/maps/contrib/109777316736043858287/reviews?hl=ko-KR
ChZDSUhNMG9nS0VJQ0FnSUNVMzR2a1dREAE,(Google 번역 제공) 그들은 사업을 시작하고자하는 외국인을 지원합니다  (원문) They support foreigners who anwts to start business,1년 전,2020-11-11 00:39:48.217817,Robiya Sidikova,0,0,https://www.google.com/maps/contrib/113924622258883926995/reviews?hl=ko-KR
ChdDSUhNMG9nS0VJQ0FnSUNVei1mXzhRRRAB,,1년 전,2020-11-11 00:39:54.853983,Myungjin Choi,0,0,https://www.google.com/maps/contrib/109804390586950278276/reviews?hl=ko-KR
ChdDSUhNMG9nS0VJQ0FnSUNVczRueG5RRRAB,입주해야지 올 수 있는 곳. 전반적으로 시설은 나쁘지 않은 듯,1년 전,2020-11-11 00:39:54.855536,장우영,0,0,https://www.google.com/maps/contrib/111462045234557339583/reviews?hl=ko-KR
ChZDSUhNMG9nS0VJQ0FnSUNVMU9TU0t3EAE,,1년 전,2020-11-11 00:39:54.857582,Le Monde de Réalité Virtuelle,0,0,https://www.google.com/maps/contrib/108251199137004453082/reviews?hl=ko-KR
ChdDSUhNMG9nS0VJQ0FnSURrMWYyTnZnRRAB,,1년 전,2020-11-11 00:39:54.859530,Murodjon Mamadjonov,0,0,https://www.google.com/maps/contrib/114508005557603402618/reviews?hl=ko-KR
ChdDSUhNMG9nS0VJQ0FnSUM0dWRPMmpnRRAB,,1년 전,2020-11-11 00:39:54.861829,Adrián García,0,0,https://www.google.com/maps/contrib/105420469883113273969/reviews?hl=ko-KR
ChZDSUhNMG9nS0VJQ0FnSURZNjRTOFlREAE,,1년 전,2020-11-11 00:39:54.864084,Wolkim kim,0,0,https://www.google.com/maps/contrib/105022052885347565648/reviews?hl=ko-KR
ChZDSUhNMG9nS0VJQ0FnSURZeXBDYlJBEAE,거래처가 여기서 딴데로 이사감,1년 전,2020-11-11 00:39:54.865150,규호오,0,0,https://www.google.com/maps/contrib/109813417021838427085/reviews?hl=ko-KR
ChdDSUhNMG9nS0VJQ0FnSUNZMG9LMTh3RRAB,,1년 전,2020-11-11 00:39:54.867339,정용권,0,0,https://www.google.com/maps/contrib/116064806655847102630/reviews?hl=ko-KR
ChZDSUhNMG9nS0VJQ0FnSUNZa3A2Zk1BEAE,,1년 전,2020-11-11 00:39:54.869368,hui j sablan,0,0,https://www.google.com/maps/contrib/112367536887916973394/reviews?hl=ko-KR
ChdDSUhNMG9nS0VJQ0FnSURvNF8yUW9nRRAB,,1년 전,2020-11-11 00:39:54.870365,김정관,0,0,https://www.google.com/maps/contrib/100418299216188464071/reviews?hl=ko-KR
ChdDSUhNMG9nS0VJQ0FnSUNvMHFuM2pRRRAB,,1년 전,2020-11-11 00:40:01.824001,이수연,0,0,https://www.google.com/maps/contrib/106703844749434410469/reviews?hl=ko-KR
ChdDSUhNMG9nS0VJQ0FnSUNvM09UOG13RRAB,,1년 전,2020-11-11 00:40:01.826161,Raymond Jaconski,0,0,https://www.google.com/maps/contrib/111939402074743737218/reviews?hl=ko-KR
ChZDSUhNMG9nS0VJQ0FnSUNvMUxYVkZ3EAE,외국인 창업을 도와 주는 곳 르호봇에서 운영 중,1년 전,2020-11-11 00:40:01.827172,ilchung na,0,0,https://www.google.com/maps/contrib/113999934575737453393/reviews?hl=ko-KR
ChdDSUhNMG9nS0VJQ0FnSURJajRPY3N3RRAB,르호봇이 만든 공간이라 그런지 다른 공유오피스와 비교해 모자란 점이 많다,1년 전,2020-11-11 00:40:01.829253,Gondrée Mariola,0,0,https://www.google.com/maps/contrib/105978223732245197869/reviews?hl=ko-KR
ChZDSUhNMG9nS0VJQ0FnSURJMmY2V0JnEAE,,1년 전,2020-11-11 00:40:01.830247,최적화,0,0,https://www.google.com/maps/contrib/111730642365542426240/reviews?hl=ko-KR
ChdDSUhNMG9nS0VJQ0FnSURJNU5hczJBRRAB,"(Google 번역 제공) 이전에는 해외 벤처 기업이 네트워크를 구축하기에 좋은 곳이었습니다. 카페는 훌륭하지만 대부분 사람들이 걷고 다른 동료 공간에서는 충분하지 않은 이야기를하기 시작하는 곳입니다. 불행히도, 새로운 인큐베이션 프로그램 참가자의 숫자로 인해 열린 공간 정책을 폐지 할 수 있다는 이메일을 받았습니다. 그러니 한 주 동안 공간을 즐기십시오. 1 월은 힘들 수 있습니다.  (원문) This used to be a great place for foreign startups to network. The cafe is great but mostly, the open area is where people are inclined to just walk over and start talking to you which doesn't happen enough in some other coworking spaces. Unfortunately, I got an email that they may be closing there open space policy due to the number of new incubation program participants. So enjoy the space for another week. January may be tough.",1년 전,2020-11-11 00:40:01.832581,Candice Marie,0,0,https://www.google.com/maps/contrib/104102735506767529279/reviews?hl=ko-KR
ChdDSUhNMG9nS0VJQ0FnSURJcFBmaTZRRRAB,,1년 전,2020-11-11 00:40:01.835453,김주한,0,0,https://www.google.com/maps/contrib/111378465455893493659/reviews?hl=ko-KR
ChdDSUhNMG9nS0VJQ0FnSUNJXzRuaGl3RRAB,,1년 전,2020-11-11 00:40:01.836838,Chang Hyun Park,0,0,https://www.google.com/maps/contrib/116558027333073258789/reviews?hl=ko-KR
ChdDSUhNMG9nS0VJQ0FnSUNJbC1PRW1RRRAB,,1년 전,2020-11-11 00:40:01.839147,Andy Cho,0,0,https://www.google.com/maps/contrib/101202382151198187014/reviews?hl=ko-KR
ChdDSUhNMG9nS0VJQ0FnSUNJbTdYWHJRRRAB,,1년 전,2020-11-11 00:40:01.841140,LEE HM,0,0,https://www.google.com/maps/contrib/105975838626977939613/reviews?hl=ko-KR
ChZDSUhNMG9nS0VJQ0FnSUNJeS1POUp3EAE,,1년 전,2020-11-11 00:40:08.787554,Abby Lupaas,0,0,https://www.google.com/maps/contrib/106497466482084001444/reviews?hl=ko-KR
ChZDSUhNMG9nS0VJQ0FnSUR3eGJXSVV3EAE,,2년 전,2020-11-11 00:40:08.790545,Agvnk Agsy,0,0,https://www.google.com/maps/contrib/105834882430948484785/reviews?hl=ko-KR
ChdDSUhNMG9nS0VJQ0FnSUR3N05HN3F3RRAB,외국인들이 국내에서 Biz.를 시작할 수 있는 기회를 제공하는곳이라 한다. 생각에는 내국인들과 외국인들이 Biz로 교류 할 수 있는 공간이 되었으면...,2년 전,2020-11-11 00:40:08.792340,김혁진,0,0,https://www.google.com/maps/contrib/111886330387439686507/reviews?hl=ko-KR
ChZDSUhNMG9nS0VJQ0FnSUNBMWNmR2ZBEAE,,2년 전,2020-11-11 00:40:08.794369,Pierre Boisson,0,0,https://www.google.com/maps/contrib/100750956484187004199/reviews?hl=ko-KR
ChZDSUhNMG9nS0VJQ0FnSUNnLV91ZWF3EAE,외국인 위주이지만 정부지원 입주자도 받고 코워킹 스페이스도 있습니다. 위치가 그렇게 좋지는 않지만 직원들도 친절하고 커피 및 차도 마실 수 있어요~,2년 전,2020-11-11 00:40:08.796413,Wonjin Lee,0,0,https://www.google.com/maps/contrib/109166666768043481587/reviews?hl=ko-KR
ChdDSUhNMG9nS0VJQ0FnSUN3eEtQWDdBRRAB,,2년 전,2020-11-11 00:40:08.799048,tenol abnormal,0,0,https://www.google.com/maps/contrib/104311835618324132000/reviews?hl=ko-KR
ChZDSUhNMG9nS0VJQ0FnSURBb29pTUd3EAE,,2년 전,2020-11-11 00:40:08.800733,910 Pinoy,0,0,https://www.google.com/maps/contrib/113407002242486291264/reviews?hl=ko-KR
ChZDSUhNMG9nS0VJQ0FnSUNRN2NDUFN3EAE,,2년 전,2020-11-11 00:40:08.803012,장민수,0,0,https://www.google.com/maps/contrib/100466069557932365450/reviews?hl=ko-KR
ChZDSUhNMG9nS0VJQ0FnSURBbm9XSE1REAE,(Google 번역 제공) 바깥에서 오래 되 보이지만 사무실 공간과 라운지는 깨끗하고 잘 꾸며져 있습니다.  (원문) Might look old from the outside but the office space and the lounge is clean and well decorated.,2년 전,2020-11-11 00:40:08.805549,haha,0,0,https://www.google.com/maps/contrib/102742515881927859523/reviews?hl=ko-KR
ChZDSUhNMG9nS0VJQ0FnSURBaE55VVJ3EAE,,2년 전,2020-11-11 00:40:08.809151,조승희,0,0,https://www.google.com/maps/contrib/105862006319279496170/reviews?hl=ko-KR
ChZDSUhNMG9nS0VJQ0FnSUNndGY3Vll3EAE,,2년 전,2020-11-11 00:40:15.866180,Steven Wilson,0,0,https://www.google.com/maps/contrib/111546885086386940724/reviews?hl=ko-KR
ChZDSUhNMG9nS0VJQ0FnSURBcnJuV2RnEAE,,2년 전,2020-11-11 00:40:15.868231,Natalia M.,0,0,https://www.google.com/maps/contrib/103302445608045680293/reviews?hl=ko-KR
ChdDSUhNMG9nS0VJQ0FnSUNnaDYyaV93RRAB,(Google 번역 제공) 다양한 분야의 스타트 업이있는 매우 체계적이고 관리 된 사무실. 선정 된 신생 기업은 3 층에 있으며 (우리는 그들 중 일부입니다) 4 층에는 무료 오픈 데스크를 사용할 수 있습니다. 좋은!  (원문) Very well organized and managed offices with startups from various fields.  Selected startups are located in the 3rd floor (we're part of them) and free open desks can be used on the 4th floor. Nice!,2년 전,2020-11-11 00:40:15.869211,Louis Haag,0,0,https://www.google.com/maps/contrib/113979160686641477653/reviews?hl=ko-KR
ChdDSUhNMG9nS0VJQ0FnSURndzlDWXB3RRAB,"(Google 번역 제공) 잼이나 젤리, 보존 식품이 아닙니다.  (원문) Not my jam, my jelly, nor my preserves.",2년 전,2020-11-11 00:40:15.871257,Chris DiGennaro,0,0,https://www.google.com/maps/contrib/115453263792497207495/reviews?hl=ko-KR
ChdDSUhNMG9nS0VJQ0FnSURBbTl6dTBnRRAB,,2년 전,2020-11-11 00:40:15.873061,Romin Khazai,0,0,https://www.google.com/maps/contrib/105996305818841847859/reviews?hl=ko-KR
ChZDSUhNMG9nS0VJQ0FnSURnX3MtUEdREAE,,2년 전,2020-11-11 00:40:15.874155,Thanda Oo,0,0,https://www.google.com/maps/contrib/106494447682987936988/reviews?hl=ko-KR
ChdDSUhNMG9nS0VJQ0FnSUN3dGZxYXBnRRAB,,2년 전,2020-11-11 00:40:15.876880,Atanda Olusegun,0,0,https://www.google.com/maps/contrib/104347914743014683510/reviews?hl=ko-KR
ChZDSUhNMG9nS0VJQ0FnSUN3Z3B2X0lREAE,네.이러한장소가있어서.근로자들이.정보도공유하고.취직도하면서.여러가지상담을할수있죠.외국에있는조카의부탁으로.3.4회정도방문.직원들도친절하고.편안하게다녀왔던기억이있읍니다.한가지너무아쉬윘던게.주차장에들어가기가.너무좁았고.대중교통을이용하자니.너무오래기다려야했으며.환승도하기어려운장소라서.어른들은고생을많이할것같아.아쉬웠음.,2년 전,2020-11-11 00:40:15.877692,박민호,0,0,https://www.google.com/maps/contrib/111662281829484769865/reviews?hl=ko-KR
ChdDSUhNMG9nS0VJQ0FnSUNneVpUdDRnRRAB,(Google 번역 제공) 좋은 사람들과 활기찬 시작 장면  (원문) Nice people and lively startup scene,2년 전,2020-11-11 00:40:15.879750,R Frianto Moerdowo,0,0,https://www.google.com/maps/contrib/117462404329306529635/reviews?hl=ko-KR
ChZDSUhNMG9nS0VJQ0FnSUNBdjV2SUJ3EAE,,2년 전,2020-11-11 00:40:15.881787,Chisato Takayama,0,0,https://www.google.com/maps/contrib/105965226995509727250/reviews?hl=ko-KR
ChdDSUhNMG9nS0VJQ0FnSURnaV9peGhRRRAB,,2년 전,2020-11-11 00:40:23.590775,왕왕선지,0,0,https://www.google.com/maps/contrib/105529515343450400691/reviews?hl=ko-KR
ChZDSUhNMG9nS0VJQ0FnSUN3aFpuUkdnEAE,창업공간 좋아요,2년 전,2020-11-11 00:40:23.591772,James Choi,0,0,https://www.google.com/maps/contrib/114465359380842146666/reviews?hl=ko-KR
ChdDSUhNMG9nS0VJQ0FnSUNBdmFTU25RRRAB,(Google 번역 제공) 매우 깨끗하고 체계적인 배치입니다. 시작 프로그램을위한 Esp  (원문) It is very clean and well organised placement. Esp for startup programs,2년 전,2020-11-11 00:40:23.594175,JobaJoba HyperLocal,0,0,https://www.google.com/maps/contrib/111542636909535256604/reviews?hl=ko-KR
ChZDSUhNMG9nS0VJQ0FnSURRd3VmYkhnEAE,,2년 전,2020-11-11 00:40:23.595374,Hanna Korostelova,0,0,https://www.google.com/maps/contrib/110963039007041131241/reviews?hl=ko-KR
ChZDSUhNMG9nS0VJQ0FnSUN3cGNTVVVnEAE,오픈된 분위기가 좋습니다,2년 전,2020-11-11 00:40:23.597442,Pete Yoon,0,0,https://www.google.com/maps/contrib/104957102465765783766/reviews?hl=ko-KR
ChZDSUhNMG9nS0VJQ0FnSURRa1p5N1l3EAE,,2년 전,2020-11-11 00:40:23.599478,고운태,0,0,https://www.google.com/maps/contrib/113501207612786275817/reviews?hl=ko-KR
ChdDSUhNMG9nS0VJQ0FnSUNnZzlpYXB3RRAB,(Google 번역 제공) 다시 돌아오고 싶다.  (원문) Pengen balik lagiii,2년 전,2020-11-11 00:40:23.602611,Ismail Rabbanii,0,0,https://www.google.com/maps/contrib/112255505664927021796/reviews?hl=ko-KR
ChZDSUhNMG9nS0VJQ0FnSUNnLWJteUVnEAE,(Google 번역 제공) 좋은 장소와 기회.  (원문) Nice place and opportunities.,2년 전,2020-11-11 00:40:23.603740,Maria Samayoa,0,0,https://www.google.com/maps/contrib/107345956793786635453/reviews?hl=ko-KR
ChZDSUhNMG9nS0VJQ0FnSUNBei12UFFREAE,"(Google 번역 제공) 도시에 무료로 등록하면 여기에서 일할 수 있습니다. 4 층에는 열린 공동 작업 공간이 있습니다. 3 층은 그들의 프로그램에 입학 한 사람들만을위한 것입니다. 모두들 여기가 꽤 좋습니다. 4 층에는 무료 차가 있습니다. 멘토들은 정말 잘 생겼다. 그리고 나는 단지 하나이기 때문에 그렇게 말하는 것이 아닙니다. 사실, 그렇습니다. 내 썸네일을보십시오. 놀랍지 않나요?  (원문) You can come work here if you register with the city for free. There is an open co-working space on the 4th floor. The third floor is for those admitted to their program only. Everybody is pretty nice here. There is free tea on the 4th floor. The mentors are really handsome. And I'm not just saying that because I'm one. Actually, yes I am. Just look at my thumbnail. Aren't I amazing?",2년 전,2020-11-11 00:40:23.605864,Lorenzo Swank,0,0,https://www.google.com/maps/contrib/115119027312918719942/reviews?hl=ko-KR
