﻿id_review,caption,relative_date,retrieval_date,username,n_review_user,n_photo_user,url_user
ChZDSUhNMG9nS0VJQ0FnSURDNXZXdFRBEAE,,1달 전,19:15.4,이주환,0,0,https://www.google.com/maps/contrib/116450752360289823359/reviews?hl=ko-KR
ChdDSUhNMG9nS0VJQ0FnSUM4MHFPNzZBRRAB,장비들이 괜츈하던데요? ^^,4달 전,19:15.4,younlea kim,0,0,https://www.google.com/maps/contrib/108111953978469004641/reviews?hl=ko-KR
ChdDSUhNMG9nS0VJQ0FnSUNRbFAzMTZ3RRAB,너무 멋짐,8달 전,19:15.4,Juno Ko,0,0,https://www.google.com/maps/contrib/106968370001127274360/reviews?hl=ko-KR
ChdDSUhNMG9nS0VJQ0FnSUNzeFl6WW93RRAB,,9달 전,19:15.4,Themba Liptrot,0,0,https://www.google.com/maps/contrib/103342768780210306803/reviews?hl=ko-KR
ChdDSUhNMG9nS0VJQ0FnSUNzaGJHMzVBRRAB,,9달 전,19:15.4,Jaeyong Park,0,0,https://www.google.com/maps/contrib/108654343947523810952/reviews?hl=ko-KR
ChdDSUhNMG9nS0VJQ0FnSUNza2YyeDJBRRAB,,9달 전,19:15.4,군태현,0,0,https://www.google.com/maps/contrib/101533662586397389561/reviews?hl=ko-KR
ChZDSUhNMG9nS0VJQ0FnSURNamJEMWF3EAE,,10달 전,19:15.4,Ban Changmo,0,0,https://www.google.com/maps/contrib/117244723688257799625/reviews?hl=ko-KR
ChdDSUhNMG9nS0VJQ0FnSURNLWFEaHd3RRAB,,10달 전,19:15.4,Steven H,0,0,https://www.google.com/maps/contrib/109134430832234074937/reviews?hl=ko-KR
ChZDSUhNMG9nS0VJQ0FnSURNeFBhNEN3EAE,시즌 마감 되고 찾게 되어 아쉬었슴,10달 전,19:15.4,yw kahng,0,0,https://www.google.com/maps/contrib/101052201306764186048/reviews?hl=ko-KR
ChZDSUhNMG9nS0VJQ0FnSUNNX2VUSE1nEAE,,11달 전,19:15.4,cheul hwang,0,0,https://www.google.com/maps/contrib/100518611290976140731/reviews?hl=ko-KR
ChZDSUhNMG9nS0VJQ0FnSUQwcHFua0hBEAE,,1년 전,19:15.4,이준석,0,0,https://www.google.com/maps/contrib/108852733732157428889/reviews?hl=ko-KR
ChZDSUhNMG9nS0VJQ0FnSUMwNzVDU1pnEAE,뭐하는곳인지 정확히모르겟어요,1년 전,19:15.4,Mason,0,0,https://www.google.com/maps/contrib/108878088404901182838/reviews?hl=ko-KR
ChdDSUhNMG9nS0VJQ0FnSUMwZzhubV9nRRAB,,1년 전,19:15.4,정정포,0,0,https://www.google.com/maps/contrib/104950474344751606326/reviews?hl=ko-KR
ChZDSUhNMG9nS0VJQ0FnSUMwNVliVVJREAE,,1년 전,19:15.4,The Real Korean,0,0,https://www.google.com/maps/contrib/103692083108186720745/reviews?hl=ko-KR
ChZDSUhNMG9nS0VJQ0FnSUMwcGFPX2RREAE,메이커교육장소,1년 전,19:15.4,ssorumi sam,0,0,https://www.google.com/maps/contrib/107511238377588119854/reviews?hl=ko-KR
ChZDSUhNMG9nS0VJQ0FnSUMwNE5LdmN3EAE,,1년 전,19:15.4,박창준,0,0,https://www.google.com/maps/contrib/113916403689823620786/reviews?hl=ko-KR
ChdDSUhNMG9nS0VJQ0FnSURVbW92eWtnRRAB,다양한 메이커 장비를 예약하여 사용할수 있습니다,1년 전,19:15.4,seung hee Lee,0,0,https://www.google.com/maps/contrib/107571878711619228652/reviews?hl=ko-KR
ChZDSUhNMG9nS0VJQ0FnSURVbU9QaERnEAE,,1년 전,19:15.4,박희성,0,0,https://www.google.com/maps/contrib/111119370160540217504/reviews?hl=ko-KR
ChZDSUhNMG9nS0VJQ0FnSURrdzR1alBnEAE,,1년 전,19:15.4,alleviate-pain,0,0,https://www.google.com/maps/contrib/102351356329740460813/reviews?hl=ko-KR
ChdDSUhNMG9nS0VJQ0FnSUNrbWZXTGdnRRAB,,1년 전,19:15.4,김명환,0,0,https://www.google.com/maps/contrib/106669519404205491660/reviews?hl=ko-KR
ChdDSUhNMG9nS0VJQ0FnSURZMXNiVHdRRRAB,(Google 번역 제공) 좋은  (원문) Good,1년 전,19:22.2,Jade Kim,0,0,https://www.google.com/maps/contrib/101046660641708328596/reviews?hl=ko-KR
ChZDSUhNMG9nS0VJQ0FnSURvejZMdE13EAE,,1년 전,19:22.2,BOBBEY AXELORD,0,0,https://www.google.com/maps/contrib/108182236619307262965/reviews?hl=ko-KR
ChdDSUhNMG9nS0VJQ0FnSUNveHFtUjdnRRAB,,1년 전,19:22.2,정현구,0,0,https://www.google.com/maps/contrib/110097809494340157804/reviews?hl=ko-KR
ChZDSUhNMG9nS0VJQ0FnSURJNElDYlZBEAE,,1년 전,19:22.2,Bukle UNALDI,0,0,https://www.google.com/maps/contrib/101091057904423460987/reviews?hl=ko-KR
ChZDSUhNMG9nS0VJQ0FnSUNJdF83a1lBEAE,(Google 번역 제공) 일하고 더 많은 것을 배우기에 좋은 곳  (원문) awesome place to work and learn more things,1년 전,19:22.2,Blankly,0,0,https://www.google.com/maps/contrib/112001365143083412165/reviews?hl=ko-KR
ChZDSUhNMG9nS0VJQ0FnSUNJbmRlVkN3EAE,,1년 전,19:22.2,봉지,0,0,https://www.google.com/maps/contrib/102650136934890963252/reviews?hl=ko-KR
ChZDSUhNMG9nS0VJQ0FnSUNJNWZxT0tREAE,세운상가의 표면적 재개발에 힘입어 개설되었으나 활성화여부는 ? 시설이 타 메이커스페이스에 비해 다소 열악하나 관계자분들의 열정만은 열정페이하는 곳....,1년 전,19:22.2,Min Huh,0,0,https://www.google.com/maps/contrib/100465787219869863698/reviews?hl=ko-KR
ChdDSUhNMG9nS0VJQ0FnSUN3XzRpbV93RRAB,,2년 전,19:22.2,Hyunjung Kim,0,0,https://www.google.com/maps/contrib/103205973999709119245/reviews?hl=ko-KR
ChZDSUhNMG9nS0VJQ0FnSURBM3NmWk9nEAE,,2년 전,19:22.2,Bader alsalhan,0,0,https://www.google.com/maps/contrib/110058078862582582709/reviews?hl=ko-KR
ChZDSUhNMG9nS0VJQ0FnSURnNTZ5OUF3EAE,요기 직원.....뚱댕이 .. 완전 쓰레기  처럼 운영.   이래서  정부는  민간한테 위탁 하면 안된다.,2년 전,19:22.2,김유이,0,0,https://www.google.com/maps/contrib/106917314622014022514/reviews?hl=ko-KR
ChZDSUhNMG9nS0VJQ0FnSURnNjhPZ0RnEAE,"(Google 번역 제공) 청계천의 주목할만한 전자 부품 시장을 탐험하다가 FabLab을 우연히 발견했습니다. 나는 환영을 받고 주위를 둘러 보도록 초대 받았다. 창의력을 발휘할 수있는 흥미로운 도구가있는 잘 갖추어 진 작업 공간 인 것 같습니다. 화요일 오후에는 상당히 조용했지만 바쁠 때 사용할 수있는 공간이 꽤있는 것 같습니다. 건물의 높은 층 중 하나에서 강 건너편의 멋진 전망도 있습니다. 서울에 살면 확실히 공간을 잘 활용할 것 같아요! 비  (원문) While exploring the remarkable electronics parts markets in cheonggyecheon I stumbled across FabLab. I was welcomed in, and invited to have a look around. It looks to be a well equipped workspace with some interesting tools with which to be creative with. It was fairly quiet early Tuesday afternoon, but there looks like quite a bit of space available when it does get busy. Nice views out across the river from one of the higher floors of the building too. I'd definitely make good use of the space if I lived in Seoul ! B",2년 전,19:29.4,Barney Fitzhardinge,0,0,https://www.google.com/maps/contrib/100840791620648358870/reviews?hl=ko-KR
ChdDSUhNMG9nS0VJQ0FnSUNBN3FyNmd3RRAB,,2년 전,19:29.4,김수현,0,0,https://www.google.com/maps/contrib/106437293100535512656/reviews?hl=ko-KR
ChZDSUhNMG9nS0VJQ0FnSUNnOHJiZlp3EAE,,2년 전,19:29.4,김상홍,0,0,https://www.google.com/maps/contrib/103756112601091888037/reviews?hl=ko-KR
ChdDSUhNMG9nS0VJQ0FnSUNRcHZ5eDVnRRAB,"장비 사용자가 왔는지 확인도 안하는 모양. 오후 1시가 되어도 누가 관리자인지 알 수 없이 서수선한 분위기에, 방명록도 어디있는지 모를 정도로 실내는 참 관리가 안돼있다. 그래서 일단 작동을 시켰는데 어디선가 신경직적으로 소리를 질르는 사람이 나타났다. 테스트로 작게 잘라보는거라 뚜껑을 안닫았는데, 장비교육을 안받았냐며 히스테릭한 사람처럼 굴어댔다. 타 기관의 교육을 들으면 상담 후 가능하다 써있었고, 애초에 교육증명서를 갖고오란 말도 안써있었음에도 사용자를 탓하는 태도. 게다가 사용시간 10분전에 와서 설명을 들으라 했으면서 막상 가니 문이 닫혀있었다. 또 뒤늦게 재료를 문제 삼는게 참 맥락없어 보였다. 서울이나 경기도쪽 팹랩을 여러번 이용했지만 이렇게 무례하고 어설프게 체계가 갖춰진 곳은 처음이다. 불과 1-2년전만 해도 이런 곳이 아니었던거 같은데, 여러가지 시도를 하는 중이라 믿고싶다. 팹랩 취지에 공공 도서관과같이 누구나 다 이용해볼수 있는 공간이라고 써져있는데, 서울 팹랩은 준 전문가가 아니면 이용 못한다는 태도다. 그 어설픈 예약시스템을 점검해보시길, 그리고 다른나라 팹랩은 이렇게 어설프지 않기를 바랄뿐이다.",2년 전,19:29.4,sun-mi Park,0,0,https://www.google.com/maps/contrib/101647618947516464034/reviews?hl=ko-KR
,제가원하든 업체입니딘^^,,,,,,
,"홈페이지와 이메일, 그리고 전화응대가 그리 친절치 아니합니다. 전화로 문의하면 홈페이지로 찾아보라. 홈페이지에 찾지못해 이메일 문의하니 두번째는 답변이 없네요. 고객 서비스 개선이 필요합니다.",,,,,,
,홈페이지 http://fablab-seoul.org/,,,,,,
