﻿id_review,caption,relative_date,retrieval_date,username,n_review_user,n_photo_user,url_user
ChdDSUhNMG9nS0VJQ0FnSUNpOFk2RTBBRRAB,비싸요,3일 전,2020-11-10 15:42:47.648247,이jk,0,0,https://www.google.com/maps/contrib/114746393912016068313/reviews?hl=ko-KR
ChdDSUhNMG9nS0VJQ0FnSUNpM3YyN2h3RRAB,한강에서 제일 예쁜 책방!,6일 전,2020-11-10 15:42:47.649243,이한별,0,0,https://www.google.com/maps/contrib/100784736531016409562/reviews?hl=ko-KR
ChdDSUhNMG9nS0VJQ0FnSUNpN29YOGdRRRAB,커피가 진짜 맛있어요. 아인슈패너 강추,6일 전,2020-11-10 15:42:47.650240,SangHee Kang,0,0,https://www.google.com/maps/contrib/102527548076417566618/reviews?hl=ko-KR
ChZDSUhNMG9nS0VJQ0FnSUNpcHJ5SFJBEAE,,1주 전,2020-11-10 15:42:47.651237,Sangwoo Song,0,0,https://www.google.com/maps/contrib/103100651405964511210/reviews?hl=ko-KR
ChdDSUhNMG9nS0VJQ0FnSUNpd3RhZnpRRRAB,,2주 전,2020-11-10 15:42:47.652237,송명현,0,0,https://www.google.com/maps/contrib/109481961427312324044/reviews?hl=ko-KR
ChZDSUhNMG9nS0VJQ0FnSURDNFlxa0JnEAE,,1달 전,2020-11-10 15:42:47.654235,han Lee,0,0,https://www.google.com/maps/contrib/113228507714838748570/reviews?hl=ko-KR
ChdDSUhNMG9nS0VJQ0FnSUNDb29INWtnRRAB,산책 후 독서하기 좋아요. 마음에 드는 책 친구 선물하면 기뻐할듯,2달 전,2020-11-10 15:42:47.655224,gari,0,0,https://www.google.com/maps/contrib/101705156673953935412/reviews?hl=ko-KR
ChZDSUhNMG9nS0VJQ0FnSUNDbkt1bEpnEAE,,2달 전,2020-11-10 15:42:47.655224,승현,0,0,https://www.google.com/maps/contrib/104496097412358014772/reviews?hl=ko-KR
ChdDSUhNMG9nS0VJQ0FnSUNDcE43d2tnRRAB,조용하고 간편하게 읽을 수 있는 책이 비치되어 있다.,2달 전,2020-11-10 15:42:47.656222,Ringo Cider,0,0,https://www.google.com/maps/contrib/114928996971205981798/reviews?hl=ko-KR
ChdDSUhNMG9nS0VJQ0FnSUNDcE1hODl3RRAB,시원하고 좋아요,2달 전,2020-11-10 15:42:47.657229,이준승,0,0,https://www.google.com/maps/contrib/111605624739041685807/reviews?hl=ko-KR
ChdDSUhNMG9nS0VJQ0FnSUQ4MzVfYWlnRRAB,"쾌적하고 넓고 조용하고 혼자 책읽기 좋은 책방이에요. 독립서적들이 많구요 2층은 북카페가 있어서 음료 마시며 책읽을 수 있어요. 1층은 출판사별로 부스를 예쁘게 꾸며 놓았구요 퀴즈를 맞추면 연필을 선물로 주는 이벤트도 있어요. 장서만들기, 책만들기등의 이벤트도 있구요. 1층은 예약을 하고 가야하지만 현장에서도 입장가능해요",3달 전,2020-11-10 15:42:47.658219,꽃방책방,0,0,https://www.google.com/maps/contrib/116948094287016164232/reviews?hl=ko-KR
ChZDSUhNMG9nS0VJQ0FnSUQ4MTlqWkVBEAE,,3달 전,2020-11-10 15:42:47.659211,박상일,0,0,https://www.google.com/maps/contrib/101351085785541451807/reviews?hl=ko-KR
ChZDSUhNMG9nS0VJQ0FnSUQ4bThHY0FREAE,아름다운 섬,3달 전,2020-11-10 15:42:47.660207,움직씨출판사,0,0,https://www.google.com/maps/contrib/117604266022624906890/reviews?hl=ko-KR
ChZDSUhNMG9nS0VJQ0FnSUQ4NjRIbldBEAE,,3달 전,2020-11-10 15:42:47.660207,SJ S,0,0,https://www.google.com/maps/contrib/113179322959092861374/reviews?hl=ko-KR
ChdDSUhNMG9nS0VJQ0FnSUQ4ZzU3aGxBRRAB,,3달 전,2020-11-10 15:42:47.661205,Rual Kim,0,0,https://www.google.com/maps/contrib/108124474982702503489/reviews?hl=ko-KR
ChZDSUhNMG9nS0VJQ0FnSUQ4M2Y3U05BEAE,,3달 전,2020-11-10 15:42:47.662201,유혜연,0,0,https://www.google.com/maps/contrib/113488819876580282385/reviews?hl=ko-KR
ChdDSUhNMG9nS0VJQ0FnSUQ4cll1UjRnRRAB,코로나 이후에 드디어 열렸네요. 기대처럼 좋습니다. 노들섬을 더욱 가치있는 공간으로 만들어주는 서점.,3달 전,2020-11-10 15:42:47.662201,정선우,0,0,https://www.google.com/maps/contrib/117151354680979630893/reviews?hl=ko-KR
ChZDSUhNMG9nS0VJQ0FnSUQ4clo3NEVBEAE,조용하고 편안한 책상에서 독서하기 좋은곳!! 야경뷰는 보너스^^,3달 전,2020-11-10 15:42:47.663197,HYUNKYUNG LEE,0,0,https://www.google.com/maps/contrib/116184835033213028348/reviews?hl=ko-KR
ChZDSUhNMG9nS0VJQ0FnSUQ4OGYzS2V3EAE,분위기 좋아요,3달 전,2020-11-10 15:42:47.663197,KS Choi,0,0,https://www.google.com/maps/contrib/111676510720878147594/reviews?hl=ko-KR
ChdDSUhNMG9nS0VJQ0FnSUQ4cXEtczlBRRAB,,3달 전,2020-11-10 15:42:47.664193,sebeen Lee,0,0,https://www.google.com/maps/contrib/110957571957848197934/reviews?hl=ko-KR
ChZDSUhNMG9nS0VJQ0FnSUM4XzdENEp3EAE,,3달 전,2020-11-10 15:42:53.999467,권희정,0,0,https://www.google.com/maps/contrib/114407427722308759134/reviews?hl=ko-KR
ChZDSUhNMG9nS0VJQ0FnSUM4Z2RqMll3EAE,,4달 전,2020-11-10 15:42:54.000465,용감한돌,0,0,https://www.google.com/maps/contrib/116408557268006043421/reviews?hl=ko-KR
ChZDSUhNMG9nS0VJQ0FnSUM4dnBmaUNnEAE,,4달 전,2020-11-10 15:42:54.002472,박상빈,0,0,https://www.google.com/maps/contrib/114682602355951619392/reviews?hl=ko-KR
ChZDSUhNMG9nS0VJQ0FnSUM4X1BTb0JREAE,,4달 전,2020-11-10 15:42:54.003454,유광희,0,0,https://www.google.com/maps/contrib/100715878151104690129/reviews?hl=ko-KR
ChZDSUhNMG9nS0VJQ0FnSUM4cE52MlZ3EAE,,4달 전,2020-11-10 15:42:54.004451,지성현,0,0,https://www.google.com/maps/contrib/116409588176901629875/reviews?hl=ko-KR
ChZDSUhNMG9nS0VJQ0FnSUM4MExMRFl3EAE,(Google 번역 제공) 다음은 들어 보려고합니다. 200620  (원문) 次は入って見ようと思います。200620,4달 전,2020-11-10 15:42:54.005446,Yasuo Shibusawa,0,0,https://www.google.com/maps/contrib/111349645162043871250/reviews?hl=ko-KR
ChdDSUhNMG9nS0VJQ0FnSURjdHFuM253RRAB,좋아요 😀,4달 전,2020-11-10 15:42:54.006443,이지윤,0,0,https://www.google.com/maps/contrib/105444427805487046236/reviews?hl=ko-KR
ChdDSUhNMG9nS0VJQ0FnSURjd3Vfbjl3RRAB,,5달 전,2020-11-10 15:42:54.006443,박윤주,0,0,https://www.google.com/maps/contrib/103963934389698160966/reviews?hl=ko-KR
ChdDSUhNMG9nS0VJQ0FnSURjM09fWGt3RRAB,넓고 조용하고 책읽기 좋음.  공부하는사람 많음,5달 전,2020-11-10 15:42:54.007478,MinSoo Kang,0,0,https://www.google.com/maps/contrib/112226400511852425625/reviews?hl=ko-KR
ChdDSUhNMG9nS0VJQ0FnSURjdExEanF3RRAB,,5달 전,2020-11-10 15:42:54.007478,윤민석,0,0,https://www.google.com/maps/contrib/113235764887987596652/reviews?hl=ko-KR
ChZDSUhNMG9nS0VJQ0FnSURjcEltQVRBEAE,애매하다 애매해,5달 전,2020-11-10 15:43:00.371698,태호tv,0,0,https://www.google.com/maps/contrib/116425885455060473186/reviews?hl=ko-KR
ChdDSUhNMG9nS0VJQ0FnSURjaE1fdnlBRRAB,,5달 전,2020-11-10 15:43:00.372701,정희철,0,0,https://www.google.com/maps/contrib/113689866933273635079/reviews?hl=ko-KR
ChZDSUhNMG9nS0VJQ0FnSURjaEtLVUJnEAE,코로나로 폐쇄되어서 잘모르겠음,5달 전,2020-11-10 15:43:00.373698,dongjin jung,0,0,https://www.google.com/maps/contrib/113866283589953211520/reviews?hl=ko-KR
ChdDSUhNMG9nS0VJQ0FnSURjbU5hcXhRRRAB,,5달 전,2020-11-10 15:43:00.374690,Jain Seo,0,0,https://www.google.com/maps/contrib/117580309160961727480/reviews?hl=ko-KR
ChZDSUhNMG9nS0VJQ0FnSURjOE5YeEdREAE,열람 책이 많아서 책읽고 쉬기에 좋고 작가들에게 메세지도 남길 수있어서 좋네요,5달 전,2020-11-10 15:43:00.374690,TV진나면,0,0,https://www.google.com/maps/contrib/116130805434963017318/reviews?hl=ko-KR
ChZDSUhNMG9nS0VJQ0FnSUNjNF83aE9REAE,커피는 분위기만큼 맛있지는 않아요,7달 전,2020-11-10 15:43:00.375684,Kai Kee,0,0,https://www.google.com/maps/contrib/114786612523394061924/reviews?hl=ko-KR
ChZDSUhNMG9nS0VJQ0FnSUNjeGFPYldREAE,새로 생겼나봐요~!! 야경이 끝내줍니다!!,7달 전,2020-11-10 15:43:00.376685,Gunster,0,0,https://www.google.com/maps/contrib/115612932404557173264/reviews?hl=ko-KR
ChZDSUhNMG9nS0VJQ0FnSUNjLVptalpnEAE,여유롭게 즐기고 왔습니다~ 지나치게 갬성갬성하지만 덕분에 잊고 살았던 감성 개방하고 와서 전 좋았어요:) 시간되면 혼자 다시 가고 싶은 곳입니다!,7달 전,2020-11-10 15:43:00.377702,chaCha,0,0,https://www.google.com/maps/contrib/101952397715493222797/reviews?hl=ko-KR
ChRDSUhNMG9nS0VJQ0FnSUNjaWRaSBAB,도심안에서 소소힌 행복을 질기는 노들섬내 쉼터,7달 전,2020-11-10 15:43:00.378634,최경원 teresisa,0,0,https://www.google.com/maps/contrib/114717984544367290407/reviews?hl=ko-KR
ChZDSUhNMG9nS0VJQ0FnSUNjOEwzbGRBEAE,,7달 전,2020-11-10 15:43:00.379684,Dongwan Lee,0,0,https://www.google.com/maps/contrib/106364651679251267929/reviews?hl=ko-KR
ChdDSUhNMG9nS0VJQ0FnSURzdjdiYm1RRRAB,조용하고 공부할수있는 책상과 의자 전등이 있어서 좋습니다,7달 전,2020-11-10 15:43:06.826617,jkim007,0,0,https://www.google.com/maps/contrib/105904812911394520104/reviews?hl=ko-KR
ChdDSUhNMG9nS0VJQ0FnSURzcWR2U21RRRAB,,8달 전,2020-11-10 15:43:06.827581,박주현,0,0,https://www.google.com/maps/contrib/117938292491452694461/reviews?hl=ko-KR
ChdDSUhNMG9nS0VJQ0FnSURzd2FtWTVnRRAB,분위기 좋고 한적하게 책을 접할수 있어서 좋아요,8달 전,2020-11-10 15:43:06.828596,나무,0,0,https://www.google.com/maps/contrib/114940678435073576571/reviews?hl=ko-KR
ChdDSUhNMG9nS0VJQ0FnSURzZ1pxZGxnRRAB,,8달 전,2020-11-10 15:43:06.829590,Tatiana P,0,0,https://www.google.com/maps/contrib/105120003774838933800/reviews?hl=ko-KR
ChdDSUhNMG9nS0VJQ0FnSURzdm9LQzd3RRAB,예쁘긴 한데 한 번 가본 걸로 만족.... 규모가 생각보다 작았어요. 굳이 찾아가진 않을 것 같아요. ㅠㅠ,8달 전,2020-11-10 15:43:06.829590,by choi,0,0,https://www.google.com/maps/contrib/107389853887049770548/reviews?hl=ko-KR
ChZDSUhNMG9nS0VJQ0FnSURzdnV6cEJnEAE,"오픈된 지 얼마 안되보이며 이 서점을 제외하고 나머지 건물은 아직 한창 공사중이거나 대부분 입점이 안되있다. 사진 찍기도 좋으며, 다른 곳에서는 찾아 보기 어려운 개인 출판용 책이 상당히 많다.",8달 전,2020-11-10 15:43:06.830586,백건우,0,0,https://www.google.com/maps/contrib/107161461679371401533/reviews?hl=ko-KR
ChdDSUhNMG9nS0VJQ0FnSURzcHZheDNnRRAB,서울시에서 운영하는거니까 믿고 간다 월요일 휴무,8달 전,2020-11-10 15:43:06.831583,수하 TV,0,0,https://www.google.com/maps/contrib/108337451741750836360/reviews?hl=ko-KR
ChdDSUhNMG9nS0VJQ0FnSURzNk5QeHZBRRAB,,8달 전,2020-11-10 15:43:06.831583,이동엽,0,0,https://www.google.com/maps/contrib/113164638343679708844/reviews?hl=ko-KR
ChdDSUhNMG9nS0VJQ0FnSUNzel9IX3hnRRAB,조용함. 작가지망생을 위한 데스크가 마련되어있는것같아요. 커피도괜찮아요.,8달 전,2020-11-10 15:43:06.832580,재밌는동영상,0,0,https://www.google.com/maps/contrib/108056168430327410784/reviews?hl=ko-KR
ChdDSUhNMG9nS0VJQ0FnSUNzbDR2MzFnRRAB,,8달 전,2020-11-10 15:43:06.833574,Ho Suk Jung,0,0,https://www.google.com/maps/contrib/117910673596019915881/reviews?hl=ko-KR
ChZDSUhNMG9nS0VJQ0FnSUNzeDhpUkp3EAE,산책도 하고 사색도 할 수 있는 곳~! 2층엔 카페도 있어요:),8달 전,2020-11-10 15:43:13.270134,Nawon Cho,0,0,https://www.google.com/maps/contrib/116247451883178429544/reviews?hl=ko-KR
ChdDSUhNMG9nS0VJQ0FnSUNzODh2TzV3RRAB,,8달 전,2020-11-10 15:43:13.272095,오지훈,0,0,https://www.google.com/maps/contrib/101846216824739481132/reviews?hl=ko-KR
ChdDSUhNMG9nS0VJQ0FnSUNzdzgzODN3RRAB,,8달 전,2020-11-10 15:43:13.273099,밍즤MINGGZI,0,0,https://www.google.com/maps/contrib/116330148224688405783/reviews?hl=ko-KR
ChdDSUhNMG9nS0VJQ0FnSUNzdzVHYnp3RRAB,공간이 자유로워요,8달 전,2020-11-10 15:43:13.274108,이혜림,0,0,https://www.google.com/maps/contrib/102543095462630579305/reviews?hl=ko-KR
ChZDSUhNMG9nS0VJQ0FnSUNzZzYtTEFREAE,,8달 전,2020-11-10 15:43:13.274108,박지훈,0,0,https://www.google.com/maps/contrib/106873878113503210996/reviews?hl=ko-KR
ChdDSUhNMG9nS0VJQ0FnSUNzZzVUb3V3RRAB,,8달 전,2020-11-10 15:43:13.275131,윤지영,0,0,https://www.google.com/maps/contrib/111689501236420172558/reviews?hl=ko-KR
ChdDSUhNMG9nS0VJQ0FnSUNzM2JEbV93RRAB,,8달 전,2020-11-10 15:43:13.275131,김연희,0,0,https://www.google.com/maps/contrib/108971167624104427620/reviews?hl=ko-KR
ChdDSUhNMG9nS0VJQ0FnSUNzbllmczhnRRAB,아직 조용하고 진열된 책들도 많고 읽기에도 좋아요. 옆에 김밥집도 맛있고 시설이 더 들어설것 같아요,8달 전,2020-11-10 15:43:13.276106,이우현,0,0,https://www.google.com/maps/contrib/107548330218761424010/reviews?hl=ko-KR
ChdDSUhNMG9nS0VJQ0FnSUNzbFpmczZBRRAB,새로운 경험. 책을 더 사랑할 수 있는곳,9달 전,2020-11-10 15:43:13.277101,Hoseung Song,0,0,https://www.google.com/maps/contrib/109901008662078610443/reviews?hl=ko-KR
ChdDSUhNMG9nS0VJQ0FnSUNzbGZpR3hnRRAB,시간 보내기 좋더라구요,9달 전,2020-11-10 15:43:13.277101,유정원,0,0,https://www.google.com/maps/contrib/115783562966224663032/reviews?hl=ko-KR
ChZDSUhNMG9nS0VJQ0FnSUNzaGY2cVpREAE,조용한 공간에서 즐기는 차와 책의 조합이 아주 좋아요,9달 전,2020-11-10 15:43:19.808050,sol k,0,0,https://www.google.com/maps/contrib/107418071335277242531/reviews?hl=ko-KR
ChZDSUhNMG9nS0VJQ0FnSUNzb2E3U0hREAE,,9달 전,2020-11-10 15:43:19.809066,Mi Jang,0,0,https://www.google.com/maps/contrib/110588753166699882438/reviews?hl=ko-KR
ChdDSUhNMG9nS0VJQ0FnSUNzNXN5MzdRRRAB,,9달 전,2020-11-10 15:43:19.809066,상잇,0,0,https://www.google.com/maps/contrib/102134951938165470174/reviews?hl=ko-KR
ChdDSUhNMG9nS0VJQ0FnSUNza3BDVGx3RRAB,여기 좋아요..데이트하기 스케이트.타기좋은곳,9달 전,2020-11-10 15:43:19.810062,김은재,0,0,https://www.google.com/maps/contrib/116821204283500616428/reviews?hl=ko-KR
ChdDSUhNMG9nS0VJQ0FnSUNzNHItTHVRRRAB,,9달 전,2020-11-10 15:43:19.811082,SUNGHWAN CHOI,0,0,https://www.google.com/maps/contrib/115450231523303522532/reviews?hl=ko-KR
ChZDSUhNMG9nS0VJQ0FnSUNzZ3VDNlhREAE,,9달 전,2020-11-10 15:43:19.811082,최윤정,0,0,https://www.google.com/maps/contrib/114000599387170483265/reviews?hl=ko-KR
ChZDSUhNMG9nS0VJQ0FnSUNzX01mRWVnEAE,,9달 전,2020-11-10 15:43:19.812017,서영경,0,0,https://www.google.com/maps/contrib/114118108520809933220/reviews?hl=ko-KR
ChdDSUhNMG9nS0VJQ0FnSUNzdU1qNmt3RRAB,,9달 전,2020-11-10 15:43:19.813016,소정_Something,0,0,https://www.google.com/maps/contrib/106531234347541715770/reviews?hl=ko-KR
ChZDSUhNMG9nS0VJQ0FnSUNzMkpDTWRREAE,책과 커피를 좋아하는 사람들에게 좋은 장소.,9달 전,2020-11-10 15:43:19.813016,느낌느,0,0,https://www.google.com/maps/contrib/113007759601306538553/reviews?hl=ko-KR
ChdDSUhNMG9nS0VJQ0FnSUNzME9tVnFBRRAB,,9달 전,2020-11-10 15:43:19.814011,유미경,0,0,https://www.google.com/maps/contrib/103766390968959997715/reviews?hl=ko-KR
ChdDSUhNMG9nS0VJQ0FnSUNzMEt6T3J3RRAB,,9달 전,2020-11-10 15:43:26.369779,SR Yoo,0,0,https://www.google.com/maps/contrib/105587697765702897889/reviews?hl=ko-KR
ChdDSUhNMG9nS0VJQ0FnSURNdjhUMndRRRAB,북카페로 책 보며 시간 보내기 좋아요,9달 전,2020-11-10 15:43:26.370775,김민철solchan,0,0,https://www.google.com/maps/contrib/115627464555687426406/reviews?hl=ko-KR
ChdDSUhNMG9nS0VJQ0FnSURNMy1MRi1RRRAB,,9달 전,2020-11-10 15:43:26.370775,Boram Hur,0,0,https://www.google.com/maps/contrib/105749712703013079120/reviews?hl=ko-KR
ChdDSUhNMG9nS0VJQ0FnSURNcTVtUnh3RRAB,볼게없다 먹을게 없다,9달 전,2020-11-10 15:43:26.371772,신성민,0,0,https://www.google.com/maps/contrib/100626970504233065658/reviews?hl=ko-KR
ChZDSUhNMG9nS0VJQ0FnSURNeV8zR0tBEAE,,9달 전,2020-11-10 15:43:26.372769,lee jaehwan,0,0,https://www.google.com/maps/contrib/112394396828402955099/reviews?hl=ko-KR
ChdDSUhNMG9nS0VJQ0FnSURNMDdIZS1BRRAB,"새로운 장소, 한강~~~좋아요",9달 전,2020-11-10 15:43:26.374771,JoonHyeon Yeo,0,0,https://www.google.com/maps/contrib/116298816521101030639/reviews?hl=ko-KR
ChdDSUhNMG9nS0VJQ0FnSURNcGNYTjVnRRAB,"아직 노들섬이 덜 알려져있고 날씨가 추워서였겠지만 생각보다 사람이 아주 많지는 않아서 자리 잡고 앉아 제대로 책읽기를 할 수 있어 좋았어요. '붘' 이라는 카페도 같은 공간에 자리하고 있는지라 커피 한잔 즐기며 책 보기도 좋을거 같고, 평일 낮에 작업할 공간이 필요할 경우 노트북 챙겨들고 나와 하루 종일 일보기에도 좋을 공간! 또 가고 싶네요.",10달 전,2020-11-10 15:43:26.374771,green beside,0,0,https://www.google.com/maps/contrib/111959723798519218482/reviews?hl=ko-KR
ChdDSUhNMG9nS0VJQ0FnSURNLWVDQWdnRRAB,조용하고 풍경이 좋아요,10달 전,2020-11-10 15:43:26.375766,roadrunner,0,0,https://www.google.com/maps/contrib/101816087496405675497/reviews?hl=ko-KR
