﻿id_review,caption,relative_date,retrieval_date,username,n_review_user,n_photo_user,url_user
ChdDSUhNMG9nS0VJQ0FnSUNpNGNPQzJnRRAB,모기 많고 주차 불가해요 생각보다 뭐가 많이 없어요 So many mosquito and no parking,4일 전,54:32.1,한국학생,0,0,https://www.google.com/maps/contrib/101606933865767397172/reviews?hl=ko-KR
ChZDSUhNMG9nS0VJQ0FnSUNpcUpmWklnEAE,한강을 가깝고 잘 느낄수 있은 곳,2주 전,54:32.1,김동일,0,0,https://www.google.com/maps/contrib/100091555729947837913/reviews?hl=ko-KR
ChZDSUhNMG9nS0VJQ0FnSURRdXFXN1BREAE,,3주 전,54:32.1,정영숙,0,0,https://www.google.com/maps/contrib/101690363340685057708/reviews?hl=ko-KR
ChZDSUhNMG9nS0VJQ0FnSURDenNXSktREAE,산책하기 좋으며 주말 나들이 하기 좋은곳임,1달 전,54:32.1,Vero Dream,0,0,https://www.google.com/maps/contrib/116749271175084475143/reviews?hl=ko-KR
ChZDSUhNMG9nS0VJQ0FnSURDbk1mbldnEAE,산책하기 정말 좋습니다,1달 전,54:32.1,Gunhwi Kim,0,0,https://www.google.com/maps/contrib/114403795579428989870/reviews?hl=ko-KR
ChdDSUhNMG9nS0VJQ0FnSUNDeTVyd29RRRAB,이름이마음에않듬 그래도 섬의건물 환경은 굿,2달 전,54:32.1,갓둘기,0,0,https://www.google.com/maps/contrib/100226974168076042036/reviews?hl=ko-KR
ChdDSUhNMG9nS0VJQ0FnSUNDZ2RqN2hBRRAB,예전에는 뭐가 없었는데 많이 생겼네요,2달 전,54:32.1,ky P,0,0,https://www.google.com/maps/contrib/115484201996674996657/reviews?hl=ko-KR
ChdDSUhNMG9nS0VJQ0FnSUNDaUtHSXlBRRAB,최근에 노들섬이 새단장을 해서 더욱 좋아졌다. 산책하기에도 좋고 운동하기에도 좋고 주말에 만나 한 잔 하기에도 좋은 장소다. 특히 해질녘 노들섬은 서울인가싶을 정도로 좋다. 버스정류장에서 계단으로 올라가서 광장을 가로지르면 나무로 만들어 둔 계단식의자가 나오는데 그 곳에서바라보는 일몰은 장관이다. 뿐만아니라 노들섬에서의 한강대교는 늘 보던 한강대교와는 다르게 더욱 멋지다. 야간에 조명이 켜진 한강대교,3달 전,54:32.1,박정랑,0,0,https://www.google.com/maps/contrib/101423240751153985558/reviews?hl=ko-KR
ChdDSUhNMG9nS0VJQ0FnSUQ4Mjl5dmd3RRAB,멍때리고 싶을때 걷고싶을때 나에게 필요한 장소,3달 전,54:32.1,그냥삽니다,0,0,https://www.google.com/maps/contrib/111255870741109967144/reviews?hl=ko-KR
ChZDSUhNMG9nS0VJQ0FnSUQ4aGFPYlRnEAE,"여기 넘나 예쁘게 잘 되어있는데 컨텐츠도 참 의미있고, 사람도 별로 없어서 쾌적하다. 서점, 소공연장, 야외공연장, 전통주 파는곳 등등 다 좋았음.",3달 전,54:32.1,ow Me,0,0,https://www.google.com/maps/contrib/101773447429832015134/reviews?hl=ko-KR
ChZDSUhNMG9nS0VJQ0FnSUQ4cWFIQkNREAE,,3달 전,54:32.1,김희엽,0,0,https://www.google.com/maps/contrib/115555738039964287300/reviews?hl=ko-KR
ChZDSUhNMG9nS0VJQ0FnSUNVLU5tS2JnEAE,인디밴드들의 아름다운 음악과 사회적기업들이 만들어 내는 맛나고 멋진 물건들 그리고 저녁노을과 함께 하는 수제맥주와 막걸리... 상상만으로도 충분히 즐거워지는 복합문화공간,3달 전,54:32.1,上善如水,0,0,https://www.google.com/maps/contrib/118296314888529684563/reviews?hl=ko-KR
ChdDSUhNMG9nS0VJQ0FnSUM4cV9yV3RnRRAB,데이트 장소로 좋아요 걸어다니기 좋구,3달 전,54:32.1,서유은,0,0,https://www.google.com/maps/contrib/114130681319269286886/reviews?hl=ko-KR
ChdDSUhNMG9nS0VJQ0FnSUM4M2RhUDR3RRAB,"옛 도시텃밭으로 사용하던 노들섬을 공연장과 공원, 커뮤니티공간 등으로 단장하였습니다. 걷기좋고 운동하기 좋습니다. 낮과 밤 모두 이국적인 풍경을 즐길 수 있습니다. 주차는 불가능하기 때문에 필히 대중교통을 이용해야 합니다. 자가 이용시 이촌한강공원에 주차하고 도보로 이동해야 합니다. 도보로 약 20분정도 소요됩니다. 최근 생긴 공원답게 디자인이 잘되어 있습니다.",3달 전,54:32.1,YOUNG JAE KIM,0,0,https://www.google.com/maps/contrib/116577461824642149733/reviews?hl=ko-KR
ChZDSUhNMG9nS0VJQ0FnSUM4NXBqOURREAE,"(Google 번역 제공) 지난해 오픈 한 것입니다 만, COVID19 영향으로 한산하고 있습니다. 덕분에 산책에는 최적의 장소입니다 (^^) 200704  (원문) 昨年オープンしたのですが、COVID19影響で閑散としています。お陰で散歩には最適に場所となっています(^^)200704",4달 전,54:32.1,Yasuo Shibusawa,0,0,https://www.google.com/maps/contrib/111349645162043871250/reviews?hl=ko-KR
ChZDSUhNMG9nS0VJQ0FnSUM4bVAzekJREAE,노들섬좋아요! 분위기짱짱,4달 전,54:32.1,Jieun Yu,0,0,https://www.google.com/maps/contrib/104749392656515035615/reviews?hl=ko-KR
ChdDSUhNMG9nS0VJQ0FnSUM4MExqdzhBRRAB,"새로오픈한뒤 처음 방분해봤습니다 시설자체는 매우 깔끔하고 깨끗하게 구성해놓았다 내가 방문했을당시에는 주차가 불가능했고, 날이 너무너무 더웠다 해질녘에 방문해보면 더 좋을것 같다",4달 전,54:32.1,JAY LEE,0,0,https://www.google.com/maps/contrib/116390101493911579464/reviews?hl=ko-KR
ChdDSUhNMG9nS0VJQ0FnSURjNk1EbDJnRRAB,"연인, 가족단위등 많이 찾네요 아이들이 있다면 꼭 가보시길 바랍니다 주차가능",5달 전,54:32.1,Lim Byungkyu,0,0,https://www.google.com/maps/contrib/103123121604121592049/reviews?hl=ko-KR
ChdDSUhNMG9nS0VJQ0FnSUNjc0xxSjFnRRAB,한적하고 좋아요,7달 전,54:32.1,김한주,0,0,https://www.google.com/maps/contrib/112863361037017626226/reviews?hl=ko-KR
ChdDSUhNMG9nS0VJQ0FnSURzM29mcDhBRRAB,최고시다. 걷던지 버스타던지 꼭 가라,8달 전,54:32.1,Woori collie tv 우리콜리tv,0,0,https://www.google.com/maps/contrib/106168807019349999077/reviews?hl=ko-KR
ChZDSUhNMG9nS0VJQ0FnSURzcUpYM0lBEAE,동섬은 좀 잘만들어주세요. 선유도처럼 자연친화적으로..,8달 전,54:39.2,강순철,0,0,https://www.google.com/maps/contrib/113211794776452991887/reviews?hl=ko-KR
ChdDSUhNMG9nS0VJQ0FnSUNzaHBXb3ZBRRAB,아직 입점되어 있지 않은 빈공간들이 꽤 있고 새 건물 냄새가 나서 오래있기에는 힘들어요 깔끔하고 잘 만들어둔 공간입니다,9달 전,54:39.2,배수현,0,0,https://www.google.com/maps/contrib/113103507706513740697/reviews?hl=ko-KR
ChZDSUhNMG9nS0VJQ0FnSUNzdUwyWlZBEAE,겨울에 운영되고 천원이면 스케이트랑 헬멧 대여료도 이용할 수 있어요~ 넓고 깨끗하네용 장갑은 필수 입니당~~~>_< 라커도 있는데 이용요금은 500원~,9달 전,54:39.2,Lee지임,0,0,https://www.google.com/maps/contrib/104250358765795662272/reviews?hl=ko-KR
ChZDSUhNMG9nS0VJQ0FnSUNzMk9DMWR3EAE,"새로운 복합공간이 생겨서 좋다. 카페, 식당, 스케이트 장. 가족이나 연인끼리 데이트 하기 좋은 곳.",9달 전,54:39.2,느낌느,0,0,https://www.google.com/maps/contrib/113007759601306538553/reviews?hl=ko-KR
ChZDSUhNMG9nS0VJQ0FnSUNzcUxMZ0l3EAE,겨울이라 사람들이 많이 없지만 한강뷰도 좋고 넓은 아이스링크도 있어 아이들 뛰어 놀기 좋아요.,9달 전,54:39.2,Eunju Cho,0,0,https://www.google.com/maps/contrib/116243661450981763580/reviews?hl=ko-KR
ChZDSUhNMG9nS0VJQ0FnSUMwd2J2MEF3EAE,"The Nodeul Island was newly built this week and I tried to visit it. Many people are a good place to relax. Especially, if there is a fireworks festival, it seems to be the best place to visit. First of all, only half of them were opened. Yeouido has been opened and the building is still under construction in the area of Heukseok-dong. The lawn and outdoor chairs facing Yeouido have enough room to rest. If we go to the car, You can enter the parking lot through gate No. 4 of the Ichon-dong Han River High Water Service Area and walk through the Han River Bridge.It takes about 10-15 minutes on foot. It is cold in winter. A variety of events are also likely to take place.  노들섬이 이번주에 새로이 만들어져 방문을 해 보았다. 많은 사람들이 휴식을 취하기 좋은 곳이다. 특히 불꽃축제를 한다면 최고의 명당자리인듯 하다. 우선 반 정도만 개장을 하였다. 여의도 쪽은 개장을 하였고 흑석동쪽은 아직 공사중임. 여의도쪽으로 향해 있는 잔디밖과 야외 의자는 충분히 휴식을 취할만큼 여유로운 공간이 있다. 만약 차량으로 간다면 주차장은 이촌동한강고수부지 주차장4번 출입구로 진입하여 한강대교를 통해 걸어가면 된다.걸어서 10-15분 정도 소요된다. 겨울에는 추울듯 하다. 다채로운 행사도 만들어질듯 하다.",9달 전,54:39.2,Henry Good,0,0,https://www.google.com/maps/contrib/116377954048386247233/reviews?hl=ko-KR
ChZDSUhNMG9nS0VJQ0FnSURNeF9XM0xnEAE,,9달 전,54:39.2,권영란,0,0,https://www.google.com/maps/contrib/104890949729595370708/reviews?hl=ko-KR
ChZDSUhNMG9nS0VJQ0FnSURNdTdPZUtnEAE,"동작대교에서 한강대교를 지나 노들섬까지 걸어갔다가 아이스링크에서 잠시 머문 뒤 다시 이촌역으로 걸어왔는데 일몰과 더불어 매우 즐거운 산책이었습니다. 넓은 공간이 노들섬 안에 있었는데, 대부분 아직 운영이 제대로 되고 있지 않은 개점휴업상태로 보였는데, 집기와 프로그램 등이 아직 완성된 상태가 아닌 듯 합니다. 아이스링크에서 즐거운 시간을 보낼 수 있어 좋습니다. The ice rink was wonderful with a music DJ. You can watch a beautiful sunset while skating.",9달 전,54:39.2,Joungmin Park,0,0,https://www.google.com/maps/contrib/116675989702012089392/reviews?hl=ko-KR
ChdDSUhNMG9nS0VJQ0FnSURNallXbndRRRAB,"뷰가 상당히 좋음. 야경도 좋고 낮에도 좋음. 토요일 저녁에는 유람선 불꽃놀이 무료관람 가능. Good view, Nice place to walk. There is convenience store, cafe, and some restaurant. Also, Ice skating rink is run on winter. You can see free fireworks at every saturday night.",10달 전,54:39.2,Hyeong yeon Kim,0,0,https://www.google.com/maps/contrib/107153761629592046991/reviews?hl=ko-KR
ChZDSUhNMG9nS0VJQ0FnSURNaGN6cFRnEAE,스케이트장이 한시간에 천원으로 저렴합니다. 종일권은 삼천원 정도로 마찬가지로 저렴합니다. 장갑이 있어야 입장가능하니 챙겨오시고 없으면 표 살때 말하면 천원에 살 수 있습니다. 노들섬 자체에 구경할 것도 좀 있어서 스케이트 타고 둘러보기도 괜찮았습니다.,10달 전,54:39.2,D S,0,0,https://www.google.com/maps/contrib/112259360811215307038/reviews?hl=ko-KR
ChdDSUhNMG9nS0VJQ0FnSURNbWRHb3NnRRAB,"겨울출사지로 노들섬을 찾아왔습니다. 실내에 분위기 있는 스페이스가 즐비하였고, 외부에는 건물을 비롯해 스케이트장(12월말)과 멀리서 보이는 한강철교, 한강대교들, 63빌딩까지 찍을거리가 많았습니다. 조만간 야경출사를 갈예정입니다.",10달 전,54:46.1,taihoong lee,0,0,https://www.google.com/maps/contrib/115863136170302348544/reviews?hl=ko-KR
ChZDSUhNMG9nS0VJQ0FnSURNdXJDRlZBEAE,소비적 공간위주인거 같아 좀 아쉽네요....겨울철에는 스케이트장도 운영하니...가볼만하네요,10달 전,54:46.1,Juhong Song,0,0,https://www.google.com/maps/contrib/110741616979968753504/reviews?hl=ko-KR
ChZDSUhNMG9nS0VJQ0FnSUNNel92QUZREAE,새단장하니 또 이렇게 예쁜곳에 공연장까지 따악~~^^,10달 전,54:46.1,GPDLIVE,0,0,https://www.google.com/maps/contrib/114023118906514785998/reviews?hl=ko-KR
ChdDSUhNMG9nS0VJQ0FnSUQwMWEzbWtnRRAB,,11달 전,54:46.1,진승언,0,0,https://www.google.com/maps/contrib/109696161508459096790/reviews?hl=ko-KR
ChdDSUhNMG9nS0VJQ0FnSUQweFBxNDVRRRAB,경치가 좋아요 시설이 좋아요,1년 전,54:46.1,서서,0,0,https://www.google.com/maps/contrib/115517842519555044652/reviews?hl=ko-KR
ChdDSUhNMG9nS0VJQ0FnSURvMWFTOHFnRRAB,"노들섬... ^^  자전거로 한강대교 건너면서 늘 보는 곳.. ^^ 거러나, 한번도 (들어)가보지 않은 곳~",1년 전,54:46.1,汝昄 조성도,0,0,https://www.google.com/maps/contrib/116180933096994895750/reviews?hl=ko-KR
ChdDSUhNMG9nS0VJQ0FnSUMwcC1tRnJnRRAB,지금도 공사중. 밤에 빛나서 야경 굿. 그러나 나중에 예산 따서 확장 공사하길. 현재로선 랜드마크급 비주얼이 아님.,1년 전,54:46.1,Gerald Hong,0,0,https://www.google.com/maps/contrib/108967392705029804335/reviews?hl=ko-KR
ChdDSUhNMG9nS0VJQ0FnSUMwazZLYW13RRAB,"한강과 다리, 공원 등이 한눈에 들어와서 경치가 좋습니다.",1년 전,54:46.1,jeong min Kho,0,0,https://www.google.com/maps/contrib/105504416423599512094/reviews?hl=ko-KR
ChdDSUhNMG9nS0VJQ0FnSUMwNDZYZmpnRRAB,깨끗하고 좋지만 아직 공사가 끝나지 않아 공사 완료후 가시길추천,1년 전,54:46.1,박만웅,0,0,https://www.google.com/maps/contrib/112774334487810837732/reviews?hl=ko-KR
ChdDSUhNMG9nS0VJQ0FnSUMwNC1LdF93RRAB,,1년 전,54:46.1,Jaywon Lee,0,0,https://www.google.com/maps/contrib/102875876928912553392/reviews?hl=ko-KR
ChZDSUhNMG9nS0VJQ0FnSUMwcmVpSmRBEAE,잘 꾸며졌습니다 점차 더 좋아질것으로 기대됩니다  근데 생각보다 작네요,1년 전,54:53.2,DC O,0,0,https://www.google.com/maps/contrib/102353384017271735849/reviews?hl=ko-KR
ChZDSUhNMG9nS0VJQ0FnSUMwemNyQU1nEAE,한강 가운데에서 강북과 강남을 함께 조망하는 전망이 훌륭합니다.,1년 전,54:53.2,노시경,0,0,https://www.google.com/maps/contrib/109023966069568825508/reviews?hl=ko-KR
ChdDSUhNMG9nS0VJQ0FnSUMwbFlmTnFRRRAB,,1년 전,54:53.2,Bong Keun Kim,0,0,https://www.google.com/maps/contrib/109990267505175235188/reviews?hl=ko-KR
ChdDSUhNMG9nS0VJQ0FnSUMweGQ2V2pBRRAB,"9월말에 새로 오픈했다 그래서 와봤는데 좋네요. 아직 모든 가게가 오픈한건 아니지만 전체적인 분위기는 좋네요. 카페, 문화공간, 책방, 공연장 등 다양한 공간이 있어요. 안정화?되면 다시 와보고 싶네요. 서울에 제대로된 휴식공간이 생겨서 너무 좋네요. 섬이라서 접근성은 조금 떨어지지만 버스타면 나쁘지 않아요",1년 전,54:53.2,Jaeyong Lee,0,0,https://www.google.com/maps/contrib/105592183921051309281/reviews?hl=ko-KR
ChdDSUhNMG9nS0VJQ0FnSUMwdWZIMmlRRRAB,노들섬에 변했다 주차도 가능하다 63빌딩이 잘 보인다 카페와 도서관이 있다 작은 풀밭이 있다 불꽃 명당이 될 듯하다,1년 전,54:53.3,jinchul sin,0,0,https://www.google.com/maps/contrib/113470800212353918070/reviews?hl=ko-KR
ChdDSUhNMG9nS0VJQ0FnSUMwNmZUanZBRRAB,개장 하루전에 갔다왔는데 개선되어야될 사항이 있지만 가볼만한 곳입니다.,1년 전,54:53.3,민혁,0,0,https://www.google.com/maps/contrib/107830459777555237147/reviews?hl=ko-KR
ChdDSUhNMG9nS0VJQ0FnSUMwaWZQZmxnRRAB,여의도 뷰를 못 살려서 아쉽다,1년 전,54:53.3,soongwon Cho,0,0,https://www.google.com/maps/contrib/109326882341353225990/reviews?hl=ko-KR
ChZDSUhNMG9nS0VJQ0FnSUMwd2ZHTlpBEAE,개장해서 퍼음 가봤는데 그냥 공원인 선유도랑 비슷?,1년 전,54:53.3,hoon sik park,0,0,https://www.google.com/maps/contrib/105316360199700763117/reviews?hl=ko-KR
ChZDSUhNMG9nS0VJQ0FnSUMwM3ZIZkpnEAE,여기 컨셉이 애매하기는합니다!...정돈이 안된듯 함..2019.09.28 개장......경치는 좋네요!,1년 전,54:53.3,Taegab Han,0,0,https://www.google.com/maps/contrib/110021893559676149796/reviews?hl=ko-KR
ChdDSUhNMG9nS0VJQ0FnSURVNnR5Zm1BRRAB,(Google 번역 제공) 아름답다  (원문) Beatiful,1년 전,54:53.3,Chloe Lee,0,0,https://www.google.com/maps/contrib/112208607996805524574/reviews?hl=ko-KR
ChdDSUhNMG9nS0VJQ0FnSURvNDZmNjFnRRAB,서울의자랑거리고 서울의 또다른 랜드마크가되기를 기원합니다~,1년 전,55:00.5,박애심,0,0,https://www.google.com/maps/contrib/109645558365219383188/reviews?hl=ko-KR
ChZDSUhNMG9nS0VJQ0FnSUNJbnJfVUV3EAE,,1년 전,55:00.5,godja갓자,0,0,https://www.google.com/maps/contrib/107959548744084114794/reviews?hl=ko-KR
ChdDSUhNMG9nS0VJQ0FnSUN3a2JEQi1BRRAB,(Google 번역 제공) 좋아하지 않았다  (원문) não gostei,2년 전,55:00.6,Danilo Fróes,0,0,https://www.google.com/maps/contrib/109548247339533010973/reviews?hl=ko-KR
ChdDSUhNMG9nS0VJQ0FnSURROHVxMWdBRRAB,딛ㄱㅌㄱㅌㄱㄷㄱ ㄷㄱ,2년 전,55:00.6,이현정,0,0,https://www.google.com/maps/contrib/103915724272632201777/reviews?hl=ko-KR
,"아침 , 저녁 , 또는 새벽에 조깅 하기 좋고 잔디밭에 돗자리 펴놓고 얘기꽃 피우기도 좋고 산책 하기에도 좋고 일몰 및 야경도 보기좋아 출사지로도 좋다 (렌즈는 광각 또는 표준 이 적당할듯..) 한강대교 야경도 가까이서 촬영할수 있는 유일 한 곳 일지도 가끔 야외 공연도 열리기도 하고 실내 공연장이 따로 있어서 가끔 공연도 열리는것 같다 , 다만 화장실이 좀 부족 할수도 있다",,,,,,
,"쾌적하고 관리, 구성이 훌륭함 서울에서 노을을 보기에 가장 아름다운 명소 중 하나라고 생각함 돗자리 필수",,,,,,
,요새같을때 가기 좋아요. 인테리어해서 여러 곳이 생겼어요.,,,,,,
,서울 최고의 조망명소. 주차장이 없는게 취약점이다.,,,,,,
,나의 휴식처,,,,,,
,아주 좋아요,,,,,,
,"도심 한 가운데 이런 장소가 있다는 것은 좋지만, 아직은 조금 더 콘텐츠나 하드웨어의 개발이 필요함이 느껴진다.",,,,,,
,"지난해 라이브 하우스가 오픈했지만, 코로나의 영향으로 지금은 폐쇄. 사람이 적기 때문에 산책하기에 좋은 장소입니다. 200620",,,,,,
,"멋진 숨겨진 장소, 주말을 즐기고 붐비는 도시 밖에서 휴식을 취하기에 가장 좋은 장소. 거기에 갈 지하철은 없지만 자전거로 갈 수 있습니다.",,,,,,
