﻿id_review,caption,relative_date,retrieval_date,username,n_review_user,n_photo_user,url_user
ChZDSUhNMG9nS0VJQ0FnSUNpN3BDUkNREAE,,6일 전,2020-11-10 16:03:48.386417,이귀용,0,0,https://www.google.com/maps/contrib/113514609591504212073/reviews?hl=ko-KR
ChZDSUhNMG9nS0VJQ0FnSUNpdXZtZFVnEAE,작지만 여유가 있는 공간,1주 전,2020-11-10 16:03:48.388931,jungmoon em,0,0,https://www.google.com/maps/contrib/103529441734971256273/reviews?hl=ko-KR
ChZDSUhNMG9nS0VJQ0FnSURVazhXX0hnEAE,"(Google 번역 제공) ""젊은 팬시 towm""중간에 짧은 휴식을 찾을 수 있습니다.  (원문) You might find a short rest in the midst of the ""young fancy towm"".",3주 전,2020-11-10 16:03:48.396717,Seung Hoon Lee,0,0,https://www.google.com/maps/contrib/113449610859952217648/reviews?hl=ko-KR
ChZDSUhNMG9nS0VJQ0FnSURDc2V6Y01REAE,,1달 전,2020-11-10 16:03:48.398552,ᄋᄋ,0,0,https://www.google.com/maps/contrib/107071567995315791710/reviews?hl=ko-KR
ChdDSUhNMG9nS0VJQ0FnSURDbnUzN3hnRRAB,,1달 전,2020-11-10 16:03:48.400537,한종임,0,0,https://www.google.com/maps/contrib/109756084381636669659/reviews?hl=ko-KR
ChdDSUhNMG9nS0VJQ0FnSURDNHFlMV93RRAB,,1달 전,2020-11-10 16:03:48.402543,박정신,0,0,https://www.google.com/maps/contrib/103432989205174244680/reviews?hl=ko-KR
ChdDSUhNMG9nS0VJQ0FnSURDcE5yWDBBRRAB,,1달 전,2020-11-10 16:03:48.406100,고홍석 요미양.화이팅하세요,0,0,https://www.google.com/maps/contrib/111502079246413454134/reviews?hl=ko-KR
ChdDSUhNMG9nS0VJQ0FnSUNDejVhSDhnRRAB,아주 크진 않지만 약간의 운동기구가 있고 농구대 그리고 쉴수있는 그늘이 많이 있어서 좋아요~,2달 전,2020-11-10 16:03:48.408234,주미영,0,0,https://www.google.com/maps/contrib/113692730113756532634/reviews?hl=ko-KR
ChdDSUhNMG9nS0VJQ0FnSUNDMDhqeTVnRRAB,,2달 전,2020-11-10 16:03:48.409285,윤대표,0,0,https://www.google.com/maps/contrib/116898839301624152185/reviews?hl=ko-KR
ChZDSUhNMG9nS0VJQ0FnSUQ4clpqRlpnEAE,성수 제화 장인들이 만든 거리,3달 전,2020-11-10 16:03:48.411819,이은주,0,0,https://www.google.com/maps/contrib/106198159071689575892/reviews?hl=ko-KR
ChZDSUhNMG9nS0VJQ0FnSUQ4aVpIdkVnEAE,그냥 잠시 벤치에서 쉬는곳,3달 전,2020-11-10 16:03:48.412820,시크한그녀.,0,0,https://www.google.com/maps/contrib/112879509949903578259/reviews?hl=ko-KR
ChZDSUhNMG9nS0VJQ0FnSUQ4aWRyR1FnEAE,,3달 전,2020-11-10 16:03:48.414809,날래날루,0,0,https://www.google.com/maps/contrib/115523871180445303277/reviews?hl=ko-KR
ChZDSUhNMG9nS0VJQ0FnSURjblBtN0V3EAE,흔한 작은 공원,5달 전,2020-11-10 16:03:48.416815,아이셔,0,0,https://www.google.com/maps/contrib/101822764427270351179/reviews?hl=ko-KR
ChZDSUhNMG9nS0VJQ0FnSURjdU0zUVl3EAE,,5달 전,2020-11-10 16:03:48.418809,이승준,0,0,https://www.google.com/maps/contrib/100590809147690789709/reviews?hl=ko-KR
ChZDSUhNMG9nS0VJQ0FnSUNjbjhySGVnEAE,,6달 전,2020-11-10 16:03:48.420801,워니,0,0,https://www.google.com/maps/contrib/110983643658496370404/reviews?hl=ko-KR
ChdDSUhNMG9nS0VJQ0FnSUNjeGYyVDhRRRAB,,7달 전,2020-11-10 16:03:48.421797,정만석,0,0,https://www.google.com/maps/contrib/103933556554305443483/reviews?hl=ko-KR
ChZDSUhNMG9nS0VJQ0FnSURzaTVIZEpBEAE,,8달 전,2020-11-10 16:03:48.423791,주영재,0,0,https://www.google.com/maps/contrib/113024065871961715853/reviews?hl=ko-KR
ChZDSUhNMG9nS0VJQ0FnSURzb1lMU0hREAE,,8달 전,2020-11-10 16:03:48.425785,Shiba Sen,0,0,https://www.google.com/maps/contrib/106268268136895842002/reviews?hl=ko-KR
ChdDSUhNMG9nS0VJQ0FnSURzbXVPOTBnRRAB,,8달 전,2020-11-10 16:03:48.427780,sunhwa han,0,0,https://www.google.com/maps/contrib/105638506031233463224/reviews?hl=ko-KR
ChdDSUhNMG9nS0VJQ0FnSUNzdDVIVHFBRRAB,,8달 전,2020-11-10 16:03:48.429839,soobum park,0,0,https://www.google.com/maps/contrib/101882928853407371185/reviews?hl=ko-KR
ChdDSUhNMG9nS0VJQ0FnSURNLWRTR2xRRRAB,,10달 전,2020-11-10 16:03:55.156100,거주자,0,0,https://www.google.com/maps/contrib/117092961079394643420/reviews?hl=ko-KR
ChdDSUhNMG9nS0VJQ0FnSURNa3ItYzBBRRAB,,10달 전,2020-11-10 16:03:55.157463,haksoo kim,0,0,https://www.google.com/maps/contrib/103539463411587015908/reviews?hl=ko-KR
ChZDSUhNMG9nS0VJQ0FnSURNckotdlJnEAE,,10달 전,2020-11-10 16:03:55.159603,Heidi Kim,0,0,https://www.google.com/maps/contrib/113652264705475397854/reviews?hl=ko-KR
ChdDSUhNMG9nS0VJQ0FnSURNcU1mUTBRRRAB,,10달 전,2020-11-10 16:03:55.161691,박귀찮,0,0,https://www.google.com/maps/contrib/110196322752160422862/reviews?hl=ko-KR
ChZDSUhNMG9nS0VJQ0FnSUNNMjQ2SEN3EAE,,11달 전,2020-11-10 16:03:55.163722,양명진,0,0,https://www.google.com/maps/contrib/102756278103243612048/reviews?hl=ko-KR
ChdDSUhNMG9nS0VJQ0FnSUNNcS1DQTN3RRAB,최고야,11달 전,2020-11-10 16:03:55.164719,코끼리맘,0,0,https://www.google.com/maps/contrib/105293509891590712812/reviews?hl=ko-KR
ChZDSUhNMG9nS0VJQ0FnSUNNdGFTSUFnEAE,,11달 전,2020-11-10 16:03:55.166712,김대현,0,0,https://www.google.com/maps/contrib/107347874023716951668/reviews?hl=ko-KR
ChZDSUhNMG9nS0VJQ0FnSUQwdmNTNUpnEAE,,11달 전,2020-11-10 16:03:55.168620,윤여름SUMMER TV,0,0,https://www.google.com/maps/contrib/115746811266038117312/reviews?hl=ko-KR
ChZDSUhNMG9nS0VJQ0FnSUQwd1pld1JREAE,스비쓰계선필요,1년 전,2020-11-10 16:03:55.170558,이영식,0,0,https://www.google.com/maps/contrib/103363069621167258775/reviews?hl=ko-KR
ChZDSUhNMG9nS0VJQ0FnSUQwLXViQkNnEAE,,1년 전,2020-11-10 16:03:55.171591,강창대,0,0,https://www.google.com/maps/contrib/112186375363854122421/reviews?hl=ko-KR
ChZDSUhNMG9nS0VJQ0FnSUQweXU3b1JBEAE,,1년 전,2020-11-10 16:04:02.069116,Se-hoon Oh,0,0,https://www.google.com/maps/contrib/106833160480933544701/reviews?hl=ko-KR
ChZDSUhNMG9nS0VJQ0FnSUQwOVBqY0lBEAE,일부러 찾아갈 곳은 아니지만 가볍게 산책하고 휴식을 취하기 젛은 곳. 공원은 작습니다,1년 전,2020-11-10 16:04:02.071116,junghwan hyun,0,0,https://www.google.com/maps/contrib/107933580579398476554/reviews?hl=ko-KR
ChdDSUhNMG9nS0VJQ0FnSUQwbElxSDRnRRAB,조용하고 사무실 주변으로 가끔 방문,1년 전,2020-11-10 16:04:02.073157,"Km 46,286",0,0,https://www.google.com/maps/contrib/103531264725148284512/reviews?hl=ko-KR
ChZDSUhNMG9nS0VJQ0FnSUQwbUlYOFR3EAE,,1년 전,2020-11-10 16:04:02.075160,Conan kim,0,0,https://www.google.com/maps/contrib/111460782703591260716/reviews?hl=ko-KR
ChdDSUhNMG9nS0VJQ0FnSUQwb1AzRGpRRRAB,,1년 전,2020-11-10 16:04:02.076432,데크레센도,0,0,https://www.google.com/maps/contrib/100661203192028699226/reviews?hl=ko-KR
ChZDSUhNMG9nS0VJQ0FnSUMwejR2bkpBEAE,공원,1년 전,2020-11-10 16:04:02.080236,오세영,0,0,https://www.google.com/maps/contrib/115463614551178930148/reviews?hl=ko-KR
ChdDSUhNMG9nS0VJQ0FnSUMwLTQ3dHRBRRAB,,1년 전,2020-11-10 16:04:02.083481,정석해,0,0,https://www.google.com/maps/contrib/109123858556276080795/reviews?hl=ko-KR
ChdDSUhNMG9nS0VJQ0FnSUMwdmFIVHNnRRAB,,1년 전,2020-11-10 16:04:02.086244,Echo,0,0,https://www.google.com/maps/contrib/104198305476103922641/reviews?hl=ko-KR
ChZDSUhNMG9nS0VJQ0FnSUMwemNmMEVREAE,,1년 전,2020-11-10 16:04:02.087834,박삼근,0,0,https://www.google.com/maps/contrib/113359397431955959331/reviews?hl=ko-KR
ChZDSUhNMG9nS0VJQ0FnSUMwellPd0RREAE,,1년 전,2020-11-10 16:04:02.091390,안성진,0,0,https://www.google.com/maps/contrib/100079300621785479224/reviews?hl=ko-KR
ChZDSUhNMG9nS0VJQ0FnSUMwMGF6NVl3EAE,,1년 전,2020-11-10 16:04:09.022868,박용래,0,0,https://www.google.com/maps/contrib/103772111032634663120/reviews?hl=ko-KR
ChZDSUhNMG9nS0VJQ0FnSUMwd2FXaWZBEAE,,1년 전,2020-11-10 16:04:09.025007,Hoguen Kwon,0,0,https://www.google.com/maps/contrib/100340385555496384259/reviews?hl=ko-KR
ChdDSUhNMG9nS0VJQ0FnSUMwdnI3dDZRRRAB,,1년 전,2020-11-10 16:04:09.026062,이상범,0,0,https://www.google.com/maps/contrib/100703668143381456262/reviews?hl=ko-KR
ChZDSUhNMG9nS0VJQ0FnSUMwcnN2MUZnEAE,,1년 전,2020-11-10 16:04:09.028637,신익중,0,0,https://www.google.com/maps/contrib/102359113504248748015/reviews?hl=ko-KR
ChdDSUhNMG9nS0VJQ0FnSUMwOXZpOW9BRRAB,,1년 전,2020-11-10 16:04:09.030626,moon su yoong,0,0,https://www.google.com/maps/contrib/101902620745416537863/reviews?hl=ko-KR
ChZDSUhNMG9nS0VJQ0FnSUMweHJUd1JnEAE,,1년 전,2020-11-10 16:04:09.032666,신기성,0,0,https://www.google.com/maps/contrib/100639357899068832646/reviews?hl=ko-KR
ChdDSUhNMG9nS0VJQ0FnSUMwaHVlbnBRRRAB,풀냄새나고 좋은데 점심때 그늘져서 춥네요,1년 전,2020-11-10 16:04:09.034651,김성복,0,0,https://www.google.com/maps/contrib/112956320871356150781/reviews?hl=ko-KR
ChZDSUhNMG9nS0VJQ0FnSUMwdXJfQkJBEAE,,1년 전,2020-11-10 16:04:09.036365,씸쓰,0,0,https://www.google.com/maps/contrib/118202850810219029039/reviews?hl=ko-KR
ChdDSUhNMG9nS0VJQ0FnSUMwcXZHSzh3RRAB,,1년 전,2020-11-10 16:04:09.038476,안용남,0,0,https://www.google.com/maps/contrib/112685400385272940856/reviews?hl=ko-KR
ChZDSUhNMG9nS0VJQ0FnSUMwektlM0RBEAE,,1년 전,2020-11-10 16:04:09.040960,Chang-kyum Kim,0,0,https://www.google.com/maps/contrib/108361596762153190603/reviews?hl=ko-KR
ChdDSUhNMG9nS0VJQ0FnSUMwdU1XMHpRRRAB,,1년 전,2020-11-10 16:04:16.071228,JONG HOON PARK,0,0,https://www.google.com/maps/contrib/103089637464395100558/reviews?hl=ko-KR
ChdDSUhNMG9nS0VJQ0FnSURVXzZmN3ZnRRAB,주변에 담배를 피우시는 분들이 많음,1년 전,2020-11-10 16:04:16.073309,라천호,0,0,https://www.google.com/maps/contrib/104101775534296068772/reviews?hl=ko-KR
ChdDSUhNMG9nS0VJQ0FnSURVXzZuVjR3RRAB,,1년 전,2020-11-10 16:04:16.074304,PYH BEJ,0,0,https://www.google.com/maps/contrib/116442315889739989099/reviews?hl=ko-KR
ChZDSUhNMG9nS0VJQ0FnSURVMjhUekdBEAE,,1년 전,2020-11-10 16:04:16.076928,SJ S,0,0,https://www.google.com/maps/contrib/113179322959092861374/reviews?hl=ko-KR
ChdDSUhNMG9nS0VJQ0FnSURVazZhOTZBRRAB,,1년 전,2020-11-10 16:04:16.078176,정하늘,0,0,https://www.google.com/maps/contrib/105222089921589031609/reviews?hl=ko-KR
ChdDSUhNMG9nS0VJQ0FnSURVa2JHNTBBRRAB,공원 화장실이 정말 깔끔합니다. 관리가 잘 되어 있습니다 공원은 작습니다..,1년 전,2020-11-10 16:04:16.080140,ON MO,0,0,https://www.google.com/maps/contrib/104877081640407541009/reviews?hl=ko-KR
ChdDSUhNMG9nS0VJQ0FnSURVOXRHVzhRRRAB,그냥머ㅋ,1년 전,2020-11-10 16:04:16.081117,ms TOP,0,0,https://www.google.com/maps/contrib/114184506775285765828/reviews?hl=ko-KR
ChdDSUhNMG9nS0VJQ0FnSURVM0lMUDVBRRAB,굿~~~~~~,1년 전,2020-11-10 16:04:16.083113,영혼불멸,0,0,https://www.google.com/maps/contrib/103308645825470764039/reviews?hl=ko-KR
ChZDSUhNMG9nS0VJQ0FnSURVX0xqRkFREAE,,1년 전,2020-11-10 16:04:16.085102,chaeyoung lim,0,0,https://www.google.com/maps/contrib/102180515248216389142/reviews?hl=ko-KR
ChdDSUhNMG9nS0VJQ0FnSURVckpMUzh3RRAB,,1년 전,2020-11-10 16:04:16.086128,이진석,0,0,https://www.google.com/maps/contrib/107920354120447441134/reviews?hl=ko-KR
ChZDSUhNMG9nS0VJQ0FnSURVbEtYWkFnEAE,봄봄 앞에 있고 어반소스 근처에 있는 자그마한 공원입니다. 구두상도 있고 벤치에 앉아있는 좌상도 있는디 벤치가 있어서 쉬어가기 좋습니다. 야간 조명이 아주 밝지는 않아서 벤치 좌상이 사람인줄 알고 놀랄 수 있습니다. 여기도 근처 업무용 빌딩 공사가 끝나서 차분해 졌네요,1년 전,2020-11-10 16:04:23.473633,이정호,0,0,https://www.google.com/maps/contrib/107241213317890179796/reviews?hl=ko-KR
ChZDSUhNMG9nS0VJQ0FnSURVaExpb1VBEAE,,1년 전,2020-11-10 16:04:23.475579,조병혁,0,0,https://www.google.com/maps/contrib/113623675190948030330/reviews?hl=ko-KR
ChdDSUhNMG9nS0VJQ0FnSURVOE5fTDBRRRAB,,1년 전,2020-11-10 16:04:23.477570,김호성,0,0,https://www.google.com/maps/contrib/110419804604858252036/reviews?hl=ko-KR
ChZDSUhNMG9nS0VJQ0FnSUNVdDhucUdREAE,,1년 전,2020-11-10 16:04:23.479563,구자성,0,0,https://www.google.com/maps/contrib/102541847643117612811/reviews?hl=ko-KR
ChZDSUhNMG9nS0VJQ0FnSUNVdTlPOVV3EAE,,1년 전,2020-11-10 16:04:23.481287,이시우,0,0,https://www.google.com/maps/contrib/116562995170092750430/reviews?hl=ko-KR
ChZDSUhNMG9nS0VJQ0FnSUNVczdMTEhBEAE,봄가을에는 블루보틀에서 커피 한잔 사서 공원에서 커피 마시기 딱 좋죠.,1년 전,2020-11-10 16:04:23.482962,친절한배과장,0,0,https://www.google.com/maps/contrib/113482724046981094401/reviews?hl=ko-KR
ChZDSUhNMG9nS0VJQ0FnSUNVbzVMTE9REAE,,1년 전,2020-11-10 16:04:23.484910,임민서,0,0,https://www.google.com/maps/contrib/101178854712214010461/reviews?hl=ko-KR
ChdDSUhNMG9nS0VJQ0FnSUNVLWM3UGdRRRAB,,1년 전,2020-11-10 16:04:23.486589,이병희,0,0,https://www.google.com/maps/contrib/113152893685851412068/reviews?hl=ko-KR
ChZDSUhNMG9nS0VJQ0FnSUNVcWJIaUFREAE,성수동 장기고수들 놀이터,1년 전,2020-11-10 16:04:23.488675,JIHOON WI,0,0,https://www.google.com/maps/contrib/101991025060860909842/reviews?hl=ko-KR
ChdDSUhNMG9nS0VJQ0FnSUNVN3E2TXlnRRAB,나쁜것 없음 좋와요,1년 전,2020-11-10 16:04:23.491076,신나라,0,0,https://www.google.com/maps/contrib/103921991312055752635/reviews?hl=ko-KR
ChZDSUhNMG9nS0VJQ0FnSURrczZPMVNnEAE,누구나. 쉽게접근.조용.편안한. 쉼터.,1년 전,2020-11-10 16:04:30.818628,남고홍석,0,0,https://www.google.com/maps/contrib/112044764793612158873/reviews?hl=ko-KR
ChZDSUhNMG9nS0VJQ0FnSURrXzZ2aUdBEAE,,1년 전,2020-11-10 16:04:30.821614,황미호,0,0,https://www.google.com/maps/contrib/115698599569401970642/reviews?hl=ko-KR
ChdDSUhNMG9nS0VJQ0FnSURrdi1USGhBRRAB,옆에서 공사중이라 먼지가 넘  많아요,1년 전,2020-11-10 16:04:30.823607,배정희,0,0,https://www.google.com/maps/contrib/105257534223975128181/reviews?hl=ko-KR
ChdDSUhNMG9nS0VJQ0FnSURrMjc3WnJ3RRAB,,1년 전,2020-11-10 16:04:30.824795,K지티앙,0,0,https://www.google.com/maps/contrib/109295578842570044264/reviews?hl=ko-KR
ChdDSUhNMG9nS0VJQ0FnSURrNWFhNnB3RRAB,,1년 전,2020-11-10 16:04:30.826899,신7ᄑ키기ᅵ영란,0,0,https://www.google.com/maps/contrib/115640023209238742442/reviews?hl=ko-KR
ChZDSUhNMG9nS0VJQ0FnSUNrOGRDbGNnEAE,,1년 전,2020-11-10 16:04:30.828214,고홍석,0,0,https://www.google.com/maps/contrib/107485620637576620389/reviews?hl=ko-KR
ChZDSUhNMG9nS0VJQ0FnSUNrN3BtUlJREAE,,1년 전,2020-11-10 16:04:30.830459,Taehyun nam,0,0,https://www.google.com/maps/contrib/113931653666349407115/reviews?hl=ko-KR
ChdDSUhNMG9nS0VJQ0FnSURFbEtlLXhBRRAB,보통. 청결상태도 보통 시설도 보통 시끄러운 정도도 보통입니다. 굳이 가보실 필요는 없어요.,1년 전,2020-11-10 16:04:30.831456,Dong hyouk Shin,0,0,https://www.google.com/maps/contrib/110599612048893382784/reviews?hl=ko-KR
ChZDSUhNMG9nS0VJQ0FnSUQ0eTlLaUJ3EAE,깔끔 하고  친구와 음료 한잔 마시면 좋은곳  공원내 깔끔한 화장실 있어요,1년 전,2020-11-10 16:04:30.833451,변준식,0,0,https://www.google.com/maps/contrib/102288815703540300181/reviews?hl=ko-KR
ChZDSUhNMG9nS0VJQ0FnSUQ0cXVpWmRREAE,규모가 크진 않지만 한적하고 조용한 공원,1년 전,2020-11-10 16:04:30.835443,Lichten Park,0,0,https://www.google.com/maps/contrib/106319252178006067645/reviews?hl=ko-KR
ChZDSUhNMG9nS0VJQ0FnSUM0dS11UlFREAE,미술관 간 김에 들렸는데 볼것도 없네요 근처에 공사판이 잔뜩 있는지 공기 엄청 안좋아서 기침만 계속했어요,1년 전,2020-11-10 16:04:38.341828,Jeeye Jeon,0,0,https://www.google.com/maps/contrib/108603424461198947680/reviews?hl=ko-KR
ChdDSUhNMG9nS0VJQ0FnSUM0eGZDUW5BRRAB,"(Google 번역 제공) 좋은 장소. 모든 종류의 동물을보고 싶다면, 이것이 당신을위한 곳입니다.  (원문) Nice place. If you want to see all sorts of animals, this is the place for you.",1년 전,2020-11-10 16:04:38.343630,rocky rocky,0,0,https://www.google.com/maps/contrib/115029360728887839792/reviews?hl=ko-KR
ChZDSUhNMG9nS0VJQ0FnSUM0eWJmV1RBEAE,,1년 전,2020-11-10 16:04:38.345430,김상훈,0,0,https://www.google.com/maps/contrib/106895286472660680504/reviews?hl=ko-KR
ChZDSUhNMG9nS0VJQ0FnSUM0OFktdVRREAE,,1년 전,2020-11-10 16:04:38.346999,김명수,0,0,https://www.google.com/maps/contrib/109612914604602281603/reviews?hl=ko-KR
ChZDSUhNMG9nS0VJQ0FnSUM0NU56VExBEAE,,1년 전,2020-11-10 16:04:38.348106,Saewon Kong,0,0,https://www.google.com/maps/contrib/113832238420488462166/reviews?hl=ko-KR
ChdDSUhNMG9nS0VJQ0FnSUM0OEwyM2lnRRAB,,1년 전,2020-11-10 16:04:38.351176,김현숙,0,0,https://www.google.com/maps/contrib/116837673360688790008/reviews?hl=ko-KR
ChdDSUhNMG9nS0VJQ0FnSURZbDRQODlBRRAB,고즈넉해요 모기많아요,1년 전,2020-11-10 16:04:38.352263,Julian Kim,0,0,https://www.google.com/maps/contrib/110724940946598065006/reviews?hl=ko-KR
ChdDSUhNMG9nS0VJQ0FnSURZMjdxaTRRRRAB,,1년 전,2020-11-10 16:04:38.353673,Hongsuk Kye,0,0,https://www.google.com/maps/contrib/101438160319544821915/reviews?hl=ko-KR
ChZDSUhNMG9nS0VJQ0FnSURZeThtYUJnEAE,,1년 전,2020-11-10 16:04:38.355885,artso79,0,0,https://www.google.com/maps/contrib/107461024870147782168/reviews?hl=ko-KR
ChZDSUhNMG9nS0VJQ0FnSURZMC1Xb1BREAE,,1년 전,2020-11-10 16:04:38.357785,우성덕,0,0,https://www.google.com/maps/contrib/107652684517520383956/reviews?hl=ko-KR
ChdDSUhNMG9nS0VJQ0FnSURZdzdUOTZBRRAB,,1년 전,2020-11-10 16:04:46.015892,상큼잼TV,0,0,https://www.google.com/maps/contrib/110316230691439759488/reviews?hl=ko-KR
ChZDSUhNMG9nS0VJQ0FnSURZenVIa1lREAE,미세먼지 없는날 그냥 앉아있으면 좋아요,1년 전,2020-11-10 16:04:46.017885,이효택,0,0,https://www.google.com/maps/contrib/101794390399639991521/reviews?hl=ko-KR
ChZDSUhNMG9nS0VJQ0FnSURZdkl1QUlnEAE,,1년 전,2020-11-10 16:04:46.018947,eunsung Lee,0,0,https://www.google.com/maps/contrib/113634066866490775847/reviews?hl=ko-KR
ChdDSUhNMG9nS0VJQ0FnSURZNk55Ym5RRRAB,,1년 전,2020-11-10 16:04:46.021475,unter kim,0,0,https://www.google.com/maps/contrib/102075423859798883224/reviews?hl=ko-KR
ChZDSUhNMG9nS0VJQ0FnSURZOExpQWVBEAE,,1년 전,2020-11-10 16:04:46.023529,최병률,0,0,https://www.google.com/maps/contrib/116687994932517456787/reviews?hl=ko-KR
ChZDSUhNMG9nS0VJQ0FnSUNZcTRPMWRnEAE,볼거없음,1년 전,2020-11-10 16:04:46.024507,폴다노,0,0,https://www.google.com/maps/contrib/106275973740680105287/reviews?hl=ko-KR
ChZDSUhNMG9nS0VJQ0FnSUNZNGV2RU1nEAE,농구장에 있어서 좋습니다 농구하시는분은 꼭한번와서 운동해보세요,1년 전,2020-11-10 16:04:46.026455,최석하,0,0,https://www.google.com/maps/contrib/111922609686596304476/reviews?hl=ko-KR
ChZDSUhNMG9nS0VJQ0FnSUNZNnJXSkdREAE,햇빛적립하기 좋은 공원입니다,1년 전,2020-11-10 16:04:46.027455,조범진,0,0,https://www.google.com/maps/contrib/103250769909127340710/reviews?hl=ko-KR
ChZDSUhNMG9nS0VJQ0FnSUNZNU5EVGRREAE,,1년 전,2020-11-10 16:04:46.029499,park chisu,0,0,https://www.google.com/maps/contrib/102891132250593621297/reviews?hl=ko-KR
ChdDSUhNMG9nS0VJQ0FnSUNZNElUMXFRRRAB,,1년 전,2020-11-10 16:04:46.031438,lucia J,0,0,https://www.google.com/maps/contrib/102698037217831058466/reviews?hl=ko-KR
ChdDSUhNMG9nS0VJQ0FnSURvZ2NHV3p3RRAB,숲밀도가 좀더 높았으면한다. 여느공원과 똑같다.,1년 전,2020-11-10 16:04:53.638607,안드로구글러,0,0,https://www.google.com/maps/contrib/115378185768127160313/reviews?hl=ko-KR
ChZDSUhNMG9nS0VJQ0FnSURvbU4tM2Z3EAE,도심속 작은공원,1년 전,2020-11-10 16:04:53.640096,김경호,0,0,https://www.google.com/maps/contrib/112218855249632858111/reviews?hl=ko-KR
ChdDSUhNMG9nS0VJQ0FnSUNvZ2NteG1RRRAB,,1년 전,2020-11-10 16:04:53.642095,전운제,0,0,https://www.google.com/maps/contrib/115116304332066755794/reviews?hl=ko-KR
ChZDSUhNMG9nS0VJQ0FnSURJNzRTQmFREAE,,1년 전,2020-11-10 16:04:53.644345,이순정,0,0,https://www.google.com/maps/contrib/106047059230970120861/reviews?hl=ko-KR
ChdDSUhNMG9nS0VJQ0FnSURJLWFlaXh3RRAB,,1년 전,2020-11-10 16:04:53.646168,민장홍,0,0,https://www.google.com/maps/contrib/116415637968578763731/reviews?hl=ko-KR
ChdDSUhNMG9nS0VJQ0FnSUNJZzhXMTVRRRAB,걷기  운동 하기 좋아요 운동 기구도 있어요 구두 테마공원 입니다 간이 공연장도 있어요,1년 전,2020-11-10 16:04:53.648039,dae cheol kang,0,0,https://www.google.com/maps/contrib/107013316050032080452/reviews?hl=ko-KR
ChZDSUhNMG9nS0VJQ0FnSUNJb3NXWmVBEAE,평화롭고 나무도 많고 상쾌한 곳입니다.조금 작은 것이 흠.,2년 전,2020-11-10 16:04:53.649639,전선영,0,0,https://www.google.com/maps/contrib/107886509497302876039/reviews?hl=ko-KR
ChZDSUhNMG9nS0VJQ0FnSURBOWNHUFhREAE,구두테마공원,2년 전,2020-11-10 16:04:53.651493,고홍석,0,0,https://www.google.com/maps/contrib/112425140992707584685/reviews?hl=ko-KR
ChdDSUhNMG9nS0VJQ0FnSURndl9XcTZRRRAB,도심에 위치한 공원이라 소중하고 화장실이 깨끗해서 좋아요.,2년 전,2020-11-10 16:04:53.652999,진용구,0,0,https://www.google.com/maps/contrib/106664447294303387641/reviews?hl=ko-KR
ChZDSUhNMG9nS0VJQ0FnSUNndU5MWFhREAE,나쁘지 않아요,2년 전,2020-11-10 16:04:53.654987,윤충현,0,0,https://www.google.com/maps/contrib/116912640732093877761/reviews?hl=ko-KR
ChZDSUhNMG9nS0VJQ0FnSUNBejZlc1d3EAE,,2년 전,2020-11-10 16:05:01.543433,Young Han Pae,0,0,https://www.google.com/maps/contrib/104196584623648174720/reviews?hl=ko-KR
ChdDSUhNMG9nS0VJQ0FnSUNReHUtOC13RRAB,,2년 전,2020-11-10 16:05:01.545428,오정석,0,0,https://www.google.com/maps/contrib/115649957809065995909/reviews?hl=ko-KR
ChdDSUhNMG9nS0VJQ0FnSUN3eTVId3d3RRAB,,2년 전,2020-11-10 16:05:01.547417,정정대진,0,0,https://www.google.com/maps/contrib/106017377919524825441/reviews?hl=ko-KR
ChZDSUhNMG9nS0VJQ0FnSUN3ak11R05nEAE,,2년 전,2020-11-10 16:05:01.548417,이건수,0,0,https://www.google.com/maps/contrib/102614275817403861630/reviews?hl=ko-KR
ChZDSUhNMG9nS0VJQ0FnSURneE1qRldREAE,점심시간 가볍게 휴식하고 산책하기 좋음. 넓진않다.,3년 전,2020-11-10 16:05:01.550220,Kyuhyun Park,0,0,https://www.google.com/maps/contrib/110215499090986095187/reviews?hl=ko-KR
ChdDSUhNMG9nS0VJQ0FnSURRdk9UdmxBRRAB,,3년 전,2020-11-10 16:05:01.552457,박용민,0,0,https://www.google.com/maps/contrib/112386142661297389478/reviews?hl=ko-KR
ChdDSUhNMG9nS0VJQ0FnSUNnalB2MHVRRRAB,(Google 번역 제공) 멋진 카페가있는 낭만적 인 공원 :)  (원문) Romantic park with great cafes :),3년 전,2020-11-10 16:05:01.555465,_AleX_용세 LEE,0,0,https://www.google.com/maps/contrib/107967698128233955640/reviews?hl=ko-KR
ChZDSUhNMG9nS0VJQ0FnSUNneElySFR3EAE,예전에는 음침한 공원에서 개방적이고 환하게 분위기를 바꿈. 규모는 작은 편. 잠깐 쉬어갈 정도.,3년 전,2020-11-10 16:05:01.557941,Soohan Park,0,0,https://www.google.com/maps/contrib/117878831077499011162/reviews?hl=ko-KR
ChdDSUhNMG9nS0VJQ0FnSUN3d19HeTVRRRAB,,3년 전,2020-11-10 16:05:01.560059,김선욱,0,0,https://www.google.com/maps/contrib/117051931378350052487/reviews?hl=ko-KR
ChZDSUhNMG9nS0VJQ0FnSURRdnV5ak9nEAE,한적하니 좋네요,3년 전,2020-11-10 16:05:01.562055,시용Siyoung,0,0,https://www.google.com/maps/contrib/115923803785290290959/reviews?hl=ko-KR
ChZDSUhNMG9nS0VJQ0FnSUNnOU42cEF3EAE,평범한공원,3년 전,2020-11-10 16:05:09.532171,Super Sung,0,0,https://www.google.com/maps/contrib/108790407292797682293/reviews?hl=ko-KR
ChdDSUhNMG9nS0VJQ0FnSURRb2Rlcy1nRRAB,,3년 전,2020-11-10 16:05:09.533193,정진환,0,0,https://www.google.com/maps/contrib/117637504760107065591/reviews?hl=ko-KR
ChZDSUhNMG9nS0VJQ0FnSURBdnRhcVNBEAE,,3년 전,2020-11-10 16:05:09.535180,yuu Hi,0,0,https://www.google.com/maps/contrib/105958214059813498943/reviews?hl=ko-KR
ChZDSUhNMG9nS0VJQ0FnSUN3LWItY0Z3EAE,농구골대랑 테니스망이 있습니다.,3년 전,2020-11-10 16:05:09.536826,Sang Doo Kim,0,0,https://www.google.com/maps/contrib/113215176072962895386/reviews?hl=ko-KR
ChdDSUhNMG9nS0VJQ0FnSUNRZ2Z5b293RRAB,,3년 전,2020-11-10 16:05:09.539048,the great현님,0,0,https://www.google.com/maps/contrib/107186276951061911067/reviews?hl=ko-KR
ChdDSUhNMG9nS0VJQ0FnSUN3eE1fVnd3RRAB,좀 좁아요,3년 전,2020-11-10 16:05:09.540045,Anthony MIN,0,0,https://www.google.com/maps/contrib/107988386205414949634/reviews?hl=ko-KR
ChdDSUhNMG9nS0VJQ0FnSUNnaF9HR2h3RRAB,조용하고 산책하기 좋아요,3년 전,2020-11-10 16:05:09.541509,Kyoungho Choi,0,0,https://www.google.com/maps/contrib/109685251014751567961/reviews?hl=ko-KR
ChdDSUhNMG9nS0VJQ0FnSUNBME1ITnBRRRAB,산책하기좋아요,3년 전,2020-11-10 16:05:09.543958,Y yuni,0,0,https://www.google.com/maps/contrib/103494592729810756109/reviews?hl=ko-KR
ChZDSUhNMG9nS0VJQ0FnSUN3ME9HekpBEAE,,3년 전,2020-11-10 16:05:09.545946,함융기,0,0,https://www.google.com/maps/contrib/109186530460781503273/reviews?hl=ko-KR
ChdDSUhNMG9nS0VJQ0FnSURRNUlUWTVRRRAB,,4년 전,2020-11-10 16:05:09.547200,Dean James,0,0,https://www.google.com/maps/contrib/112535793634679353057/reviews?hl=ko-KR
ChdDSUhNMG9nS0VJQ0FnSURBaWYzXzhnRRAB,,4년 전,2020-11-10 16:05:17.605710,SungOk Son,0,0,https://www.google.com/maps/contrib/113761470881325924217/reviews?hl=ko-KR
