﻿id_review,caption,relative_date,retrieval_date,username,n_review_user,n_photo_user,url_user
ChZDSUhNMG9nS0VJQ0FnSURDbGMtSEJREAE,중국 느낌 많이 나요! 재밌음.,1달 전,03:26.5,Chris Silhwan Jin,0,0,https://www.google.com/maps/contrib/116605032858817478541/reviews?hl=ko-KR
ChZDSUhNMG9nS0VJQ0FnSURJNy1XaVFnEAE,(Google 번역 제공) 아주 좋아! 다섯 별  (원문) 很好呀！五星级,1년 전,03:26.5,박옥순,0,0,https://www.google.com/maps/contrib/100298501711455794443/reviews?hl=ko-KR
ChdDSUhNMG9nS0VJQ0FnSURJai1YX3RBRRAB,,1년 전,03:26.5,안춘화,0,0,https://www.google.com/maps/contrib/110372563523198805811/reviews?hl=ko-KR
ChZDSUhNMG9nS0VJQ0FnSURJajdyNFNREAE,,1년 전,03:26.5,Namjin Oh,0,0,https://www.google.com/maps/contrib/110599185364960470374/reviews?hl=ko-KR
ChZDSUhNMG9nS0VJQ0FnSURJcF9uZ2ZBEAE,,1년 전,03:26.5,seung soon park,0,0,https://www.google.com/maps/contrib/113021891022926624233/reviews?hl=ko-KR
ChdDSUhNMG9nS0VJQ0FnSURJX2VIaWd3RRAB,,1년 전,03:26.5,김한결,0,0,https://www.google.com/maps/contrib/106326384486053498938/reviews?hl=ko-KR
ChdDSUhNMG9nS0VJQ0FnSURJcmZMd3pBRRAB,,1년 전,03:26.5,zhengzhe quan,0,0,https://www.google.com/maps/contrib/105235127047471232286/reviews?hl=ko-KR
ChdDSUhNMG9nS0VJQ0FnSURJemFlSWxBRRAB,,1년 전,03:26.5,박홍일,0,0,https://www.google.com/maps/contrib/107223031705227025913/reviews?hl=ko-KR
ChZDSUhNMG9nS0VJQ0FnSURJMWRIeEpnEAE,,1년 전,03:26.5,최재호,0,0,https://www.google.com/maps/contrib/111599453325004441949/reviews?hl=ko-KR
ChdDSUhNMG9nS0VJQ0FnSURJcFpTUnZBRRAB,,1년 전,03:26.5,김경남,0,0,https://www.google.com/maps/contrib/108185473530168945121/reviews?hl=ko-KR
ChZDSUhNMG9nS0VJQ0FnSURJMmIyMkRREAE,,1년 전,03:26.5,Gecko Lee,0,0,https://www.google.com/maps/contrib/114241069799527620237/reviews?hl=ko-KR
ChZDSUhNMG9nS0VJQ0FnSURJeWRidFZBEAE,,1년 전,03:26.5,宣玟宇,0,0,https://www.google.com/maps/contrib/104768028610824552389/reviews?hl=ko-KR
ChdDSUhNMG9nS0VJQ0FnSURJNXRpcnlnRRAB,지붕공사  칼큼해짐,1년 전,03:26.5,이재익,0,0,https://www.google.com/maps/contrib/100425516208282124831/reviews?hl=ko-KR
ChdDSUhNMG9nS0VJQ0FnSURJMnJtUzdBRRAB,망년회를 마치고,1년 전,03:26.5,백경훈 FoodClearhoon,0,0,https://www.google.com/maps/contrib/115171137514532038731/reviews?hl=ko-KR
ChZDSUhNMG9nS0VJQ0FnSURJOHZYNER3EAE,,1년 전,03:26.5,ㅇㅇ,0,0,https://www.google.com/maps/contrib/105848160881626854822/reviews?hl=ko-KR
ChdDSUhNMG9nS0VJQ0FnSURJa29hcGtnRRAB,,1년 전,03:26.5,김수진,0,0,https://www.google.com/maps/contrib/101809771406234468961/reviews?hl=ko-KR
ChdDSUhNMG9nS0VJQ0FnSURJa3FqTHBRRRAB,,1년 전,03:26.5,이야하,0,0,https://www.google.com/maps/contrib/116194521698775377374/reviews?hl=ko-KR
ChZDSUhNMG9nS0VJQ0FnSURJbktEYVF3EAE,(Google 번역 제공) 모든 종류의 진짜 중국 음식이 여기 있습니다. 정말.  (원문) All sorts of genuine Chinese food are here. Really.,1년 전,03:26.5,H Lee,0,0,https://www.google.com/maps/contrib/108802816145686079390/reviews?hl=ko-KR
ChZDSUhNMG9nS0VJQ0FnSURJLU0tTVp3EAE,(Google 번역 제공) Ok!  (원문) 还行吧！,1년 전,03:26.5,fan long hong,0,0,https://www.google.com/maps/contrib/104495916001157482055/reviews?hl=ko-KR
ChdDSUhNMG9nS0VJQ0FnSURJbU1laDNBRRAB,,1년 전,03:26.5,박정희,0,0,https://www.google.com/maps/contrib/100509480086876173760/reviews?hl=ko-KR
ChZDSUhNMG9nS0VJQ0FnSURJbU9XcFB3EAE,,1년 전,03:32.8,ji youl hur,0,0,https://www.google.com/maps/contrib/100086592922800323384/reviews?hl=ko-KR
ChZDSUhNMG9nS0VJQ0FnSURJeUtTOU9BEAE,,1년 전,03:32.8,고재용,0,0,https://www.google.com/maps/contrib/104452387619483596589/reviews?hl=ko-KR
ChZDSUhNMG9nS0VJQ0FnSURJOE5qMExBEAE,,1년 전,03:32.8,김영길,0,0,https://www.google.com/maps/contrib/109775647915298968068/reviews?hl=ko-KR
ChZDSUhNMG9nS0VJQ0FnSURJb0lqOVZBEAE,가리봉 시장근처에는80/100가 중국음식점이 많아요~,1년 전,03:32.8,채수억,0,0,https://www.google.com/maps/contrib/105777106357222387605/reviews?hl=ko-KR
ChdDSUhNMG9nS0VJQ0FnSUNvaGZxZHlRRRAB,가리봉 제래 시장입니나  중국 교포 분들이  만습니다,1년 전,03:32.8,최기원,0,0,https://www.google.com/maps/contrib/110987674779436903282/reviews?hl=ko-KR
ChZDSUhNMG9nS0VJQ0FnSUNJNjZ6Z1JREAE,,1년 전,03:32.8,hao Quan,0,0,https://www.google.com/maps/contrib/107622334609838988750/reviews?hl=ko-KR
ChdDSUhNMG9nS0VJQ0FnSUNJblpfRG1BRRAB,,1년 전,03:32.8,금천구민로이KoreanRoy,0,0,https://www.google.com/maps/contrib/105433873374766477476/reviews?hl=ko-KR
ChdDSUhNMG9nS0VJQ0FnSUNJaWJfZl9BRRAB,재개발로  어수선,1년 전,03:32.8,이화영,0,0,https://www.google.com/maps/contrib/111364460372142703994/reviews?hl=ko-KR
ChZDSUhNMG9nS0VJQ0FnSUNJMlpMalVnEAE,,1년 전,03:32.8,김숙,0,0,https://www.google.com/maps/contrib/102025742204341340691/reviews?hl=ko-KR
ChZDSUhNMG9nS0VJQ0FnSUNJcWF6bGFnEAE,,1년 전,03:32.8,연지,0,0,https://www.google.com/maps/contrib/110523053336950164576/reviews?hl=ko-KR
ChdDSUhNMG9nS0VJQ0FnSUNJeWZpNHp3RRAB,깨끗하고 정비를 잘해놓음. 이국적?이다. 우범지대라는 인식 개선을 위한 노력이 보임.,1년 전,03:39.1,song mincheol,0,0,https://www.google.com/maps/contrib/101614355526582217779/reviews?hl=ko-KR
ChdDSUhNMG9nS0VJQ0FnSUNRamFQeHhnRRAB,조아요,1년 전,03:39.1,Lianzhong Jin,0,0,https://www.google.com/maps/contrib/110219042833502243284/reviews?hl=ko-KR
ChZDSUhNMG9nS0VJQ0FnSUNJMFpLTWRnEAE,,1년 전,03:39.1,임영숙,0,0,https://www.google.com/maps/contrib/110175288698265443614/reviews?hl=ko-KR
ChZDSUhNMG9nS0VJQ0FnSUNJa2NMR1d3EAE,깨끗하고 중국의 정취와 맛을 느낄수있음 교통편이 조금 불편,1년 전,03:39.1,하이히로,0,0,https://www.google.com/maps/contrib/115866320026967155234/reviews?hl=ko-KR
ChdDSUhNMG9nS0VJQ0FnSUNJNGNmMTFRRRAB,좋아요,1년 전,03:39.1,김영훈,0,0,https://www.google.com/maps/contrib/102547000433076927670/reviews?hl=ko-KR
ChZDSUhNMG9nS0VJQ0FnSUNJNFpUR1N3EAE,,1년 전,03:39.1,김동근,0,0,https://www.google.com/maps/contrib/105717020375023572978/reviews?hl=ko-KR
ChdDSUhNMG9nS0VJQ0FnSUNvNWE3RHB3RRAB,가리봉 ᆢ???,1년 전,03:39.1,Suja park,0,0,https://www.google.com/maps/contrib/112806291572117539468/reviews?hl=ko-KR
ChdDSUhNMG9nS0VJQ0FnSUNJcG9mMmxBRRAB,다른나라 온 기분,1년 전,03:39.1,SoonKyu Choi,0,0,https://www.google.com/maps/contrib/104377540816645123773/reviews?hl=ko-KR
ChdDSUhNMG9nS0VJQ0FnSUNJeXF5NTlBRRAB,,2년 전,03:39.1,강춘권,0,0,https://www.google.com/maps/contrib/105543439312835221047/reviews?hl=ko-KR
ChdDSUhNMG9nS0VJQ0FnSUNJMHZUVnlnRRAB,,2년 전,03:39.1,윤영호,0,0,https://www.google.com/maps/contrib/117895046237063751102/reviews?hl=ko-KR
ChZDSUhNMG9nS0VJQ0FnSUNJNG92dFJREAE,,2년 전,03:45.5,ZHENFENG CHENG,0,0,https://www.google.com/maps/contrib/103232855896248639510/reviews?hl=ko-KR
ChdDSUhNMG9nS0VJQ0FnSUR3eWREaXZRRRAB,,2년 전,03:45.5,姜卓,0,0,https://www.google.com/maps/contrib/104923415668184445434/reviews?hl=ko-KR
ChZDSUhNMG9nS0VJQ0FnSUR3b3Ayc0x3EAE,좋아,2년 전,03:45.5,MinHo Kim,0,0,https://www.google.com/maps/contrib/106370419694084746161/reviews?hl=ko-KR
ChZDSUhNMG9nS0VJQ0FnSUR3dkwtZVlREAE,많이  깔끔해졋어요,2년 전,03:45.5,이근목,0,0,https://www.google.com/maps/contrib/116273616899616194116/reviews?hl=ko-KR
ChZDSUhNMG9nS0VJQ0FnSUN3MzVlRUVnEAE,,2년 전,03:45.5,아아,0,0,https://www.google.com/maps/contrib/116774051719891756744/reviews?hl=ko-KR
ChZDSUhNMG9nS0VJQ0FnSUR3NXN5NklnEAE,중국각,2년 전,03:45.5,lgyohun lee,0,0,https://www.google.com/maps/contrib/101250906752387863102/reviews?hl=ko-KR
ChZDSUhNMG9nS0VJQ0FnSUR3OXFTVWNREAE,,2년 전,03:45.5,최영,0,0,https://www.google.com/maps/contrib/111495405159880006043/reviews?hl=ko-KR
ChZDSUhNMG9nS0VJQ0FnSURBblBxMWRREAE,,2년 전,03:45.5,정준오,0,0,https://www.google.com/maps/contrib/113190992155393371819/reviews?hl=ko-KR
ChdDSUhNMG9nS0VJQ0FnSURnbXBEemhBRRAB,,2년 전,03:45.5,정재헌,0,0,https://www.google.com/maps/contrib/102159512879415288801/reviews?hl=ko-KR
ChZDSUhNMG9nS0VJQ0FnSUNncWY2TUZREAE,,2년 전,03:45.5,Ho Ryu,0,0,https://www.google.com/maps/contrib/106704323456254259547/reviews?hl=ko-KR
ChZDSUhNMG9nS0VJQ0FnSUNnaEpucWVnEAE,,2년 전,03:51.8,ᄋᄋ,0,0,https://www.google.com/maps/contrib/115448861200131009702/reviews?hl=ko-KR
ChdDSUhNMG9nS0VJQ0FnSUN3ay1tLWxnRRAB,,2년 전,03:51.8,JINGSAN DING,0,0,https://www.google.com/maps/contrib/110091203335325333853/reviews?hl=ko-KR
ChdDSUhNMG9nS0VJQ0FnSURBNHBuQl9nRRAB,,2년 전,03:51.8,Aa Aa,0,0,https://www.google.com/maps/contrib/100545969750022567077/reviews?hl=ko-KR
ChZDSUhNMG9nS0VJQ0FnSUN3dS1XeFR3EAE,아케이드 공사 임박,2년 전,03:51.8,Jungae Lee,0,0,https://www.google.com/maps/contrib/116191471916733495197/reviews?hl=ko-KR
ChZDSUhNMG9nS0VJQ0FnSUNRMWMtQmZREAE,,2년 전,03:51.8,김화,0,0,https://www.google.com/maps/contrib/108459885093726136324/reviews?hl=ko-KR
ChZDSUhNMG9nS0VJQ0FnSURnbC15SE1REAE,사람이 많아 차를 가지고 가면 조심해야 하는 곳.,2년 전,03:51.8,sungjae Hong,0,0,https://www.google.com/maps/contrib/111216514074021479422/reviews?hl=ko-KR
ChZDSUhNMG9nS0VJQ0FnSUNRclBxbmVnEAE,,2년 전,03:51.8,김애화,0,0,https://www.google.com/maps/contrib/112064429202166698222/reviews?hl=ko-KR
ChZDSUhNMG9nS0VJQ0FnSUNRMEtxUk9BEAE,,2년 전,03:51.8,배성원,0,0,https://www.google.com/maps/contrib/103653697707538154825/reviews?hl=ko-KR
ChZDSUhNMG9nS0VJQ0FnSURRMmJUS2F3EAE,(Google 번역 제공) 거의 일주일에 한 번 이동하십시오.  (원문) 几乎每周去一次吧,2년 전,03:51.8,Fang Wang,0,0,https://www.google.com/maps/contrib/100608895497804589418/reviews?hl=ko-KR
ChZDSUhNMG9nS0VJQ0FnSUNReHF6U093EAE,,2년 전,03:51.8,이점주,0,0,https://www.google.com/maps/contrib/108982686479550710710/reviews?hl=ko-KR
ChZDSUhNMG9nS0VJQ0FnSUNBNThHZ0V3EAE,,2년 전,03:58.3,이청 용,0,0,https://www.google.com/maps/contrib/117701573518788756627/reviews?hl=ko-KR
ChZDSUhNMG9nS0VJQ0FnSURBNnBQUUVREAE,,2년 전,03:58.3,서명수,0,0,https://www.google.com/maps/contrib/117295974640338456023/reviews?hl=ko-KR
ChZDSUhNMG9nS0VJQ0FnSURRcjlfNlhnEAE,,2년 전,03:58.3,Jingze HUANG,0,0,https://www.google.com/maps/contrib/102725153548328547905/reviews?hl=ko-KR
ChdDSUhNMG9nS0VJQ0FnSURnMU5HU3h3RRAB,,2년 전,03:58.3,전석종,0,0,https://www.google.com/maps/contrib/117275087555250853222/reviews?hl=ko-KR
ChZDSUhNMG9nS0VJQ0FnSUNnM2I3dktREAE,,2년 전,03:58.3,최인근,0,0,https://www.google.com/maps/contrib/113447178233503442548/reviews?hl=ko-KR
ChZDSUhNMG9nS0VJQ0FnSUN3NnAzVlN3EAE,보작해,2년 전,03:58.3,백세인생ᄋ백세인생,0,0,https://www.google.com/maps/contrib/101272610328712518280/reviews?hl=ko-KR
ChZDSUhNMG9nS0VJQ0FnSUNBdElxR0dREAE,,2년 전,03:58.3,이석구,0,0,https://www.google.com/maps/contrib/112091381578175977130/reviews?hl=ko-KR
ChdDSUhNMG9nS0VJQ0FnSURBNHUtb3hBRRAB,,2년 전,03:58.3,조희주,0,0,https://www.google.com/maps/contrib/107562065361003569818/reviews?hl=ko-KR
ChdDSUhNMG9nS0VJQ0FnSUNBMnZENnB3RRAB,,2년 전,03:58.3,탕곤,0,0,https://www.google.com/maps/contrib/105646636433194998715/reviews?hl=ko-KR
ChZDSUhNMG9nS0VJQ0FnSURRaEtMdEF3EAE,,2년 전,03:58.3,Guofeng Jin,0,0,https://www.google.com/maps/contrib/105691511774491146761/reviews?hl=ko-KR
ChdDSUhNMG9nS0VJQ0FnSURBc3E2S2p3RRAB,다양한 상품,2년 전,04:04.7,유현정,0,0,https://www.google.com/maps/contrib/114259134858311573459/reviews?hl=ko-KR
ChZDSUhNMG9nS0VJQ0FnSUNRZ1BxbE53EAE,한국에서 중국을 느낄수 있어요~,2년 전,04:04.7,Jerry Kim,0,0,https://www.google.com/maps/contrib/111650944499724498441/reviews?hl=ko-KR
ChZDSUhNMG9nS0VJQ0FnSURBamFmeGZREAE,,2년 전,04:04.7,박만호,0,0,https://www.google.com/maps/contrib/105157932423373214000/reviews?hl=ko-KR
ChZDSUhNMG9nS0VJQ0FnSUN3anJHOUZ3EAE,불친절에 대가는 시장상인 왜 공사를해주는지모르겠네요,2년 전,04:04.7,박태식,0,0,https://www.google.com/maps/contrib/110493119207339124263/reviews?hl=ko-KR
ChdDSUhNMG9nS0VJQ0FnSUN3bmJpanlRRRAB,,2년 전,04:04.7,김인수,0,0,https://www.google.com/maps/contrib/117494321103539797202/reviews?hl=ko-KR
ChZDSUhNMG9nS0VJQ0FnSUNndThMcmZ3EAE,,2년 전,04:04.7,배성철,0,0,https://www.google.com/maps/contrib/104045869045669695988/reviews?hl=ko-KR
ChZDSUhNMG9nS0VJQ0FnSURnZ2FqX1NnEAE,서민적인 재래시장 입니다. 중국에서오신 교포분들이 부근많이살고요 가격이 저렴한편입니다. 많이  애용하셔서 재래시장 살살립시다.,2년 전,04:04.7,김강석,0,0,https://www.google.com/maps/contrib/101651464063558534691/reviews?hl=ko-KR
ChdDSUhNMG9nS0VJQ0FnSURBeE8yUmh3RRAB,,2년 전,04:04.7,大海,0,0,https://www.google.com/maps/contrib/115854493446523845809/reviews?hl=ko-KR
ChZDSUhNMG9nS0VJQ0FnSURBdmFxb2VnEAE,선입견 없이 먹을만함,2년 전,04:04.7,박수민,0,0,https://www.google.com/maps/contrib/106216320568852668506/reviews?hl=ko-KR
ChdDSUhNMG9nS0VJQ0FnSURBX2NXOHdBRRAB,전통시장,2년 전,04:04.7,y6600678,0,0,https://www.google.com/maps/contrib/106661943655012809108/reviews?hl=ko-KR
ChZDSUhNMG9nS0VJQ0FnSURBLTd1T0dBEAE,,2년 전,04:11.2,추현길,0,0,https://www.google.com/maps/contrib/116432879430720891899/reviews?hl=ko-KR
ChdDSUhNMG9nS0VJQ0FnSUN3MXNxUnpRRRAB,중국 특화 시장,2년 전,04:11.2,안태훈,0,0,https://www.google.com/maps/contrib/102293070830668313988/reviews?hl=ko-KR
ChZDSUhNMG9nS0VJQ0FnSURBdW9XcVl3EAE,,2년 전,04:11.2,김인수,0,0,https://www.google.com/maps/contrib/103154449452007732271/reviews?hl=ko-KR
ChdDSUhNMG9nS0VJQ0FnSURRa1pxamtRRRAB,,2년 전,04:11.2,김시나,0,0,https://www.google.com/maps/contrib/109687057719261769418/reviews?hl=ko-KR
ChZDSUhNMG9nS0VJQ0FnSUN3MUs3UE5nEAE,,2년 전,04:11.2,Zhengmin Piao,0,0,https://www.google.com/maps/contrib/110844390111995412134/reviews?hl=ko-KR
ChdDSUhNMG9nS0VJQ0FnSUNBd3F2MTdnRRAB,좋아요,2년 전,04:11.2,양희철,0,0,https://www.google.com/maps/contrib/115930873993472842028/reviews?hl=ko-KR
ChdDSUhNMG9nS0VJQ0FnSURnMXAydmtnRRAB,,2년 전,04:11.2,최선아,0,0,https://www.google.com/maps/contrib/115424463995327914852/reviews?hl=ko-KR
ChZDSUhNMG9nS0VJQ0FnSUNBaGRLT0NnEAE,,2년 전,04:11.2,홍승현,0,0,https://www.google.com/maps/contrib/107353350747308935621/reviews?hl=ko-KR
ChdDSUhNMG9nS0VJQ0FnSURBLU9mUHVnRRAB,그냥평범한시장임 단지 중국간판이 많을뿐 ㅎ,2년 전,04:11.2,김홍배,0,0,https://www.google.com/maps/contrib/101152318846810480181/reviews?hl=ko-KR
ChdDSUhNMG9nS0VJQ0FnSUNnaHYybDZBRRAB,지금은 공사중입니다. 조금후에 오세요.,2년 전,04:11.2,김진원,0,0,https://www.google.com/maps/contrib/102210918872183254859/reviews?hl=ko-KR
ChZDSUhNMG9nS0VJQ0FnSURReW9hS1VREAE,,2년 전,04:17.8,임익철,0,0,https://www.google.com/maps/contrib/105942276183715651294/reviews?hl=ko-KR
ChZDSUhNMG9nS0VJQ0FnSURnLXJDSkhnEAE,(Google 번역 제공) 많은 중국 식당과 중국 음식 상점 😀  (원문) 很多中国饭店和中国食品店😀,2년 전,04:17.8,Hdv Ud,0,0,https://www.google.com/maps/contrib/105986688395185799078/reviews?hl=ko-KR
ChZDSUhNMG9nS0VJQ0FnSUNRblo3Q0x3EAE,,2년 전,04:17.8,오경숙,0,0,https://www.google.com/maps/contrib/112995160728973475276/reviews?hl=ko-KR
ChdDSUhNMG9nS0VJQ0FnSUNnNmZxODFnRRAB,서울금천구독산동892-16,2년 전,04:17.8,어홍열,0,0,https://www.google.com/maps/contrib/112935534204857636415/reviews?hl=ko-KR
ChZDSUhNMG9nS0VJQ0FnSUNROTUtN0V3EAE,,2년 전,04:17.8,즐거운즐거운,0,0,https://www.google.com/maps/contrib/117096454247736681588/reviews?hl=ko-KR
ChdDSUhNMG9nS0VJQ0FnSUNBbGFhNmhBRRAB,,2년 전,04:17.8,오류TV,0,0,https://www.google.com/maps/contrib/104649214220575260040/reviews?hl=ko-KR
ChZDSUhNMG9nS0VJQ0FnSUN3MmZuNWJ3EAE,,2년 전,04:17.8,하규열,0,0,https://www.google.com/maps/contrib/105857082035749341697/reviews?hl=ko-KR
ChZDSUhNMG9nS0VJQ0FnSURBdUpLOE13EAE,,2년 전,04:17.8,謝素娥,0,0,https://www.google.com/maps/contrib/110340415438480517979/reviews?hl=ko-KR
ChZDSUhNMG9nS0VJQ0FnSUNROExhR0lREAE,,2년 전,04:17.8,강재관,0,0,https://www.google.com/maps/contrib/102386101698195543330/reviews?hl=ko-KR
ChZDSUhNMG9nS0VJQ0FnSURnaUpEZ2JnEAE,,2년 전,04:17.8,오경균,0,0,https://www.google.com/maps/contrib/112335342742877635989/reviews?hl=ko-KR
ChZDSUhNMG9nS0VJQ0FnSURBdk1uZE1nEAE,,2년 전,04:24.3,Guangshi Piao,0,0,https://www.google.com/maps/contrib/113185983693946972072/reviews?hl=ko-KR
ChdDSUhNMG9nS0VJQ0FnSURnNkw2cHdRRRAB,,2년 전,04:24.3,임복금,0,0,https://www.google.com/maps/contrib/107897337226201233738/reviews?hl=ko-KR
ChdDSUhNMG9nS0VJQ0FnSUNnaUsySHd3RRAB,,2년 전,04:24.3,Zhuchu Li,0,0,https://www.google.com/maps/contrib/104070239489369414871/reviews?hl=ko-KR
ChZDSUhNMG9nS0VJQ0FnSURnN3J1TkRnEAE,,2년 전,04:24.3,김정만,0,0,https://www.google.com/maps/contrib/109120846497104180477/reviews?hl=ko-KR
ChZDSUhNMG9nS0VJQ0FnSURReGNEUUhREAE,,2년 전,04:24.3,Haijin Chi,0,0,https://www.google.com/maps/contrib/114454882405885109398/reviews?hl=ko-KR
ChdDSUhNMG9nS0VJQ0FnSUNnNFpYSXVnRRAB,사계에서 술을한잔 마셨다 아가씨도 친절하고 안주도 맛있었다 특히 사장님이 친절했다,2년 전,04:24.3,내나나,0,0,https://www.google.com/maps/contrib/116833779369176177867/reviews?hl=ko-KR
ChZDSUhNMG9nS0VJQ0FnSURBdUtXOWVnEAE,,2년 전,04:24.3,Weiguang Zhang,0,0,https://www.google.com/maps/contrib/113156909459611202231/reviews?hl=ko-KR
ChZDSUhNMG9nS0VJQ0FnSUN3aUtqUk1REAE,,2년 전,04:24.3,박춘봉,0,0,https://www.google.com/maps/contrib/100994819230731796129/reviews?hl=ko-KR
ChdDSUhNMG9nS0VJQ0FnSUNncDlHWGd3RRAB,,2년 전,04:24.3,YUZI HAN,0,0,https://www.google.com/maps/contrib/104310651810588880227/reviews?hl=ko-KR
ChdDSUhNMG9nS0VJQ0FnSURRa3F5MzZnRRAB,외국인이만아요~혼란스러워요~^,2년 전,04:24.3,이소원,0,0,https://www.google.com/maps/contrib/111540560297094391645/reviews?hl=ko-KR
ChdDSUhNMG9nS0VJQ0FnSURnaThYYXdBRRAB,,2년 전,04:30.9,성수,0,0,https://www.google.com/maps/contrib/108347208253972349827/reviews?hl=ko-KR
ChZDSUhNMG9nS0VJQ0FnSUNBbXJpeFZBEAE,,2년 전,04:30.9,En Suk Nam,0,0,https://www.google.com/maps/contrib/115173912490622296906/reviews?hl=ko-KR
ChZDSUhNMG9nS0VJQ0FnSUN3eHVIYllBEAE,,2년 전,04:30.9,양미숙,0,0,https://www.google.com/maps/contrib/104958568170374531900/reviews?hl=ko-KR
ChZDSUhNMG9nS0VJQ0FnSUNRemJLc0NBEAE,,2년 전,04:30.9,이철,0,0,https://www.google.com/maps/contrib/113219821857748563339/reviews?hl=ko-KR
ChdDSUhNMG9nS0VJQ0FnSURRdnJMcTBBRRAB,(Google 번역 제공) 게리 피크 마켓  (원문) 加里峰市场,2년 전,04:30.9,아아,0,0,https://www.google.com/maps/contrib/107959295078096219874/reviews?hl=ko-KR
ChZDSUhNMG9nS0VJQ0FnSUN3NnFURVBnEAE,,2년 전,04:30.9,박창현,0,0,https://www.google.com/maps/contrib/111062855337453318359/reviews?hl=ko-KR
ChdDSUhNMG9nS0VJQ0FnSUN3dXNlanpnRRAB,,2년 전,04:30.9,최경희,0,0,https://www.google.com/maps/contrib/106654393497080103757/reviews?hl=ko-KR
ChZDSUhNMG9nS0VJQ0FnSUNRZ3BiZ2RREAE,,2년 전,04:30.9,류샹추,0,0,https://www.google.com/maps/contrib/113771457911497082206/reviews?hl=ko-KR
ChdDSUhNMG9nS0VJQ0FnSURRcWEyN2pBRRAB,여긴 한국 사람은 갈만한데가 좀..그래여..죄다 조선족...,2년 전,04:30.9,머루와다래,0,0,https://www.google.com/maps/contrib/113977685431778588276/reviews?hl=ko-KR
ChdDSUhNMG9nS0VJQ0FnSUNRa2NmRnVBRRAB,,2년 전,04:30.9,최진택,0,0,https://www.google.com/maps/contrib/106275735998923621578/reviews?hl=ko-KR
ChZDSUhNMG9nS0VJQ0FnSUNBM2NmckVnEAE,,2년 전,04:37.5,강철순,0,0,https://www.google.com/maps/contrib/101889829546154217815/reviews?hl=ko-KR
ChZDSUhNMG9nS0VJQ0FnSUNBenIyUVBREAE,,2년 전,04:37.5,장학철,0,0,https://www.google.com/maps/contrib/111234431357874139123/reviews?hl=ko-KR
ChdDSUhNMG9nS0VJQ0FnSURRdnNmLXVBRRAB,,2년 전,04:37.5,오성남,0,0,https://www.google.com/maps/contrib/114409883011075131242/reviews?hl=ko-KR
ChdDSUhNMG9nS0VJQ0FnSUNRNnZxWnRnRRAB,,2년 전,04:37.5,차해영,0,0,https://www.google.com/maps/contrib/103989085984367399419/reviews?hl=ko-KR
ChdDSUhNMG9nS0VJQ0FnSURRcGVLUmlBRRAB,,2년 전,04:37.5,박용대,0,0,https://www.google.com/maps/contrib/117262669871330452004/reviews?hl=ko-KR
ChZDSUhNMG9nS0VJQ0FnSUNBMmNHc1l3EAE,,2년 전,04:37.5,하성철,0,0,https://www.google.com/maps/contrib/104403903000811142989/reviews?hl=ko-KR
ChZDSUhNMG9nS0VJQ0FnSUNnNzR2MEFREAE,,2년 전,04:37.5,요리하는 •선이,0,0,https://www.google.com/maps/contrib/113702133326287717617/reviews?hl=ko-KR
ChZDSUhNMG9nS0VJQ0FnSUNnX0lPMFVREAE,즐감요,2년 전,04:37.5,shin young park,0,0,https://www.google.com/maps/contrib/115481878202082025606/reviews?hl=ko-KR
ChZDSUhNMG9nS0VJQ0FnSUNRdE5PcUdnEAE,,2년 전,04:37.5,Chunfan Jin,0,0,https://www.google.com/maps/contrib/108976418456344694244/reviews?hl=ko-KR
ChZDSUhNMG9nS0VJQ0FnSUN3MmVlSFJnEAE,"냄새,무단 쓰레기투기,흡연,담배꽁초 무단투기,중국인들은 교육 좀 받고 생활했으면 좋겠네요",2년 전,04:37.5,조영호,0,0,https://www.google.com/maps/contrib/117132175273949595517/reviews?hl=ko-KR
ChZDSUhNMG9nS0VJQ0FnSURRMnU3UE1REAE,훠궈먹으로 가고 중국식품구입하기 좋음,2년 전,04:44.3,요시이즈미코리아주식회사,0,0,https://www.google.com/maps/contrib/109727887420186916582/reviews?hl=ko-KR
ChdDSUhNMG9nS0VJQ0FnSURnODRibzB3RRAB,^^ 작은 연변 ^^,2년 전,04:44.3,UNHAK LEE,0,0,https://www.google.com/maps/contrib/105269898450778765740/reviews?hl=ko-KR
ChZDSUhNMG9nS0VJQ0FnSUN3NGNEdkJnEAE,,2년 전,04:44.3,류덕춘,0,0,https://www.google.com/maps/contrib/100688316256586496851/reviews?hl=ko-KR
ChdDSUhNMG9nS0VJQ0FnSURRczZpRHNBRRAB,,2년 전,04:44.3,ᆞ이ᆞ봉학,0,0,https://www.google.com/maps/contrib/105355230673922717761/reviews?hl=ko-KR
ChZDSUhNMG9nS0VJQ0FnSUNReC03UmN3EAE,첫모임,2년 전,04:44.3,tieren jin,0,0,https://www.google.com/maps/contrib/117174016954160800945/reviews?hl=ko-KR
ChdDSUhNMG9nS0VJQ0FnSUN3emFUaS1nRRAB,너무 좁고 복잡함,2년 전,04:44.3,송근승,0,0,https://www.google.com/maps/contrib/104051021696084062805/reviews?hl=ko-KR
ChZDSUhNMG9nS0VJQ0FnSURBa2RYdVZnEAE,중국동네예요.,2년 전,04:44.3,Ming He Cui,0,0,https://www.google.com/maps/contrib/100653304387357656539/reviews?hl=ko-KR
ChdDSUhNMG9nS0VJQ0FnSUNRcmJLM3BBRRAB,,2년 전,04:44.3,ᄋᄋ,0,0,https://www.google.com/maps/contrib/116127683432384169459/reviews?hl=ko-KR
ChZDSUhNMG9nS0VJQ0FnSUNBdzZHeFN3EAE,,2년 전,04:44.3,이금택,0,0,https://www.google.com/maps/contrib/109364336026189970209/reviews?hl=ko-KR
ChdDSUhNMG9nS0VJQ0FnSURncjZheS13RRAB,,2년 전,04:44.3,위봉규,0,0,https://www.google.com/maps/contrib/101283143619466146465/reviews?hl=ko-KR
ChdDSUhNMG9nS0VJQ0FnSUNBbXN6YnNnRRAB,시장주변 주차된 차량으로 인해 도로가 좁다,2년 전,04:51.0,tommy yoon,0,0,https://www.google.com/maps/contrib/115361122528003888959/reviews?hl=ko-KR
ChZDSUhNMG9nS0VJQ0FnSURnamUtZkVnEAE,,2년 전,04:51.0,최성래,0,0,https://www.google.com/maps/contrib/110946982197758926351/reviews?hl=ko-KR
ChdDSUhNMG9nS0VJQ0FnSURBdW8yMGlBRRAB,,2년 전,04:51.0,박용대,0,0,https://www.google.com/maps/contrib/100910527659159869791/reviews?hl=ko-KR
ChdDSUhNMG9nS0VJQ0FnSURBeGZDMnhRRRAB,,2년 전,04:51.0,GUANGRI XUAN,0,0,https://www.google.com/maps/contrib/114961096714514930940/reviews?hl=ko-KR
ChdDSUhNMG9nS0VJQ0FnSUN3bmJ5aTFnRRAB,음식이 맛있어서 좋았다.,2년 전,04:51.0,넥센공실이,0,0,https://www.google.com/maps/contrib/103917625878940740662/reviews?hl=ko-KR
ChZDSUhNMG9nS0VJQ0FnSUNRbV9EeENBEAE,,2년 전,04:51.0,임운,0,0,https://www.google.com/maps/contrib/114107284734565938967/reviews?hl=ko-KR
ChZDSUhNMG9nS0VJQ0FnSUNRMTVlYWJnEAE,참.멋져요,2년 전,04:51.0,ᄋᄉ,0,0,https://www.google.com/maps/contrib/100105762536708561128/reviews?hl=ko-KR
ChZDSUhNMG9nS0VJQ0FnSURndE8tc1J3EAE,,2년 전,04:51.0,표효근,0,0,https://www.google.com/maps/contrib/101205220104696302929/reviews?hl=ko-KR
ChZDSUhNMG9nS0VJQ0FnSUNRdW9qeVNnEAE,,2년 전,04:51.0,강송련,0,0,https://www.google.com/maps/contrib/117612697134601269781/reviews?hl=ko-KR
ChdDSUhNMG9nS0VJQ0FnSUNBNnBEdXdBRRAB,,2년 전,04:51.0,ᆞᆞ,0,0,https://www.google.com/maps/contrib/101115957170011757855/reviews?hl=ko-KR
ChZDSUhNMG9nS0VJQ0FnSUN3ejh6V0t3EAE,,2년 전,04:57.8,junlong cui,0,0,https://www.google.com/maps/contrib/108537680199896076956/reviews?hl=ko-KR
ChZDSUhNMG9nS0VJQ0FnSURBOU5TNk5REAE,,2년 전,04:57.8,이희철,0,0,https://www.google.com/maps/contrib/114415859981992801715/reviews?hl=ko-KR
ChdDSUhNMG9nS0VJQ0FnSUN3dlo3cG1BRRAB,"옛추억이 있는 시장이지만, 교포들이 너무 많아 불편하다.",2년 전,04:57.8,허상훈,0,0,https://www.google.com/maps/contrib/103247133186497071522/reviews?hl=ko-KR
ChZDSUhNMG9nS0VJQ0FnSUN3cE5iTUZnEAE,,2년 전,04:57.8,yoonhyun kim,0,0,https://www.google.com/maps/contrib/110574680124720125792/reviews?hl=ko-KR
ChZDSUhNMG9nS0VJQ0FnSUNRbGVublZBEAE,,2년 전,04:57.8,김세영,0,0,https://www.google.com/maps/contrib/110976851784643801184/reviews?hl=ko-KR
ChZDSUhNMG9nS0VJQ0FnSUNBd09PTEJREAE,,2년 전,04:57.8,이광문,0,0,https://www.google.com/maps/contrib/106187049137287350767/reviews?hl=ko-KR
ChZDSUhNMG9nS0VJQ0FnSURndG9qLVhBEAE,(Google 번역 제공) 편리한 중국 음식  (원문) 方便中国食品多,2년 전,04:57.8,chunsong liu,0,0,https://www.google.com/maps/contrib/102373376272802421155/reviews?hl=ko-KR
ChZDSUhNMG9nS0VJQ0FnSUNnLU1lM2V3EAE,,2년 전,04:57.8,이동춘,0,0,https://www.google.com/maps/contrib/114290471987817827357/reviews?hl=ko-KR
ChZDSUhNMG9nS0VJQ0FnSURnbUtQR01BEAE,,2년 전,04:57.8,김정호,0,0,https://www.google.com/maps/contrib/109515228787881650863/reviews?hl=ko-KR
ChZDSUhNMG9nS0VJQ0FnSUNRdk1yRGNBEAE,,2년 전,04:57.8,김현준,0,0,https://www.google.com/maps/contrib/114917617208196751951/reviews?hl=ko-KR
ChdDSUhNMG9nS0VJQ0FnSURRaHJXMS13RRAB,,2년 전,05:04.7,LIANFENG JIN,0,0,https://www.google.com/maps/contrib/112925187342344821148/reviews?hl=ko-KR
ChZDSUhNMG9nS0VJQ0FnSURBbmJMbE13EAE,,2년 전,05:04.7,한성복,0,0,https://www.google.com/maps/contrib/109375386818574404007/reviews?hl=ko-KR
ChdDSUhNMG9nS0VJQ0FnSUNBdjhPVnJBRRAB,,2년 전,05:04.7,.,0,0,https://www.google.com/maps/contrib/106843661932464906360/reviews?hl=ko-KR
ChZDSUhNMG9nS0VJQ0FnSURnejh1S0JREAE,,2년 전,05:04.7,태용남,0,0,https://www.google.com/maps/contrib/106478657984118347576/reviews?hl=ko-KR
ChdDSUhNMG9nS0VJQ0FnSUNBbGFicC1RRRAB,,2년 전,05:04.7,김성호,0,0,https://www.google.com/maps/contrib/112389364368807525500/reviews?hl=ko-KR
ChZDSUhNMG9nS0VJQ0FnSUNnM3ZiQmF3EAE,,2년 전,05:04.7,정승한,0,0,https://www.google.com/maps/contrib/111326554762920854503/reviews?hl=ko-KR
ChZDSUhNMG9nS0VJQ0FnSURnXzU2eU1BEAE,초원양꼬치에서 친구랑 양꼬치 앤 칭다오,2년 전,05:04.7,채광석,0,0,https://www.google.com/maps/contrib/101833033339015264876/reviews?hl=ko-KR
ChdDSUhNMG9nS0VJQ0FnSUNRcE56T2x3RRAB,,2년 전,05:04.7,강성환,0,0,https://www.google.com/maps/contrib/117902761043189315541/reviews?hl=ko-KR
ChZDSUhNMG9nS0VJQ0FnSUNRaWNmb1BREAE,,2년 전,05:04.7,김현준,0,0,https://www.google.com/maps/contrib/105439359644525478291/reviews?hl=ko-KR
ChdDSUhNMG9nS0VJQ0FnSURBalpfZV93RRAB,,2년 전,05:04.7,외국인,0,0,https://www.google.com/maps/contrib/113547251466786807538/reviews?hl=ko-KR
ChdDSUhNMG9nS0VJQ0FnSUNneU56MHJRRRAB,붐비는곳,3년 전,05:11.5,김재권,0,0,https://www.google.com/maps/contrib/116552527239067044168/reviews?hl=ko-KR
ChZDSUhNMG9nS0VJQ0FnSUNBaGZEV053EAE,,3년 전,05:11.5,Rudals BAEK,0,0,https://www.google.com/maps/contrib/101762433802036634746/reviews?hl=ko-KR
ChdDSUhNMG9nS0VJQ0FnSUNReU43cmxBRRAB,,3년 전,05:11.5,박정혁,0,0,https://www.google.com/maps/contrib/108884864845067041406/reviews?hl=ko-KR
ChdDSUhNMG9nS0VJQ0FnSUNnbE5lQ3hBRRAB,,3년 전,05:11.5,김흠,0,0,https://www.google.com/maps/contrib/101549149462069464825/reviews?hl=ko-KR
ChdDSUhNMG9nS0VJQ0FnSUNBMTQ3azhnRRAB,,3년 전,05:11.5,여자박명숙,0,0,https://www.google.com/maps/contrib/100767505790040342554/reviews?hl=ko-KR
ChdDSUhNMG9nS0VJQ0FnSUNBOElhb21BRRAB,이색적인분위기에      다양한물건들에,3년 전,05:11.5,YJ JIN,0,0,https://www.google.com/maps/contrib/117530909673310361559/reviews?hl=ko-KR
ChdDSUhNMG9nS0VJQ0FnSURBenZfVV9BRRAB,,3년 전,05:11.5,이상호,0,0,https://www.google.com/maps/contrib/102035514797614028842/reviews?hl=ko-KR
ChZDSUhNMG9nS0VJQ0FnSUNnNnFiLVJBEAE,,3년 전,05:11.5,BC AB,0,0,https://www.google.com/maps/contrib/109880725446357997770/reviews?hl=ko-KR
ChdDSUhNMG9nS0VJQ0FnSUNnLV9tQmhRRRAB,,3년 전,05:11.5,Hai tao Zhao,0,0,https://www.google.com/maps/contrib/118060184415113886818/reviews?hl=ko-KR
ChZDSUhNMG9nS0VJQ0FnSURRaWNMVFp3EAE,,3년 전,05:11.5,남궁훈,0,0,https://www.google.com/maps/contrib/104958129062847780756/reviews?hl=ko-KR
ChdDSUhNMG9nS0VJQ0FnSUNnX09xa3FBRRAB,,3년 전,05:18.5,전기수,0,0,https://www.google.com/maps/contrib/103080347839732101208/reviews?hl=ko-KR
ChZDSUhNMG9nS0VJQ0FnSUN3bWJXV1p3EAE,중국식당,3년 전,05:18.5,박성규,0,0,https://www.google.com/maps/contrib/103319413778447826339/reviews?hl=ko-KR
ChdDSUhNMG9nS0VJQ0FnSUNnc09DYm1BRRAB,,3년 전,05:18.5,김동근,0,0,https://www.google.com/maps/contrib/113764954405586385007/reviews?hl=ko-KR
ChdDSUhNMG9nS0VJQ0FnSUNBM3Nhb2dRRRAB,,3년 전,05:18.5,Dhei3h Dhdi,0,0,https://www.google.com/maps/contrib/109211671912408996303/reviews?hl=ko-KR
ChZDSUhNMG9nS0VJQ0FnSURBd29USkh3EAE,,3년 전,05:18.5,이채길,0,0,https://www.google.com/maps/contrib/102948832191573455507/reviews?hl=ko-KR
,예전의 정겨운 느낌이 나는 시장 분위기가 있다. 맛있는 음식도 많으니 한번 둘러보자~, 7달 전,,잇희,,,
ChdDSUhNMG9nS0VJQ0FnSUQ4NzdTejh3RRAB,먹거리가 많아요.~~,3달 전,59:15.3,윤순호,0,0,https://www.google.com/maps/contrib/107366856388030940536/reviews?hl=ko-KR
ChdDSUhNMG9nS0VJQ0FnSURzLU1lYm5RRRAB,,8달 전,59:15.3,Jinsuk Kim,0,0,https://www.google.com/maps/contrib/114629340857399375817/reviews?hl=ko-KR
ChZDSUhNMG9nS0VJQ0FnSUNzMTZPU0RnEAE,카드 결제하면 인사도 안받는 상인들,8달 전,59:15.3,안선영,0,0,https://www.google.com/maps/contrib/111975490766149336493/reviews?hl=ko-KR
ChZDSUhNMG9nS0VJQ0FnSUNzb2ZpSE53EAE,,9달 전,59:15.3,LOVE OAKLEIGH,0,0,https://www.google.com/maps/contrib/112827336331258957585/reviews?hl=ko-KR
ChdDSUhNMG9nS0VJQ0FnSUNzdHJHMGtRRRAB,,9달 전,59:15.3,비밀,0,0,https://www.google.com/maps/contrib/115287616101927664156/reviews?hl=ko-KR
ChdDSUhNMG9nS0VJQ0FnSURNcDR5M2d3RRAB,,9달 전,59:15.3,이광구,0,0,https://www.google.com/maps/contrib/114574667466412945150/reviews?hl=ko-KR
ChdDSUhNMG9nS0VJQ0FnSURNbS1pQXlnRRAB,,9달 전,59:15.3,Taewon Yun,0,0,https://www.google.com/maps/contrib/110078650384022687539/reviews?hl=ko-KR
ChdDSUhNMG9nS0VJQ0FnSURNelpLaGxnRRAB,50여년간 다니던시장이고 저렴하니 손님들도 않아요ㅎ,10달 전,59:15.3,신아당,0,0,https://www.google.com/maps/contrib/103896218052373231415/reviews?hl=ko-KR
ChdDSUhNMG9nS0VJQ0FnSURNaXE3cXZnRRAB,,10달 전,59:15.3,박성환,0,0,https://www.google.com/maps/contrib/115924073986753276730/reviews?hl=ko-KR
ChZDSUhNMG9nS0VJQ0FnSUNNemVpWkl3EAE,,11달 전,59:15.3,김수완,0,0,https://www.google.com/maps/contrib/115852758901943806171/reviews?hl=ko-KR
ChdDSUhNMG9nS0VJQ0FnSUNNbVlQZXVBRRAB,족밥맛집도있고 맛난반찬가게도 많아요.차는 골목으로 못들어갑니다.,11달 전,59:15.3,하늘을보자,0,0,https://www.google.com/maps/contrib/107901300276231655887/reviews?hl=ko-KR
ChdDSUhNMG9nS0VJQ0FnSUQwbzdiR3RRRRAB,,11달 전,59:15.3,방승숙,0,0,https://www.google.com/maps/contrib/106891362541055153524/reviews?hl=ko-KR
ChdDSUhNMG9nS0VJQ0FnSUQwbWQycjZRRRAB,,11달 전,59:15.3,미용하는옆집누나TV,0,0,https://www.google.com/maps/contrib/100956381552845234057/reviews?hl=ko-KR
ChZDSUhNMG9nS0VJQ0FnSUQwNG9QekN3EAE,,1년 전,59:15.3,이영진,0,0,https://www.google.com/maps/contrib/101423817062185630986/reviews?hl=ko-KR
ChZDSUhNMG9nS0VJQ0FnSUMwdFlyZlhnEAE,,1년 전,59:15.3,송대인,0,0,https://www.google.com/maps/contrib/102297116027877782763/reviews?hl=ko-KR
ChZDSUhNMG9nS0VJQ0FnSUMwb2JxSVZREAE,,1년 전,59:15.3,강희광,0,0,https://www.google.com/maps/contrib/114956230909809035551/reviews?hl=ko-KR
ChZDSUhNMG9nS0VJQ0FnSUMwNE5xbVRBEAE,,1년 전,59:15.3,유동규,0,0,https://www.google.com/maps/contrib/105709935140868763845/reviews?hl=ko-KR
ChZDSUhNMG9nS0VJQ0FnSUMwd0lYYkxREAE,반찬가게하고 맛있는 먹거리가 많아서 좋아요.,1년 전,59:15.3,임재민,0,0,https://www.google.com/maps/contrib/109582266854400535752/reviews?hl=ko-KR
ChZDSUhNMG9nS0VJQ0FnSURVM2NEZ2NREAE,광장시장같이 굳이 찾아갈정도로 크지도 특별하지도 않지만 근처라면 이만한곳도 없음,1년 전,59:15.3,조성익,0,0,https://www.google.com/maps/contrib/100825190253470463686/reviews?hl=ko-KR
ChZDSUhNMG9nS0VJQ0FnSURVamNIZ0pnEAE,옛감성 느끼기엔 좋음 하지만 말그대로 옛날느낌,1년 전,59:15.3,정윤성,0,0,https://www.google.com/maps/contrib/114864975792667536970/reviews?hl=ko-KR
ChdDSUhNMG9nS0VJQ0FnSUNVdjdLSXZBRRAB,(Google 번역 제공) 신선한 야채와 음식에 가장 적합  (원문) Best for fresh vegetables and foods,1년 전,59:21.6,s3 Gurung,0,0,https://www.google.com/maps/contrib/103611899715006202031/reviews?hl=ko-KR
ChZDSUhNMG9nS0VJQ0FnSUNVMFlfcFZBEAE,,1년 전,59:21.6,김광일,0,0,https://www.google.com/maps/contrib/111710778861762241790/reviews?hl=ko-KR
ChdDSUhNMG9nS0VJQ0FnSUNVNU9tU2t3RRAB,,1년 전,59:21.6,명희김,0,0,https://www.google.com/maps/contrib/110497136467189823349/reviews?hl=ko-KR
ChZDSUhNMG9nS0VJQ0FnSURreTZmak9REAE,,1년 전,59:21.6,kim jaemin,0,0,https://www.google.com/maps/contrib/100256625968767453361/reviews?hl=ko-KR
ChdDSUhNMG9nS0VJQ0FnSURrN3NHRDZnRRAB,,1년 전,59:21.6,최재 철재철 일승 미싱 창신동,0,0,https://www.google.com/maps/contrib/114861360405489706623/reviews?hl=ko-KR
ChdDSUhNMG9nS0VJQ0FnSUM0NllHcWlRRRAB,,1년 전,59:21.6,김재섭,0,0,https://www.google.com/maps/contrib/100174241367706155028/reviews?hl=ko-KR
ChdDSUhNMG9nS0VJQ0FnSUM0cnZMTm1BRRAB,,1년 전,59:21.6,이강수,0,0,https://www.google.com/maps/contrib/118093533428445555262/reviews?hl=ko-KR
ChZDSUhNMG9nS0VJQ0FnSUM0enNXQmNBEAE,,1년 전,59:21.6,너구리다,0,0,https://www.google.com/maps/contrib/118391119271647259439/reviews?hl=ko-KR
ChdDSUhNMG9nS0VJQ0FnSUM0aE5XRF9RRRAB,전통시장에 유명한 매운 족발이 맛이 좋은곳으로 소문난 시장 입니다,1년 전,59:21.6,김광종,0,0,https://www.google.com/maps/contrib/110933656972243824361/reviews?hl=ko-KR
ChdDSUhNMG9nS0VJQ0FnSUM0aFBxVzJBRRAB,이것저것 골고루팔아서 좋아요.식사후 낙산공원 한바퀴돌면 데이트코스로   간단한 운동하기에도  좋고 밤야경이 아주 좋은곳입니다.,1년 전,59:21.6,남순미,0,0,https://www.google.com/maps/contrib/106624513058559731607/reviews?hl=ko-KR
ChdDSUhNMG9nS0VJQ0FnSURZdjQ2eXFRRRAB,정겨운 시장풍경,1년 전,59:28.0,강평구,0,0,https://www.google.com/maps/contrib/116014828536164874293/reviews?hl=ko-KR
ChZDSUhNMG9nS0VJQ0FnSURZbDc3YmVBEAE,,1년 전,59:28.0,김시쥬,0,0,https://www.google.com/maps/contrib/116781428080722464420/reviews?hl=ko-KR
ChdDSUhNMG9nS0VJQ0FnSURZMjR2NGlnRRAB,,1년 전,59:28.0,김동우,0,0,https://www.google.com/maps/contrib/116286497401329380747/reviews?hl=ko-KR
ChZDSUhNMG9nS0VJQ0FnSURZbHNMZk93EAE,"1, 4호선 지하철을 타고 동대문역 3번 출구로 나오면 바로 좌측 골목이다. 이곳 골목시장은 예전 창신동봉제공장 집결터였고, 주변 동대문시장과 평화시장의 지근거리다. 이곳은 주머니가 가벼운 주변 노동자들과 회사원들이 퇴근후 매운 족발을 안주로 쓴 소주를 들이키며 하루의 고단함을 잊던 삶의 현장이었다. 창신동봉제공장단지는 퇴락했지만, 여전히 동대문시장과 평화시장 그리고 주변 현대식 쇼핑몰의 직원들과 상인들의 최애장소이다. 원래부터 이곳은 즉석먹거리로 유명했다. 지금도 상점앞 석쇠에서 매운족발, 매운삼겹살, 매운닭발, 매운닭갈비 등이 자글거리는 소리와 함께 매캐한 연기를 주변에 자욱하게 날린다. 그소리와 냄새와 왁자한 서민의 활기를 느끼고 싶으면 저녁 7시쯤 찾아보라. 가성비 좋은 가격에 맛도 좋고 풍성하다. 매운 것을 못먹는 사람은 덜맵게 해달라고 미리 주문해라. 그래도 별차이가 없기에 무한으로 제공되는 시원한 콩나물국에 의지하거나, 우유 또는 쿨피스를 미리 사가지고 가는 센스를 발휘해도 좋다.",1년 전,59:28.0,박원석,0,0,https://www.google.com/maps/contrib/103629631612753744643/reviews?hl=ko-KR
ChdDSUhNMG9nS0VJQ0FnSURZMUozWi13RRAB,볼거리 먹거리 많아서 좋아요!,1년 전,59:28.0,Jihee Oh,0,0,https://www.google.com/maps/contrib/107259827613172868180/reviews?hl=ko-KR
ChZDSUhNMG9nS0VJQ0FnSUNZMi1IRllnEAE,,1년 전,59:28.0,PARK HONG SANG,0,0,https://www.google.com/maps/contrib/100075035805037765222/reviews?hl=ko-KR
