﻿id_review,caption,relative_date,retrieval_date,username,n_review_user,n_photo_user,url_user
ChZDSUhNMG9nS0VJQ0FnSUNDMFB2dWRBEAE,,3달 전,36:19.0,김영환,0,0,https://www.google.com/maps/contrib/117775677681551058469/reviews?hl=ko-KR
ChdDSUhNMG9nS0VJQ0FnSUQ4Zzc2ZDFRRRAB,,3달 전,36:19.0,Ho-Jung Sohn,0,0,https://www.google.com/maps/contrib/103868996583049826862/reviews?hl=ko-KR
ChdDSUhNMG9nS0VJQ0FnSUNjcUtpaW93RRAB,비디오 아티스트 백남준을 만날 수 있는 곳!,7달 전,36:19.0,이선용,0,0,https://www.google.com/maps/contrib/103056132425087940446/reviews?hl=ko-KR
ChdDSUhNMG9nS0VJQ0FnSURzNUxTYnZBRRAB,,8달 전,36:19.0,HAE YOUNG YOON,0,0,https://www.google.com/maps/contrib/100072472800041862407/reviews?hl=ko-KR
ChZDSUhNMG9nS0VJQ0FnSURNeDdtS1JREAE,백남준을 기억하기 좋은 공간이에요 많이 알려지지 않아서 시크릿한 느낌도 있고 쉬어가기 좋습니다,9달 전,36:19.0,옆집언니앨리스,0,0,https://www.google.com/maps/contrib/100532841552345111665/reviews?hl=ko-KR
ChZDSUhNMG9nS0VJQ0FnSURNcGRlVUx3EAE,,10달 전,36:19.0,novellus,0,0,https://www.google.com/maps/contrib/112833428402697336748/reviews?hl=ko-KR
ChdDSUhNMG9nS0VJQ0FnSURNOGFXaWtnRRAB,"동대문 약속에 시간이남아 들른곳, 무료임에도 아담하고 소박하게 잘 꾸며놓아 시간보내며 백남준을 기념하기 좋았다. 이곳만을 위해 간다면 소박함에 실망할 수 있겠지만 남은 시간 활용하여 들른다면 만족도가 높을것으로 예상된다. 하나하나 백남줌에 대한 추억거리들을 읽고 들으며 공유하는 재미가 쏠쏠하다.",10달 전,36:19.0,bambi kwon,0,0,https://www.google.com/maps/contrib/106076462490736957076/reviews?hl=ko-KR
ChZDSUhNMG9nS0VJQ0FnSURNZ29uRll3EAE,"동네주민들이 카페에 참여하셔서 인정잇어 보이고, 차값이 저렴해서 그런지 정말 조아요",10달 전,36:19.0,이세라,0,0,https://www.google.com/maps/contrib/114263182302130053336/reviews?hl=ko-KR
ChdDSUhNMG9nS0VJQ0FnSUNNMGUtbHhRRRAB,,11달 전,36:19.0,장영복,0,0,https://www.google.com/maps/contrib/110715642335069904361/reviews?hl=ko-KR
ChdDSUhNMG9nS0VJQ0FnSUQwMWViUWdnRRAB,,11달 전,36:19.0,박래인,0,0,https://www.google.com/maps/contrib/112833065969060208003/reviews?hl=ko-KR
ChdDSUhNMG9nS0VJQ0FnSUQwMmFyQXdnRRAB,난 봐도 모르겠다 비됴아트인지 뭔지  나 여기 옆에서 포대포 장사한다 껍데기 목살 돼지꼬리구이  놀러와서 잡솨봐 ㅋㅋㅋㅋ,11달 전,36:19.0,정담,0,0,https://www.google.com/maps/contrib/101349701508283524849/reviews?hl=ko-KR
ChdDSUhNMG9nS0VJQ0FnSUQwbW9HNG1nRRAB,,1년 전,36:19.0,공병화,0,0,https://www.google.com/maps/contrib/113134792916900935139/reviews?hl=ko-KR
ChZDSUhNMG9nS0VJQ0FnSUQweElfeVVnEAE,,1년 전,36:19.0,남순미,0,0,https://www.google.com/maps/contrib/106624513058559731607/reviews?hl=ko-KR
ChdDSUhNMG9nS0VJQ0FnSUMwcjY2UXdRRRAB,,1년 전,36:19.0,이준희,0,0,https://www.google.com/maps/contrib/115051644442393397749/reviews?hl=ko-KR
ChdDSUhNMG9nS0VJQ0FnSUMwejlyTWhRRRAB,,1년 전,36:19.0,Resham Karki,0,0,https://www.google.com/maps/contrib/111970177104689441000/reviews?hl=ko-KR
ChdDSUhNMG9nS0VJQ0FnSUMwNlotb3RBRRAB,가 보고 싶었던 곳 백남준에 대해 알게 되는 곳 까페의 착한 가격에 감사,1년 전,36:19.0,이인숙,0,0,https://www.google.com/maps/contrib/111364964692651558524/reviews?hl=ko-KR
ChZDSUhNMG9nS0VJQ0FnSUMwdnJpZE1BEAE,,1년 전,36:19.0,Jehong Ahn,0,0,https://www.google.com/maps/contrib/108025642515924364004/reviews?hl=ko-KR
ChZDSUhNMG9nS0VJQ0FnSUNVb3F2SGZnEAE,잠시ㅜ쉬어 갈 수 있는곳,1년 전,36:19.0,Juhong Song,0,0,https://www.google.com/maps/contrib/110741616979968753504/reviews?hl=ko-KR
ChdDSUhNMG9nS0VJQ0FnSUNVck9IeTlRRRAB,,1년 전,36:19.0,정재훈,0,0,https://www.google.com/maps/contrib/114941687628861769625/reviews?hl=ko-KR
ChdDSUhNMG9nS0VJQ0FnSUNVOFBiRF9BRRAB,,1년 전,36:19.0,최동규,0,0,https://www.google.com/maps/contrib/107350319604992687946/reviews?hl=ko-KR
ChZDSUhNMG9nS0VJQ0FnSURrXzlqd0RREAE,이곳은 백남준 선생이 어렸을때 살던 큰 저택 중에 아주 일부분인 대문간임. 우리나라에 2대밖에 없던 캐딜락 승용차중의 1대를 소요했던 갑부집의 아들로 태어난 선생의 어렸을 적 생활과 그분의 생애와 예술 세계를 잘 보여주는 전시물이 있으며 도스트 선생님의 열정적인 설명이 너무 좋았음. 매주 토요일 오후3시에 도슨트의 설명을 들을 수 있음. 관람객이 그리 많지않아 한적한 관람을 즐길 수 있으며 입구에 백남준 카페에서는 저렴하게 커피 등 음료들을 판매하고 있음. 선생의 예술 세계를 조금이나마 접할 수 있는 서울 한복판의 명소. 근처에 창신동 골목시장과 봉제역사관 한양도성박물관 등이 있어 걸어서 함께 둘러 볼 수 있음. 과천 국립미술관에 설치되어 있는 다다익선 이라는 선생의 비디오 작품은 브라운관이 고장나고 더 이상 생산이 안되어 보수 방안을 놓고 논의 중이라는데 잘 해결되기를 바람.,1년 전,36:25.5,정직영,0,0,https://www.google.com/maps/contrib/109405310969497934813/reviews?hl=ko-KR
ChdDSUhNMG9nS0VJQ0FnSURrMDdpUjB3RRAB,정적인 곳이라 아이들과 가기촣은곳은 아니에요. 개인 혹은 연인에게 추천,1년 전,36:25.5,라더리뷰,0,0,https://www.google.com/maps/contrib/107333146625878637591/reviews?hl=ko-KR
ChdDSUhNMG9nS0VJQ0FnSURrbzRfcTN3RRAB,특별히 볼만한게 없어요,1년 전,36:25.5,Kyle Yeon,0,0,https://www.google.com/maps/contrib/101783132960711492374/reviews?hl=ko-KR
ChZDSUhNMG9nS0VJQ0FnSURrcmF6ZWFnEAE,,1년 전,36:25.5,김준범,0,0,https://www.google.com/maps/contrib/106693619985390241183/reviews?hl=ko-KR
ChZDSUhNMG9nS0VJQ0FnSURrdWUzcFRREAE,,1년 전,36:25.5,이화열,0,0,https://www.google.com/maps/contrib/113329522525214031282/reviews?hl=ko-KR
ChZDSUhNMG9nS0VJQ0FnSURrN3BHVUpBEAE,,1년 전,36:25.5,최재 철재철 일승 미싱 창신동,0,0,https://www.google.com/maps/contrib/114861360405489706623/reviews?hl=ko-KR
ChZDSUhNMG9nS0VJQ0FnSURrNkxpZ0tREAE,,1년 전,36:25.5,安食弘美,0,0,https://www.google.com/maps/contrib/114814630827073388115/reviews?hl=ko-KR
ChZDSUhNMG9nS0VJQ0FnSUNFclBiRUhBEAE,,1년 전,36:25.5,潘妙琦,0,0,https://www.google.com/maps/contrib/110682801400554270655/reviews?hl=ko-KR
ChdDSUhNMG9nS0VJQ0FnSUM0b291am53RRAB,,1년 전,36:25.5,이영자,0,0,https://www.google.com/maps/contrib/113505671560727747941/reviews?hl=ko-KR
ChZDSUhNMG9nS0VJQ0FnSUM0cUxfSGVnEAE,,1년 전,36:25.5,김근호,0,0,https://www.google.com/maps/contrib/103000514572134744126/reviews?hl=ko-KR
ChdDSUhNMG9nS0VJQ0FnSUM0b05XRG1nRRAB,그곳이 백남준 기념관이 있는줄은 몰랐어요 이기자기 꾸며 있고 백남준의 모든것이 축소 해서 있는곳 백남준이  어린시절 살았던 곳이라함 백남준 생전에 와보고 싶었는데 못왔다고함 해설가의 설명을 들으니 많이 이해가됌,1년 전,36:31.8,박형규,0,0,https://www.google.com/maps/contrib/100495063147220881573/reviews?hl=ko-KR
ChZDSUhNMG9nS0VJQ0FnSURZNzl6dlNnEAE,,1년 전,36:31.8,윤남기,0,0,https://www.google.com/maps/contrib/106628682358950771808/reviews?hl=ko-KR
ChdDSUhNMG9nS0VJQ0FnSURZbDZMazF3RRAB,,1년 전,36:31.8,Jaeug Park,0,0,https://www.google.com/maps/contrib/112577694881247626909/reviews?hl=ko-KR
ChdDSUhNMG9nS0VJQ0FnSURZNDZEajJnRRAB,,1년 전,36:31.8,알아서머하게,0,0,https://www.google.com/maps/contrib/111008845274645780462/reviews?hl=ko-KR
ChZDSUhNMG9nS0VJQ0FnSURZLXBEd0x3EAE,,1년 전,36:31.8,신상종,0,0,https://www.google.com/maps/contrib/105818558413733987965/reviews?hl=ko-KR
ChdDSUhNMG9nS0VJQ0FnSURZbk03UjZBRRAB,,1년 전,36:31.8,Gray hair Cindy,0,0,https://www.google.com/maps/contrib/115297217351381777287/reviews?hl=ko-KR
ChdDSUhNMG9nS0VJQ0FnSURZNkktODJBRRAB,"(Google 번역 제공) 아티스트에 대한 흥미로운 것들로 아주 좋은 작은 한옥. 주로 멋진 멀티미디어 디스플레이와 카페가있는 한국어로.  (원문) Very nice little hanok with some interesting stuff about the artist. Mostly in Korean, with some cool multimedia displays and a cafe.",1년 전,36:31.8,Jon Dunbar,0,0,https://www.google.com/maps/contrib/111349408620211716133/reviews?hl=ko-KR
ChZDSUhNMG9nS0VJQ0FnSUNZNmVURkhBEAE,깔끔하게 인테리어되어있다. 카페가 있다,1년 전,36:31.8,곽민희,0,0,https://www.google.com/maps/contrib/102324347568258160673/reviews?hl=ko-KR
ChZDSUhNMG9nS0VJQ0FnSUNZamRfNGNREAE,"도심에서 쉽게 찾을 수 있는 전시장이다. 전시품이나 규모는 소규모로 상당히 작지만, 카페와 앉아 쉴수있는 벤치가 있어 작은 쉼터같은 곳이다.",1년 전,36:31.8,이창환,0,0,https://www.google.com/maps/contrib/111860339806040729665/reviews?hl=ko-KR
ChdDSUhNMG9nS0VJQ0FnSUNvdTR5RjhnRRAB,,1년 전,36:31.8,안성준,0,0,https://www.google.com/maps/contrib/107916640585057978603/reviews?hl=ko-KR
ChZDSUhNMG9nS0VJQ0FnSUNvby0zalRREAE,,1년 전,36:38.3,조정희,0,0,https://www.google.com/maps/contrib/101891316784683368300/reviews?hl=ko-KR
ChdDSUhNMG9nS0VJQ0FnSUNvOVltZ3h3RRAB,,1년 전,36:38.3,이호윤,0,0,https://www.google.com/maps/contrib/113055763784830738457/reviews?hl=ko-KR
ChZDSUhNMG9nS0VJQ0FnSUNvc3FHMUNBEAE,"(Google 번역 제공) 이 작은 기념관은 백남준의 일대기와 그의 작품에 대한 철저한 설명을 제공합니다. 그의 가족이 어렸을 때 살았던 거대한 집은 똑같은 자리에있었습니다. 여기 주변을 둘러 볼 것은 많지 않지만 흥미롭고 의미있는 곳입니다.  (원문) This small memorial house provides thorough explanation about Baek Namjun's biography and the outlook on his art. The huge house in which his family used to live when he was young was located on the exact same spot. There are not many things to look around here, but it is an interesting and meaningful place to stop by.",1년 전,36:38.3,Ali Cho,0,0,https://www.google.com/maps/contrib/103785581062009950317/reviews?hl=ko-KR
ChZDSUhNMG9nS0VJQ0FnSUNvM01DcFdBEAE,비디오아트의 거장,1년 전,36:38.3,케인인,0,0,https://www.google.com/maps/contrib/103905089892870458730/reviews?hl=ko-KR
ChdDSUhNMG9nS0VJQ0FnSUNvdUpUdjJBRRAB,,1년 전,36:38.3,gone with the wind gwtw,0,0,https://www.google.com/maps/contrib/100773759734112705720/reviews?hl=ko-KR
ChZDSUhNMG9nS0VJQ0FnSURJaVpiVWJnEAE,,1년 전,36:38.3,강호파파,0,0,https://www.google.com/maps/contrib/114945981420137102521/reviews?hl=ko-KR
ChdDSUhNMG9nS0VJQ0FnSURJbm9mOTh3RRAB,,1년 전,36:38.3,서인영,0,0,https://www.google.com/maps/contrib/116006403269745416731/reviews?hl=ko-KR
ChdDSUhNMG9nS0VJQ0FnSURJdHFpZ3lBRRAB,,1년 전,36:38.4,E H,0,0,https://www.google.com/maps/contrib/106599859405098635507/reviews?hl=ko-KR
ChZDSUhNMG9nS0VJQ0FnSURJbEp2U0JREAE,은근 멋진곳~,1년 전,36:38.4,김정희,0,0,https://www.google.com/maps/contrib/108148979672803477556/reviews?hl=ko-KR
ChZDSUhNMG9nS0VJQ0FnSURRcmN6MlR3EAE,,2년 전,36:38.4,천성근,0,0,https://www.google.com/maps/contrib/115272088133166463643/reviews?hl=ko-KR
ChdDSUhNMG9nS0VJQ0FnSUNnOWZYNTR3RRAB,구민회관가는길에잇는기념관임.,2년 전,36:44.8,young ha Choi,0,0,https://www.google.com/maps/contrib/117895033303187120147/reviews?hl=ko-KR
ChdDSUhNMG9nS0VJQ0FnSUNnOGRxSXZBRRAB,,2년 전,36:44.8,raz chapagain,0,0,https://www.google.com/maps/contrib/104707236220005075565/reviews?hl=ko-KR
ChdDSUhNMG9nS0VJQ0FnSUNRLTZEZl93RRAB,백남준이 살던 터이지 살던 집 아닙니다. 새로 지어진 한옥 건물이에요. 백남준이 살던 집은 훨~~씬 넓고 엄청난 부잣집이였다고 해요 ^^; 그리고 백남준 작품 하나 없는 기념관은 좀 그랬어요. 백남준 작가 작품인줄 보면 모두 김상돈 작가 작품들.. 오마주 작품들이겠죠? ^^;,2년 전,36:44.8,chongminji,0,0,https://www.google.com/maps/contrib/107663266385029577901/reviews?hl=ko-KR
ChdDSUhNMG9nS0VJQ0FnSUN3NXE3VXNRRRAB,무료이며 좋은데 주차장이 없음,2년 전,36:44.8,정아란,0,0,https://www.google.com/maps/contrib/101244469310137399935/reviews?hl=ko-KR
ChZDSUhNMG9nS0VJQ0FnSUN3b0lmY0lREAE,,2년 전,36:44.8,m fk,0,0,https://www.google.com/maps/contrib/113438109110734397394/reviews?hl=ko-KR
ChdDSUhNMG9nS0VJQ0FnSUN3cnUtR3p3RRAB,체험을 할 수있는 박물관,2년 전,36:44.8,Sung-Yong Kim,0,0,https://www.google.com/maps/contrib/100391760024413804580/reviews?hl=ko-KR
ChZDSUhNMG9nS0VJQ0FnSURRNGZ5N0tnEAE,백남준 생애를 영상을 통해 특이하게 체험한 것이 인상적이었다 규모는 작지만 알찼다,2년 전,36:44.8,황혜숙,0,0,https://www.google.com/maps/contrib/104324102609117963964/reviews?hl=ko-KR
ChZDSUhNMG9nS0VJQ0FnSUNReHFmTU9BEAE,,2년 전,36:44.8,박은옥,0,0,https://www.google.com/maps/contrib/104819026567457773191/reviews?hl=ko-KR
ChZDSUhNMG9nS0VJQ0FnSUNna3NubGJ3EAE,,2년 전,36:44.8,이선,0,0,https://www.google.com/maps/contrib/105004161259232199060/reviews?hl=ko-KR
ChZDSUhNMG9nS0VJQ0FnSURBdGM3UUx3EAE,들어가시면 보지만 마시고 앉아서 꼭 체험을 해보세요. 백남준의 비디오 아트를 느낄수가 있어요. 예술에 가까이 가게 됩니다.,2년 전,36:44.8,남효갑,0,0,https://www.google.com/maps/contrib/108749908507724901762/reviews?hl=ko-KR
ChdDSUhNMG9nS0VJQ0FnSURBdzZYVjJ3RRAB,,2년 전,36:51.3,이세훈,0,0,https://www.google.com/maps/contrib/104747819468505900571/reviews?hl=ko-KR
ChZDSUhNMG9nS0VJQ0FnSURReV9tNEtBEAE,"한국이 낳은 현대 전위 예술인 백남준(1932~2006)의 삶과 예술을 기억하는 집. 1932년 서울 종로에서 태어났고,1950년 한국을 떠나 일본,독일,미국을 기반으로 예술활동을 하다가 2006년 미국에서 타계했다. 서울시가 2015년에 창신,숭인 도시재생 선도사업을 추진하는 과정에 지역주민들의 의견을 수렴해서 백남준이 1937년부터 1950년까지 성장기를 보낸 창신동 197번지 일대에 위치한 이 한옥(실제 거주했던 집은 아님)을 매입했고, 이를 백남준기념관으로 조성한 것이다. 작가의 가족,친지,예술인,학생,주민 등이 참여했던 여러 프로그램을 통해 백남준의 의미를 재발견할 수 있다.",2년 전,36:51.3,Eee Ccc,0,0,https://www.google.com/maps/contrib/111257354853150243078/reviews?hl=ko-KR
ChdDSUhNMG9nS0VJQ0FnSUNRellMVzh3RRAB,,2년 전,36:51.3,강태원,0,0,https://www.google.com/maps/contrib/104283089582834803887/reviews?hl=ko-KR
ChZDSUhNMG9nS0VJQ0FnSURRa3RYY09BEAE,,2년 전,36:51.3,Kyoung Li,0,0,https://www.google.com/maps/contrib/110763741838313349273/reviews?hl=ko-KR
ChZDSUhNMG9nS0VJQ0FnSUNRc2RHeVd3EAE,아티스트 백남준님이 살던 집터를 기념관으로 개조하여 전시장으로 활용하고 있습니다. 많은 전시물이 있지는 않지만 백남준 님이 살던 그 집이 전시장이 되어 근대문화유산으로 관리하는 것은 꼭 필요하다고 봅니다.,2년 전,36:51.3,이승동,0,0,https://www.google.com/maps/contrib/116845160555010078330/reviews?hl=ko-KR
ChdDSUhNMG9nS0VJQ0FnSUN3Z2FHNmpBRRAB,,3년 전,36:51.3,SeungHwan Moon,0,0,https://www.google.com/maps/contrib/105646544178063004226/reviews?hl=ko-KR
,작고 알찬곳,,,,,,
,좋아요,,,,,,
,"볼거리가 많지는 않은데, 전시품 중에 몇 가지가 재미있어서 잘 보고 나왔습니다. 한옥으로 꾸민 건물이 자그마한 게 예쁘더군요. 카페는 들어가지 않고 밖에서만 봤는데, 눈오는 겨울에 안에서 차를 마시면 좋을 것 같았습니다.",,,,,,
,좋아요,,,,,,
,도슨트랑 같이 들으면 좋아요. 내부에 카페도 괜찮음 ,,,,,,
,최고예요,,,,,,
,창신동의 명소 백남준 기념관 까페! 조용하고 가격도 착해서 더 좋은 곳이에요. 음료도 모두 맛있어요!,,,,,,
