﻿id_review,caption,relative_date,retrieval_date,username,n_review_user,n_photo_user,url_user
ChdDSUhNMG9nS0VJQ0FnSUNpanZHVDRnRRAB,,1주 전,2020-11-10 21:47:15.064312,남시복,0,0,https://www.google.com/maps/contrib/101642961504638917490/reviews?hl=ko-KR
ChZDSUhNMG9nS0VJQ0FnSUNpbG9feUhBEAE,,1주 전,2020-11-10 21:47:15.065309,강지형ᆞHarnepher,0,0,https://www.google.com/maps/contrib/115790837908132563385/reviews?hl=ko-KR
ChZDSUhNMG9nS0VJQ0FnSURDczV1Mk13EAE,(Google 번역 제공) 아름다운 교회!  (원문) Beautiful church!,4주 전,2020-11-10 21:47:15.066250,Kristine Shin,0,0,https://www.google.com/maps/contrib/108674626930696172008/reviews?hl=ko-KR
ChdDSUhNMG9nS0VJQ0FnSURDMWVuc3Z3RRAB,금요일마다 예배를 정동교회에서 했다. 매번 정동교회에서 오케스트라와 합창단 연주를 보고 목사님 설교를 들으며 나도 세례를 받을까 꿈 꾸던 때가 있었다. 예배 끝나고 구두 또각 또각 소리 내며 친구들이랑 학교로 다시 걸어가는 게 재밌었는데.. 세월이 참!..,1달 전,2020-11-10 21:47:15.066250,Bu blur,0,0,https://www.google.com/maps/contrib/114403540288213368807/reviews?hl=ko-KR
ChZDSUhNMG9nS0VJQ0FnSURDdVlDaFBBEAE,우리나라 최초의 감리교.,1달 전,2020-11-10 21:47:15.067247,JC MOON,0,0,https://www.google.com/maps/contrib/111765736602547010978/reviews?hl=ko-KR
ChdDSUhNMG9nS0VJQ0FnSURDb2Z5RG9BRRAB,너무 이뻐여,1달 전,2020-11-10 21:47:15.067247,Eunae Lee,0,0,https://www.google.com/maps/contrib/110692832052758731400/reviews?hl=ko-KR
ChdDSUhNMG9nS0VJQ0FnSUQwcXBxc25BRRAB,언제와도 옛스러운 문화재예배당과 아름다운 정동길이 있는곳,2달 전,2020-11-10 21:47:15.068300,김지훈,0,0,https://www.google.com/maps/contrib/108671000637073391317/reviews?hl=ko-KR
ChdDSUhNMG9nS0VJQ0FnSUQ4cWZ2RWtnRRAB,,3달 전,2020-11-10 21:47:15.068300,최원식,0,0,https://www.google.com/maps/contrib/112676780284476720785/reviews?hl=ko-KR
ChdDSUhNMG9nS0VJQ0FnSUM4cHJINHFnRRAB,,4달 전,2020-11-10 21:47:15.069302,정운기,0,0,https://www.google.com/maps/contrib/114963818545452667966/reviews?hl=ko-KR
ChdDSUhNMG9nS0VJQ0FnSURjNnB1LXVnRRAB,알기쉬워요,5달 전,2020-11-10 21:47:15.070295,이영재,0,0,https://www.google.com/maps/contrib/113553210021262465606/reviews?hl=ko-KR
ChZDSUhNMG9nS0VJQ0FnSURjdVBLUVFBEAE,,5달 전,2020-11-10 21:47:15.071291,J K,0,0,https://www.google.com/maps/contrib/106057655140728690313/reviews?hl=ko-KR
ChdDSUhNMG9nS0VJQ0FnSUNjbC1MQTZ3RRAB,,6달 전,2020-11-10 21:47:15.071291,함인용,0,0,https://www.google.com/maps/contrib/101569503644992258302/reviews?hl=ko-KR
ChdDSUhNMG9nS0VJQ0FnSUNjaV91TThBRRAB,,7달 전,2020-11-10 21:47:15.072295,HC Kim,0,0,https://www.google.com/maps/contrib/115429783982625958362/reviews?hl=ko-KR
ChZDSUhNMG9nS0VJQ0FnSURzMU9fTlBBEAE,,8달 전,2020-11-10 21:47:15.073274,min kyung chae,0,0,https://www.google.com/maps/contrib/100093545308347030030/reviews?hl=ko-KR
ChdDSUhNMG9nS0VJQ0FnSURzNUxUVTJRRRAB,,8달 전,2020-11-10 21:47:15.074224,Kim Seungmin,0,0,https://www.google.com/maps/contrib/104885391388190427822/reviews?hl=ko-KR
ChZDSUhNMG9nS0VJQ0FnSURzcUppaEJnEAE,,8달 전,2020-11-10 21:47:15.074224,HL N,0,0,https://www.google.com/maps/contrib/104431444809356994856/reviews?hl=ko-KR
ChdDSUhNMG9nS0VJQ0FnSURzNExLYTdRRRAB,,8달 전,2020-11-10 21:47:15.075283,이강민,0,0,https://www.google.com/maps/contrib/105207618674042768616/reviews?hl=ko-KR
ChdDSUhNMG9nS0VJQ0FnSURzd0lyWGp3RRAB,,8달 전,2020-11-10 21:47:15.075283,권영란,0,0,https://www.google.com/maps/contrib/104890949729595370708/reviews?hl=ko-KR
ChdDSUhNMG9nS0VJQ0FnSUNzM2JUT3J3RRAB,이승만 전 대통령의 입관예베가 치뤄진 아주 역사적인 곳. 내부도 낡았지만 고풍스럽고 아름답다.,8달 전,2020-11-10 21:47:15.076218,Jiyeon Lee,0,0,https://www.google.com/maps/contrib/106731948022031947827/reviews?hl=ko-KR
ChZDSUhNMG9nS0VJQ0FnSUNza2VxX1Z3EAE,역사와 전통을 자랑하는 한국의 모교회로서 덕수궁 돌담길을 따라가다 보면 도심속의 고즈넉함을  만나게 되는 장소이다,9달 전,2020-11-10 21:47:15.077275,Gun young Kim,0,0,https://www.google.com/maps/contrib/106029949995876368117/reviews?hl=ko-KR
ChZDSUhNMG9nS0VJQ0FnSUNzcnNfYkl3EAE,,9달 전,2020-11-10 21:47:21.395436,Pete Song,0,0,https://www.google.com/maps/contrib/106285577566779297910/reviews?hl=ko-KR
ChdDSUhNMG9nS0VJQ0FnSUNzanJfTzlRRRAB,지나다가...  ^^  ...,9달 전,2020-11-10 21:47:21.395436,이승택,0,0,https://www.google.com/maps/contrib/103371139164737429160/reviews?hl=ko-KR
ChdDSUhNMG9nS0VJQ0FnSUNzNXJYMnVnRRAB,,9달 전,2020-11-10 21:47:21.396432,소경국,0,0,https://www.google.com/maps/contrib/100533243417279158775/reviews?hl=ko-KR
ChdDSUhNMG9nS0VJQ0FnSUNzLXEzNXBnRRAB,,9달 전,2020-11-10 21:47:21.396432,Ashwaq اشواق,0,0,https://www.google.com/maps/contrib/116416534620254967280/reviews?hl=ko-KR
ChZDSUhNMG9nS0VJQ0FnSUNzOHQzZVdBEAE,,9달 전,2020-11-10 21:47:21.396432,Yoonhee Kim,0,0,https://www.google.com/maps/contrib/107981192021634895885/reviews?hl=ko-KR
ChZDSUhNMG9nS0VJQ0FnSUNzeU5PLU9nEAE,,9달 전,2020-11-10 21:47:21.397429,Cheol Won Yoon,0,0,https://www.google.com/maps/contrib/107198089915855616949/reviews?hl=ko-KR
ChZDSUhNMG9nS0VJQ0FnSURNazgtZE1nEAE,,9달 전,2020-11-10 21:47:21.397429,박정식,0,0,https://www.google.com/maps/contrib/106049734024074469455/reviews?hl=ko-KR
ChZDSUhNMG9nS0VJQ0FnSURNcWJPYlRREAE,어릴적 고향,10달 전,2020-11-10 21:47:21.398426,김경희,0,0,https://www.google.com/maps/contrib/111208017950072739309/reviews?hl=ko-KR
ChZDSUhNMG9nS0VJQ0FnSURNaWFMbE9REAE,(Google 번역 제공) 역사적으로 유명합니다. 1800 년대 후반에 설립되었습니다. 교구민들은 매우 환영했다. 그것은 주에서 감리교 봉사를하는 것과 같았습니다. 멋진 경험이었습니다  (원문) It's historically famous. Was established in the late 1800s. The parishioners were very welcoming. It was like going to Methodist services in the states. It was a wonderful experience,10달 전,2020-11-10 21:47:21.399423,won kim,0,0,https://www.google.com/maps/contrib/116562104118358694601/reviews?hl=ko-KR
ChZDSUhNMG9nS0VJQ0FnSURNNGVDQmRREAE,,10달 전,2020-11-10 21:47:21.399423,박지태,0,0,https://www.google.com/maps/contrib/108518257054792667578/reviews?hl=ko-KR
ChdDSUhNMG9nS0VJQ0FnSURNX29PRWdBRRAB,,10달 전,2020-11-10 21:47:27.713018,유현,0,0,https://www.google.com/maps/contrib/111279649580160735472/reviews?hl=ko-KR
ChdDSUhNMG9nS0VJQ0FnSURNem9tTXFnRRAB,웅장하면서 친근한 건물 주변도 멋지다,10달 전,2020-11-10 21:47:27.713018,H,0,0,https://www.google.com/maps/contrib/107789409719748926007/reviews?hl=ko-KR
ChZDSUhNMG9nS0VJQ0FnSURNenZMbkF3EAE,,10달 전,2020-11-10 21:47:27.714010,Min-kyou Kim,0,0,https://www.google.com/maps/contrib/114847377246893179614/reviews?hl=ko-KR
ChdDSUhNMG9nS0VJQ0FnSURNeE5iVXBRRRAB,,10달 전,2020-11-10 21:47:27.714010,Kyeong Geun You,0,0,https://www.google.com/maps/contrib/106149836121622718739/reviews?hl=ko-KR
ChdDSUhNMG9nS0VJQ0FnSURNdU9Mc3pnRRAB,,10달 전,2020-11-10 21:47:27.715009,Chang,0,0,https://www.google.com/maps/contrib/104113123621046633994/reviews?hl=ko-KR
ChZDSUhNMG9nS0VJQ0FnSURNaUt6MkpREAE,,10달 전,2020-11-10 21:47:27.715009,강민지,0,0,https://www.google.com/maps/contrib/111685752919959355935/reviews?hl=ko-KR
ChdDSUhNMG9nS0VJQ0FnSURNaUlqNHl3RRAB,,10달 전,2020-11-10 21:47:27.716004,윤알렉스,0,0,https://www.google.com/maps/contrib/105968336674524123187/reviews?hl=ko-KR
ChdDSUhNMG9nS0VJQ0FnSURNc0ltMHR3RRAB,,10달 전,2020-11-10 21:47:27.716004,조정민,0,0,https://www.google.com/maps/contrib/115295492453623077071/reviews?hl=ko-KR
ChZDSUhNMG9nS0VJQ0FnSUNNMTV5cUZBEAE,(Google 번역 제공) 어머니 교회  (원문) Mother church,11달 전,2020-11-10 21:47:27.717001,Heetae Yu,0,0,https://www.google.com/maps/contrib/116366958611358333386/reviews?hl=ko-KR
ChdDSUhNMG9nS0VJQ0FnSUNNNi1pRDlnRRAB,국부 이승만대통령을 배출한 배재학당출신 합창단 발표회에 참석😀,11달 전,2020-11-10 21:47:27.717001,SM R,0,0,https://www.google.com/maps/contrib/111849852909490949690/reviews?hl=ko-KR
ChdDSUhNMG9nS0VJQ0FnSUNNeTgzTjhBRRAB,역사적 교회,11달 전,2020-11-10 21:47:34.085709,Jong doo Choi,0,0,https://www.google.com/maps/contrib/114860267039631454906/reviews?hl=ko-KR
ChdDSUhNMG9nS0VJQ0FnSUNNcy1Eem13RRAB,,11달 전,2020-11-10 21:47:34.085709,Un Jung Park Park,0,0,https://www.google.com/maps/contrib/113395671737366320830/reviews?hl=ko-KR
ChZDSUhNMG9nS0VJQ0FnSUNNOTlyRUtnEAE,아주 성스러운 역사가 새롭게 시작된곳.,11달 전,2020-11-10 21:47:34.086711,전호천,0,0,https://www.google.com/maps/contrib/110639213799045251197/reviews?hl=ko-KR
ChZDSUhNMG9nS0VJQ0FnSUNNbzRHUVl3EAE,,11달 전,2020-11-10 21:47:34.087652,백선욱,0,0,https://www.google.com/maps/contrib/103208211688618476152/reviews?hl=ko-KR
ChZDSUhNMG9nS0VJQ0FnSUNNc1k3eUtBEAE,좋아요.,11달 전,2020-11-10 21:47:34.087652,안현애,0,0,https://www.google.com/maps/contrib/114991217629209955143/reviews?hl=ko-KR
ChZDSUhNMG9nS0VJQ0FnSUNNdnZEclJnEAE,직장인들의 정오예배,11달 전,2020-11-10 21:47:34.088705,김성호,0,0,https://www.google.com/maps/contrib/112106527544124116113/reviews?hl=ko-KR
ChdDSUhNMG9nS0VJQ0FnSUQwdmJUYzdRRRAB,,11달 전,2020-11-10 21:47:34.088705,gilsun kim,0,0,https://www.google.com/maps/contrib/100376353696383950276/reviews?hl=ko-KR
ChdDSUhNMG9nS0VJQ0FnSUQwbWJ1WjFBRRAB,,11달 전,2020-11-10 21:47:34.089700,박일한,0,0,https://www.google.com/maps/contrib/115003537935013734722/reviews?hl=ko-KR
ChdDSUhNMG9nS0VJQ0FnSUQwaVlTa3VRRRAB,고풍스러운교회. 정동길과 잘어울림,1년 전,2020-11-10 21:47:34.090697,b moonogy,0,0,https://www.google.com/maps/contrib/101633230245988109441/reviews?hl=ko-KR
ChdDSUhNMG9nS0VJQ0FnSUQweHZmSHB3RRAB,국내 최고의 오케스트라를 갖춘 교회. 인정.,1년 전,2020-11-10 21:47:34.091639,허상,0,0,https://www.google.com/maps/contrib/112229823767748931070/reviews?hl=ko-KR
ChZDSUhNMG9nS0VJQ0FnSUQweHN1bVVBEAE,,1년 전,2020-11-10 21:47:40.521326,Google 사용자,0,0,https://www.google.com/maps/contrib/106356404677197723243/reviews?hl=ko-KR
ChdDSUhNMG9nS0VJQ0FnSUQwbFBHZm1RRRAB,한국최초의 교회,1년 전,2020-11-10 21:47:40.522292,박성영,0,0,https://www.google.com/maps/contrib/114598148716774970551/reviews?hl=ko-KR
ChdDSUhNMG9nS0VJQ0FnSUQwcElPVG1RRRAB,,1년 전,2020-11-10 21:47:40.523272,셰솅,0,0,https://www.google.com/maps/contrib/114069549181592366699/reviews?hl=ko-KR
ChZDSUhNMG9nS0VJQ0FnSUQwNlBIalpnEAE,덕수궁 돌담길옆에 있는 유서깊은 교회인데 아펜젤러 선교사가 세운 한국 최초의 감리교회이고 우리나라 최초로 파이프오르간이 설치된 교회입니다. 유관순열사가 이 교회의 신자였다고 네이버 지식백과에 되어 있습니다.,1년 전,2020-11-10 21:47:40.523272,Youngdo Park,0,0,https://www.google.com/maps/contrib/106870835287968805867/reviews?hl=ko-KR
ChZDSUhNMG9nS0VJQ0FnSUQwbUlTTFpREAE,,1년 전,2020-11-10 21:47:40.524218,최철규,0,0,https://www.google.com/maps/contrib/108030913947179244379/reviews?hl=ko-KR
ChdDSUhNMG9nS0VJQ0FnSUQwaUptMzV3RRAB,,1년 전,2020-11-10 21:47:40.525217,sehoon kim,0,0,https://www.google.com/maps/contrib/105160619267060841770/reviews?hl=ko-KR
ChdDSUhNMG9nS0VJQ0FnSUQwc09UNjZRRRAB,,1년 전,2020-11-10 21:47:40.526218,이채원,0,0,https://www.google.com/maps/contrib/100621459674261917114/reviews?hl=ko-KR
ChdDSUhNMG9nS0VJQ0FnSUNnbTdxZTRBRRAB,이 건물은 감리교 선교사인 아펜젤러가 자신의 집으로 사용했다가 감리교를 우리나라에 전파하면서 벧엘예배당이 되었답니다. 새문안교회와 서울대성당(성공회) 등 우리나라에서 역사가 깊은 건물이고 제가 알기로는 1887년도에 만들어 진것으로 추정됩니다. 고딕양식 건물이기 때문에 창살패턴이 고딕입니다.,1년 전,2020-11-10 21:47:40.526218,Kimsj영화&미술&음악 연구소,0,0,https://www.google.com/maps/contrib/111789247853698708608/reviews?hl=ko-KR
ChZDSUhNMG9nS0VJQ0FnSUMwX2JydE1nEAE,,1년 전,2020-11-10 21:47:40.527248,teresia R,0,0,https://www.google.com/maps/contrib/115019423806001936748/reviews?hl=ko-KR
ChdDSUhNMG9nS0VJQ0FnSUMwelpTejF3RRAB,성가대찬양이 특히 은혜롭다,1년 전,2020-11-10 21:47:40.528205,이은실,0,0,https://www.google.com/maps/contrib/111944943337237238759/reviews?hl=ko-KR
ChZDSUhNMG9nS0VJQ0FnSUMwMGVhNFJnEAE,(Google 번역 제공) 아멘  (원문) AMEN,1년 전,2020-11-10 21:47:47.002830,박푸른뫼,0,0,https://www.google.com/maps/contrib/118151525564662962855/reviews?hl=ko-KR
ChdDSUhNMG9nS0VJQ0FnSUMwdnZpTGpRRRAB,아름다운장소에요~^^,1년 전,2020-11-10 21:47:47.003762,철웅황,0,0,https://www.google.com/maps/contrib/111268244978653937905/reviews?hl=ko-KR
ChZDSUhNMG9nS0VJQ0FnSUMwM3N2TGNREAE,,1년 전,2020-11-10 21:47:47.003762,장영도,0,0,https://www.google.com/maps/contrib/108824074455139256257/reviews?hl=ko-KR
ChZDSUhNMG9nS0VJQ0FnSUMwcWRTVVBBEAE,,1년 전,2020-11-10 21:47:47.004811,Hyun Yong Kwak,0,0,https://www.google.com/maps/contrib/110488049196024824725/reviews?hl=ko-KR
ChdDSUhNMG9nS0VJQ0FnSUMwcXJXazFRRRAB,,1년 전,2020-11-10 21:47:47.004811,김효창,0,0,https://www.google.com/maps/contrib/117829079498483028847/reviews?hl=ko-KR
ChdDSUhNMG9nS0VJQ0FnSUMwelBhLTRnRRAB,최초의 감리교회 그리고 오래된 예배당. 시청 주변의 종교 시설로서 꼭 방문 추천합니다.,1년 전,2020-11-10 21:47:47.005809,Dazibao Kim,0,0,https://www.google.com/maps/contrib/115908869034412336099/reviews?hl=ko-KR
ChZDSUhNMG9nS0VJQ0FnSUMwNExtMEx3EAE,,1년 전,2020-11-10 21:47:47.005809,Leonard Lee,0,0,https://www.google.com/maps/contrib/103527954952754621326/reviews?hl=ko-KR
ChZDSUhNMG9nS0VJQ0FnSUMwb0xldEJBEAE,,1년 전,2020-11-10 21:47:47.006809,Gavin Chen,0,0,https://www.google.com/maps/contrib/116218881701046966692/reviews?hl=ko-KR
ChdDSUhNMG9nS0VJQ0FnSURVNy1Yam1nRRAB,,1년 전,2020-11-10 21:47:47.007749,이권,0,0,https://www.google.com/maps/contrib/116497681855694232091/reviews?hl=ko-KR
ChZDSUhNMG9nS0VJQ0FnSURVbDVhZFp3EAE,아름다운 교회 건물,1년 전,2020-11-10 21:47:47.007749,박철호,0,0,https://www.google.com/maps/contrib/117475689050087850281/reviews?hl=ko-KR
ChdDSUhNMG9nS0VJQ0FnSURVaTdhcXl3RRAB,,1년 전,2020-11-10 21:47:53.510297,jaegeon shim,0,0,https://www.google.com/maps/contrib/100506234373172763854/reviews?hl=ko-KR
ChZDSUhNMG9nS0VJQ0FnSURVaTR5SGNREAE,유관순열사가 태극기를 만들던 벧엘성전도 그렇고 전체적으로 분위기가너무좋아요.,1년 전,2020-11-10 21:47:53.511287,JIHO LIM,0,0,https://www.google.com/maps/contrib/100532609766992236949/reviews?hl=ko-KR
ChdDSUhNMG9nS0VJQ0FnSURVN2ItWHpRRRAB,역사적인 건물,1년 전,2020-11-10 21:47:53.511287,Joanne Lee,0,0,https://www.google.com/maps/contrib/116877316212139281435/reviews?hl=ko-KR
ChZDSUhNMG9nS0VJQ0FnSURVN1ptcURnEAE,,1년 전,2020-11-10 21:47:53.512329,Jeffrey,0,0,https://www.google.com/maps/contrib/102688042350853937138/reviews?hl=ko-KR
ChZDSUhNMG9nS0VJQ0FnSURVallULVFnEAE,,1년 전,2020-11-10 21:47:53.512329,강익,0,0,https://www.google.com/maps/contrib/112555589506599410290/reviews?hl=ko-KR
ChdDSUhNMG9nS0VJQ0FnSURVa1o3YzV3RRAB,,1년 전,2020-11-10 21:47:53.513329,JaeKwang Park,0,0,https://www.google.com/maps/contrib/115463525231492925536/reviews?hl=ko-KR
ChZDSUhNMG9nS0VJQ0FnSURVOXNUelRBEAE,,1년 전,2020-11-10 21:47:53.513329,Dongmyung Lee,0,0,https://www.google.com/maps/contrib/106791957578368047332/reviews?hl=ko-KR
ChZDSUhNMG9nS0VJQ0FnSURVNXB5QkRREAE,유서깊은 교회당,1년 전,2020-11-10 21:47:53.514332,후딱,0,0,https://www.google.com/maps/contrib/114495598343999544890/reviews?hl=ko-KR
ChZDSUhNMG9nS0VJQ0FnSURVLXNxNkVBEAE,,1년 전,2020-11-10 21:47:53.514332,파아란,0,0,https://www.google.com/maps/contrib/109699886172932208784/reviews?hl=ko-KR
ChZDSUhNMG9nS0VJQ0FnSURVd3ZtalhnEAE,,1년 전,2020-11-10 21:47:53.515329,강석진,0,0,https://www.google.com/maps/contrib/112219902815212218915/reviews?hl=ko-KR
ChZDSUhNMG9nS0VJQ0FnSURVM1AtOFhREAE,,1년 전,2020-11-10 21:48:00.024666,홍성근,0,0,https://www.google.com/maps/contrib/117541823562616150738/reviews?hl=ko-KR
ChdDSUhNMG9nS0VJQ0FnSURVM01IZS1BRRAB,역사가 있는 교회 재건축으로 더 멋지네요 1층 로비 전시실 좋아요,1년 전,2020-11-10 21:48:00.025661,Hee BL,0,0,https://www.google.com/maps/contrib/100964729058863642559/reviews?hl=ko-KR
ChZDSUhNMG9nS0VJQ0FnSURVbE9QT1VnEAE,,1년 전,2020-11-10 21:48:00.026664,정진우,0,0,https://www.google.com/maps/contrib/105362560677677703692/reviews?hl=ko-KR
ChdDSUhNMG9nS0VJQ0FnSURVaU02czBBRRAB,그냥 좀 오래되보이는 교회. 내부는 리모델링해서 현대식,1년 전,2020-11-10 21:48:00.027655,재하,0,0,https://www.google.com/maps/contrib/108347472225348914984/reviews?hl=ko-KR
ChdDSUhNMG9nS0VJQ0FnSURVNExhUnZ3RRAB,,1년 전,2020-11-10 21:48:00.027655,Dongeun Shin,0,0,https://www.google.com/maps/contrib/116625058645737489480/reviews?hl=ko-KR
ChZDSUhNMG9nS0VJQ0FnSUNVcC1Pb1d3EAE,,1년 전,2020-11-10 21:48:00.028686,Jinsung Park,0,0,https://www.google.com/maps/contrib/100211522972392994141/reviews?hl=ko-KR
ChdDSUhNMG9nS0VJQ0FnSUNVdTZHZjNBRRAB,,1년 전,2020-11-10 21:48:00.029682,Bryan Kim,0,0,https://www.google.com/maps/contrib/110713292672809226880/reviews?hl=ko-KR
ChdDSUhNMG9nS0VJQ0FnSUNVb0xtTzBRRRAB,이곳은 초대감리교회입니다 벧엘예배당은  그당시 그대로 문화 유산으로 보존되고 있읍니다,1년 전,2020-11-10 21:48:00.029682,김효경,0,0,https://www.google.com/maps/contrib/105910517396795553178/reviews?hl=ko-KR
ChZDSUhNMG9nS0VJQ0FnSUNVbTRTdmR3EAE,전부터 담임 목사가 설교할 때 정부 비판을 많이 하시면서 하나님 말씀을 정치적으로 이용하시는 편이었는데 저번주엔 관용이라는 주제로 용서는 피해자만 할 수 있다며 위안부나 강제징용 문제에 있어서고 일본을 용서해야한다는 기가찬 설교를 하시더라고요. 요즘 일본 제품 불매운동 하는데 이 교회도 친일교회 같으니 마찬가지로 가지 않으려고 합니다.,1년 전,2020-11-10 21:48:00.030646,Eunhye Bae,0,0,https://www.google.com/maps/contrib/117101266395231733414/reviews?hl=ko-KR
ChdDSUhNMG9nS0VJQ0FnSUNVcTVlZTh3RRAB,핸리 아페젤러 선교사에 의해 설립된 우리나라 최초의 감리교회 입니다.,1년 전,2020-11-10 21:48:00.031676,Matilda Hong,0,0,https://www.google.com/maps/contrib/114421102917624683168/reviews?hl=ko-KR
ChdDSUhNMG9nS0VJQ0FnSUNVcm9pNThnRRAB,,1년 전,2020-11-10 21:48:06.651303,종우,0,0,https://www.google.com/maps/contrib/117052273425389260086/reviews?hl=ko-KR
ChdDSUhNMG9nS0VJQ0FnSUNVdkpQOTJBRRAB,,1년 전,2020-11-10 21:48:06.651303,장호진,0,0,https://www.google.com/maps/contrib/101734598228810685098/reviews?hl=ko-KR
ChZDSUhNMG9nS0VJQ0FnSUNVNEwtQ1hREAE,,1년 전,2020-11-10 21:48:06.652299,임병재,0,0,https://www.google.com/maps/contrib/117578191749222491151/reviews?hl=ko-KR
ChZDSUhNMG9nS0VJQ0FnSUNVb01hYk5BEAE,,1년 전,2020-11-10 21:48:06.652299,SungHo Yoon,0,0,https://www.google.com/maps/contrib/102827008701983589826/reviews?hl=ko-KR
ChZDSUhNMG9nS0VJQ0FnSUNVb09LUFdREAE,,1년 전,2020-11-10 21:48:06.653295,김약해,0,0,https://www.google.com/maps/contrib/100616387196237277515/reviews?hl=ko-KR
ChdDSUhNMG9nS0VJQ0FnSUNVb0tMUW9BRRAB,(Google 번역 제공) 아름다운 교회 ...  (원문) A beautiful church ...,1년 전,2020-11-10 21:48:06.654310,Mwachy Mwachy,0,0,https://www.google.com/maps/contrib/110911812983013764800/reviews?hl=ko-KR
ChdDSUhNMG9nS0VJQ0FnSUNVb0xETTR3RRAB,,1년 전,2020-11-10 21:48:06.654310,마상범,0,0,https://www.google.com/maps/contrib/114184301827245165864/reviews?hl=ko-KR
ChdDSUhNMG9nS0VJQ0FnSURrdjdtNzJnRRAB,,1년 전,2020-11-10 21:48:06.655288,김동수,0,0,https://www.google.com/maps/contrib/110642250448908511503/reviews?hl=ko-KR
ChZDSUhNMG9nS0VJQ0FnSURrdjdhTkp3EAE,,1년 전,2020-11-10 21:48:06.655288,Eunbyul Ko,0,0,https://www.google.com/maps/contrib/104670236129501645959/reviews?hl=ko-KR
ChZDSUhNMG9nS0VJQ0FnSURreDktak5REAE,옛스러워서좋네요~,1년 전,2020-11-10 21:48:06.656285,Sangwoo Lee,0,0,https://www.google.com/maps/contrib/107802803626663005056/reviews?hl=ko-KR
ChdDSUhNMG9nS0VJQ0FnSURrMDZhSmpRRRAB,,1년 전,2020-11-10 21:48:13.243105,ki yeon han,0,0,https://www.google.com/maps/contrib/111787048319042481779/reviews?hl=ko-KR
ChZDSUhNMG9nS0VJQ0FnSURrNDdDM1B3EAE,감동이네요,1년 전,2020-11-10 21:48:13.243105,흥흥해라,0,0,https://www.google.com/maps/contrib/106526078131755270225/reviews?hl=ko-KR
ChZDSUhNMG9nS0VJQ0FnSURrelp1b0tREAE,조카 결혼식으로 방문 좋네요 오래된 역사깊은 교회,1년 전,2020-11-10 21:48:13.244101,Euna park,0,0,https://www.google.com/maps/contrib/104005454285890428159/reviews?hl=ko-KR
ChZDSUhNMG9nS0VJQ0FnSURrcVplNENREAE,배재 중 추억의장소,1년 전,2020-11-10 21:48:13.245102,Moonsun Song,0,0,https://www.google.com/maps/contrib/101043996284277621022/reviews?hl=ko-KR
ChdDSUhNMG9nS0VJQ0FnSURrOFlESWlnRRAB,,1년 전,2020-11-10 21:48:13.245102,박상현,0,0,https://www.google.com/maps/contrib/116738524073584474796/reviews?hl=ko-KR
ChZDSUhNMG9nS0VJQ0FnSURrX29xVkZnEAE,우리나라 최초의 기독교 감리교 교회 이고  역사가 깊고 독립운동 하신분의 숨결을 느낄수 있어요 가셔서  설명들으면서 보시면더 이해되실 겁니다  청소년 부모님들 자녀들과 다녀오실길 추천드려요,1년 전,2020-11-10 21:48:13.246094,김현하,0,0,https://www.google.com/maps/contrib/116300001867387361006/reviews?hl=ko-KR
ChZDSUhNMG9nS0VJQ0FnSURrc0szbFJ3EAE,,1년 전,2020-11-10 21:48:13.246094,george gordanov,0,0,https://www.google.com/maps/contrib/115508186716730631003/reviews?hl=ko-KR
ChZDSUhNMG9nS0VJQ0FnSURFOGRpQkN3EAE,,1년 전,2020-11-10 21:48:13.247091,정순배,0,0,https://www.google.com/maps/contrib/115866565044193288752/reviews?hl=ko-KR
ChZDSUhNMG9nS0VJQ0FnSURFLXR2SklnEAE,,1년 전,2020-11-10 21:48:13.247091,허진구,0,0,https://www.google.com/maps/contrib/110620687948274184319/reviews?hl=ko-KR
ChZDSUhNMG9nS0VJQ0FnSUNFejdENlFBEAE,(Google 번역 제공) 한국에서 가장 오래된 교회  (원문) oldiest church at Korea,1년 전,2020-11-10 21:48:13.248087,Hank J Kim,0,0,https://www.google.com/maps/contrib/111651955154469725390/reviews?hl=ko-KR
ChdDSUhNMG9nS0VJQ0FnSUNFaHZMNjF3RRAB,,1년 전,2020-11-10 21:48:19.889300,sunwoo Kim,0,0,https://www.google.com/maps/contrib/103559733319220585289/reviews?hl=ko-KR
ChZDSUhNMG9nS0VJQ0FnSUQ0NHE2dVdnEAE,역사와 전통이 있는 곳,1년 전,2020-11-10 21:48:19.890297,황상문,0,0,https://www.google.com/maps/contrib/113994183081228838234/reviews?hl=ko-KR
ChdDSUhNMG9nS0VJQ0FnSUM0djV5UGxnRRAB,,1년 전,2020-11-10 21:48:19.891336,김주호,0,0,https://www.google.com/maps/contrib/108647995745247129959/reviews?hl=ko-KR
ChZDSUhNMG9nS0VJQ0FnSUM0OWQzUEZnEAE,우리나라 개화기에 서양 문화를 받아들인 중심 장소입니다.,1년 전,2020-11-10 21:48:19.892323,황재연,0,0,https://www.google.com/maps/contrib/112236429288973531417/reviews?hl=ko-KR
ChdDSUhNMG9nS0VJQ0FnSUM0OFpHSHJnRRAB,,1년 전,2020-11-10 21:48:19.892323,윤성빈,0,0,https://www.google.com/maps/contrib/108724399055342881579/reviews?hl=ko-KR
ChdDSUhNMG9nS0VJQ0FnSUM0enFUTndRRRAB,,1년 전,2020-11-10 21:48:19.893320,전Ruth,0,0,https://www.google.com/maps/contrib/116096610804710927139/reviews?hl=ko-KR
ChdDSUhNMG9nS0VJQ0FnSUM0aE9YRHpRRRAB,아팬젤러박물관이 인상깊음,1년 전,2020-11-10 21:48:19.893320,Youngjoo Kim,0,0,https://www.google.com/maps/contrib/104478304621777009029/reviews?hl=ko-KR
ChZDSUhNMG9nS0VJQ0FnSUM0LUxyX2V3EAE,,1년 전,2020-11-10 21:48:19.894316,윤의식,0,0,https://www.google.com/maps/contrib/104557279012838438765/reviews?hl=ko-KR
ChZDSUhNMG9nS0VJQ0FnSURZdjR5VmJREAE,,1년 전,2020-11-10 21:48:19.894316,Changho Kim,0,0,https://www.google.com/maps/contrib/102040312450526938310/reviews?hl=ko-KR
ChZDSUhNMG9nS0VJQ0FnSURZal9YVlhnEAE,,1년 전,2020-11-10 21:48:19.895312,조영하,0,0,https://www.google.com/maps/contrib/113254393967893146502/reviews?hl=ko-KR
ChdDSUhNMG9nS0VJQ0FnSURZbDktWnF3RRAB,상당히 좋아요,1년 전,2020-11-10 21:48:26.587963,저는 부모님이 없어요.그리고,0,0,https://www.google.com/maps/contrib/107459100360436460353/reviews?hl=ko-KR
ChdDSUhNMG9nS0VJQ0FnSURZNTdPNG5BRRAB,,1년 전,2020-11-10 21:48:26.589956,Sophia KIM,0,0,https://www.google.com/maps/contrib/104413038020358883291/reviews?hl=ko-KR
ChZDSUhNMG9nS0VJQ0FnSURZX29yS0hBEAE,,1년 전,2020-11-10 21:48:26.589956,전용국,0,0,https://www.google.com/maps/contrib/110912871309562457906/reviews?hl=ko-KR
ChZDSUhNMG9nS0VJQ0FnSURZbnNTYVRREAE,전통있는 교회,1년 전,2020-11-10 21:48:26.591949,예담극장,0,0,https://www.google.com/maps/contrib/105890544451587371815/reviews?hl=ko-KR
ChZDSUhNMG9nS0VJQ0FnSURZN3BYQ2RREAE,,1년 전,2020-11-10 21:48:26.592947,엄재복,0,0,https://www.google.com/maps/contrib/111996303076512078468/reviews?hl=ko-KR
ChZDSUhNMG9nS0VJQ0FnSURZOXEzd2RBEAE,아멘! 김성혁목사님 사랑해요. 언제나 은혜가득^^*,1년 전,2020-11-10 21:48:26.593943,박동휘,0,0,https://www.google.com/maps/contrib/117456360080121752773/reviews?hl=ko-KR
ChdDSUhNMG9nS0VJQ0FnSURZMXZHcmpnRRAB,,1년 전,2020-11-10 21:48:26.594939,김상복,0,0,https://www.google.com/maps/contrib/106694318419871299760/reviews?hl=ko-KR
ChdDSUhNMG9nS0VJQ0FnSURZeHEyZm5nRRAB,,1년 전,2020-11-10 21:48:26.595936,행백야,0,0,https://www.google.com/maps/contrib/106387487207041000076/reviews?hl=ko-KR
ChZDSUhNMG9nS0VJQ0FnSURZdXA2ek53EAE,C 덕수궁 옆의 역사를 가지고 있는 교회. 행사 때문에 내부에 들어가지는 못했으나 건물 모습은 이쁨. 종교시설이라 자유롭게 다니기는 조금 애매한 분위기.,1년 전,2020-11-10 21:48:26.596934,한주영,0,0,https://www.google.com/maps/contrib/104915702498953425009/reviews?hl=ko-KR
ChZDSUhNMG9nS0VJQ0FnSURZbXBEQUJREAE,최근 리모델링함 근데 많이 바뀐것 같지는 않음,1년 전,2020-11-10 21:48:26.597931,서성현,0,0,https://www.google.com/maps/contrib/102347011482081821119/reviews?hl=ko-KR
ChdDSUhNMG9nS0VJQ0FnSURZNnB5TzNRRRAB,유서 깊은 감리교회,1년 전,2020-11-10 21:48:33.392547,Jaewon Jung,0,0,https://www.google.com/maps/contrib/113932406658983139808/reviews?hl=ko-KR
ChZDSUhNMG9nS0VJQ0FnSURZekphWFhnEAE,서울연회 참석차 다녀왔어요 화려하지않은 교회모습이 보기좋아요,1년 전,2020-11-10 21:48:33.393544,손경희,0,0,https://www.google.com/maps/contrib/109642204355824937980/reviews?hl=ko-KR
ChZDSUhNMG9nS0VJQ0FnSURZcExiT0hnEAE,역사와 전통의 감리교회입니다. 봄 가을 산책시 방문해보세요. 좋습니다.,1년 전,2020-11-10 21:48:33.394540,박민수,0,0,https://www.google.com/maps/contrib/111553147306906140049/reviews?hl=ko-KR
ChZDSUhNMG9nS0VJQ0FnSURZdUppeWJREAE,예배하기 좋은 장소입니다,1년 전,2020-11-10 21:48:33.394540,이희원,0,0,https://www.google.com/maps/contrib/114039972977812684635/reviews?hl=ko-KR
ChdDSUhNMG9nS0VJQ0FnSURZNk5HdDVRRRAB,,1년 전,2020-11-10 21:48:33.395536,J Gilley,0,0,https://www.google.com/maps/contrib/100498354253832022569/reviews?hl=ko-KR
ChdDSUhNMG9nS0VJQ0FnSURZOFBlX3dBRRAB,감리교의한국모교회입니다.,1년 전,2020-11-10 21:48:33.395536,이금철,0,0,https://www.google.com/maps/contrib/110880167106473415497/reviews?hl=ko-KR
ChZDSUhNMG9nS0VJQ0FnSUNZdDllOU5nEAE,,1년 전,2020-11-10 21:48:33.396533,김복수,0,0,https://www.google.com/maps/contrib/105880279650870958718/reviews?hl=ko-KR
ChdDSUhNMG9nS0VJQ0FnSUNZdDZlUzJ3RRAB,역사적인 교회...,1년 전,2020-11-10 21:48:33.397566,김용호,0,0,https://www.google.com/maps/contrib/107939437802107291552/reviews?hl=ko-KR
ChZDSUhNMG9nS0VJQ0FnSUNZdC1QTFFBEAE,,1년 전,2020-11-10 21:48:33.397566,김영자,0,0,https://www.google.com/maps/contrib/109112508926962691680/reviews?hl=ko-KR
ChZDSUhNMG9nS0VJQ0FnSUNZbDlDLWRBEAE,,1년 전,2020-11-10 21:48:33.398526,이기형,0,0,https://www.google.com/maps/contrib/111668307575193940744/reviews?hl=ko-KR
ChZDSUhNMG9nS0VJQ0FnSUNZNTdiZEdREAE,,1년 전,2020-11-10 21:48:40.173785,김정식,0,0,https://www.google.com/maps/contrib/117548576489259966232/reviews?hl=ko-KR
ChZDSUhNMG9nS0VJQ0FnSUNZaDZqWGRREAE,경건함,1년 전,2020-11-10 21:48:40.174783,Elle P,0,0,https://www.google.com/maps/contrib/105014128994993413778/reviews?hl=ko-KR
ChdDSUhNMG9nS0VJQ0FnSUNZeV8ydmh3RRAB,예쁘다..,1년 전,2020-11-10 21:48:40.174783,Taeeun Kwon,0,0,https://www.google.com/maps/contrib/105417001992521139915/reviews?hl=ko-KR
ChZDSUhNMG9nS0VJQ0FnSUNZeTZ6MmRnEAE,편안합니다,1년 전,2020-11-10 21:48:40.175797,이원복,0,0,https://www.google.com/maps/contrib/111754760445807973643/reviews?hl=ko-KR
ChdDSUhNMG9nS0VJQ0FnSUNZMDR2MTRBRRAB,,1년 전,2020-11-10 21:48:40.175797,박은혜,0,0,https://www.google.com/maps/contrib/105971672504803414496/reviews?hl=ko-KR
ChZDSUhNMG9nS0VJQ0FnSUNZNDRQZEVnEAE,"젊은이교회 예배 겁나 뜨뜨~ 뜨겁고, 셀모임 완전 활성화되어있습니다잉",1년 전,2020-11-10 21:48:40.176773,배고픈홍진,0,0,https://www.google.com/maps/contrib/117522073198814701258/reviews?hl=ko-KR
ChZDSUhNMG9nS0VJQ0FnSUNZOGZIbUNREAE,최고죠,1년 전,2020-11-10 21:48:40.176773,kkk훈,0,0,https://www.google.com/maps/contrib/104431218757042603860/reviews?hl=ko-KR
ChdDSUhNMG9nS0VJQ0FnSUNZa2Z5ODBBRRAB,믿음과 마음의 교회,1년 전,2020-11-10 21:48:40.177770,조동환,0,0,https://www.google.com/maps/contrib/116792584421472819110/reviews?hl=ko-KR
ChZDSUhNMG9nS0VJQ0FnSUNZa2ZUVkxnEAE,유서깊은 교회 아펜젤러가 구한말  설립,1년 전,2020-11-10 21:48:40.177770,김남걸,0,0,https://www.google.com/maps/contrib/101952532412119791880/reviews?hl=ko-KR
ChdDSUhNMG9nS0VJQ0FnSUNZb2JpVW1BRRAB,적벽돌로 지어진 클래식한 135년된 예배당과 하얀 나무창틀이 정다운곳 ㅡ새로 리모델링된 본당과 북카페. 아펜젤러 박물관과 깨끗한 화장실 ㅡ 오래되었으나 젊은교회ㅡ안에서나 밖에서나 살아 움직이는 교회 ㅡ,1년 전,2020-11-10 21:48:40.178766,Sunyoung Jun,0,0,https://www.google.com/maps/contrib/103807461625091447263/reviews?hl=ko-KR
ChdDSUhNMG9nS0VJQ0FnSUNZeUlPNGpnRRAB,(Google 번역 제공) 친근한 곳. 서비스를 잘 마쳤습니다. 그러나 친목회에서 포도 주스는 재미 있지만.  (원문) A friendly place. Well done with the service. However grape juice at communion is a but funny.,1년 전,2020-11-10 21:48:47.036920,Joel Mckee,0,0,https://www.google.com/maps/contrib/103709274992698528696/reviews?hl=ko-KR
ChdDSUhNMG9nS0VJQ0FnSURvOTZybm5nRRAB,(Google 번역 제공) 큰 교회 Beutiful  (원문) Big Church Beutiful,1년 전,2020-11-10 21:48:47.036920,Olivera Ollson,0,0,https://www.google.com/maps/contrib/112488482713310731857/reviews?hl=ko-KR
ChZDSUhNMG9nS0VJQ0FnSURvaDVHbkhREAE,,1년 전,2020-11-10 21:48:47.037917,김희연,0,0,https://www.google.com/maps/contrib/111935979483115870449/reviews?hl=ko-KR
ChdDSUhNMG9nS0VJQ0FnSURvMjdHaHZ3RRAB,역사가 깃든 곳. 특히 아펜젤러 선교사,1년 전,2020-11-10 21:48:47.037917,Woncherl Ha,0,0,https://www.google.com/maps/contrib/115346079316158934845/reviews?hl=ko-KR
ChZDSUhNMG9nS0VJQ0FnSURZa1lQdEtBEAE,감리교 한국 최초교회,1년 전,2020-11-10 21:48:47.037917,오동영,0,0,https://www.google.com/maps/contrib/106262143951012665972/reviews?hl=ko-KR
ChdDSUhNMG9nS0VJQ0FnSURvbktpUGl3RRAB,기독교 역사가 살아 숨쉬는 아름답고 거룩한 곳,1년 전,2020-11-10 21:48:47.038914,Jess K,0,0,https://www.google.com/maps/contrib/104786769369780806005/reviews?hl=ko-KR
ChdDSUhNMG9nS0VJQ0FnSURvaE1yRF9BRRAB,담임 목사님 말씀이 매우 좋은 교회,1년 전,2020-11-10 21:48:47.038914,albert park,0,0,https://www.google.com/maps/contrib/101127410829363694191/reviews?hl=ko-KR
ChZDSUhNMG9nS0VJQ0FnSURvd0pYZFZnEAE,대한민국 초대교회,1년 전,2020-11-10 21:48:47.039925,Sangjoon Lee,0,0,https://www.google.com/maps/contrib/111052753493286274800/reviews?hl=ko-KR
ChdDSUhNMG9nS0VJQ0FnSUNvb183NzR3RRAB,장로님.  안수식에. 참여하였다 지방회와. 함께. 모두가. 기분좋은. 하루였고   정동제일교회 전통있는 교회임을. 인정하는.  바이다 ㅎㅎㅎ,1년 전,2020-11-10 21:48:47.040914,이영순,0,0,https://www.google.com/maps/contrib/103900757071391507564/reviews?hl=ko-KR
ChZDSUhNMG9nS0VJQ0FnSUNvOXJmTEd3EAE,,1년 전,2020-11-10 21:48:47.040914,Paul Jin,0,0,https://www.google.com/maps/contrib/103226026150964884001/reviews?hl=ko-KR
ChdDSUhNMG9nS0VJQ0FnSUNvOXAzSXZ3RRAB,,1년 전,2020-11-10 21:48:53.956055,곽서원,0,0,https://www.google.com/maps/contrib/100712417645063162483/reviews?hl=ko-KR
ChZDSUhNMG9nS0VJQ0FnSUNvLU9mMkNBEAE,,1년 전,2020-11-10 21:48:53.956055,Joel Rader,0,0,https://www.google.com/maps/contrib/107213525016610795450/reviews?hl=ko-KR
