﻿id_review,caption,relative_date,retrieval_date,username,n_review_user,n_photo_user,url_user
ChdDSUhNMG9nS0VJQ0FnSUNpanFxMWtRRRAB,재미있어요,1주 전,53:31.8,TV은선,0,0,https://www.google.com/maps/contrib/109976641010315709382/reviews?hl=ko-KR
ChZDSUhNMG9nS0VJQ0FnSURDeC1IYmR3EAE,창신동 봉제 역사와 재봉틀 역사 등등 설명이 잘 되어있어요~ 손바느질로 만들수 있는 캐릭터핀 브로치와 컴퓨터 자수 키링 만들기 체험등이 있습니다!,3주 전,53:31.8,사진공방인연,0,0,https://www.google.com/maps/contrib/114578961041327864288/reviews?hl=ko-KR
ChZDSUhNMG9nS0VJQ0FnSUQ4cl82WWZnEAE,,3달 전,53:31.8,정미진,0,0,https://www.google.com/maps/contrib/107695648904266783084/reviews?hl=ko-KR
ChZDSUhNMG9nS0VJQ0FnSUQ4dTRUeGR3EAE,,3달 전,53:31.8,정호선,0,0,https://www.google.com/maps/contrib/111512490205872348283/reviews?hl=ko-KR
ChdDSUhNMG9nS0VJQ0FnSUM4NjhUY3lRRRAB,동네 골목길도 정겹고 사진찍기도 좋아요.,3달 전,53:31.8,김흥진,0,0,https://www.google.com/maps/contrib/111300153801234426022/reviews?hl=ko-KR
ChdDSUhNMG9nS0VJQ0FnSURjdk5LejlnRRAB,,5달 전,53:31.8,Mission City,0,0,https://www.google.com/maps/contrib/116253399045571434234/reviews?hl=ko-KR
ChdDSUhNMG9nS0VJQ0FnSURjekxlWjVnRRAB,그냥그런곳 극단적으로 흥미있지않으신분은 가면잼없음,5달 전,53:31.8,한수환,0,0,https://www.google.com/maps/contrib/110204579191197198516/reviews?hl=ko-KR
ChZDSUhNMG9nS0VJQ0FnSURjeEpxNlNREAE,봉제에 대한 역사를 알수있고 체험도 해볼수 있었습니다.  설명도 너무 잘해주셨습니다.,5달 전,53:31.8,최쩨리,0,0,https://www.google.com/maps/contrib/109143821990538336913/reviews?hl=ko-KR
ChZDSUhNMG9nS0VJQ0FnSUNzLWFIQ0hREAE,작지만 알차요 다양한 체험프로그램이 있어서 좋아요,9달 전,53:31.8,JinYoung Lee,0,0,https://www.google.com/maps/contrib/117076722562714558619/reviews?hl=ko-KR
ChdDSUhNMG9nS0VJQ0FnSUNzNmVtVHBnRRAB,멋져요 학교 답사로 갔는데 개인적으로도 가보고싶어요,9달 전,53:31.8,김연수,0,0,https://www.google.com/maps/contrib/102237301719250893890/reviews?hl=ko-KR
ChdDSUhNMG9nS0VJQ0FnSUNzb2NIbTNnRRAB,,9달 전,53:31.8,조형훈,0,0,https://www.google.com/maps/contrib/108203497831990666686/reviews?hl=ko-KR
ChZDSUhNMG9nS0VJQ0FnSUNzakxQdWFBEAE,"좋은 행사, 멋진 체험 많은 구경거리가 있네요. 잘 보고 왔습니다. 길 잘 찾아가는 게 중요.",9달 전,53:31.8,BIN LEE,0,0,https://www.google.com/maps/contrib/100827242502313447452/reviews?hl=ko-KR
ChZDSUhNMG9nS0VJQ0FnSUNzbE1uMEJBEAE,,9달 전,53:31.8,최희정,0,0,https://www.google.com/maps/contrib/113749236874668218387/reviews?hl=ko-KR
ChdDSUhNMG9nS0VJQ0FnSURNOVlxNC1BRRAB,한국의 최초의 봉제역사관으로 봉제역사의 흐름을 보여주며 다양한 체험프로그램도 있습니다. 아울러 서울 구도심의 골목풍경을 만나볼 수 있는 소중한 장소입니다. 하루 특별체험을 사전 접수를 통해 할 수 있습니다.,9달 전,53:31.8,김문자,0,0,https://www.google.com/maps/contrib/109516104935820968616/reviews?hl=ko-KR
ChZDSUhNMG9nS0VJQ0FnSURNeC1tYlNnEAE,,9달 전,53:31.8,YEJIN MOON,0,0,https://www.google.com/maps/contrib/112073961928323897154/reviews?hl=ko-KR
ChZDSUhNMG9nS0VJQ0FnSURNemQtZ1dBEAE,,10달 전,53:31.8,Jun Ki Min,0,0,https://www.google.com/maps/contrib/113903727804486519135/reviews?hl=ko-KR
ChZDSUhNMG9nS0VJQ0FnSURNdFp1UVlnEAE,봉제공장이많은창신동골목길들 그역사를볼수있습니다,10달 전,53:31.8,영숙오,0,0,https://www.google.com/maps/contrib/105517771600788394470/reviews?hl=ko-KR
ChdDSUhNMG9nS0VJQ0FnSURNdXFmbzhRRRAB,창신동 골목길 탐방하고 체험도 하고 전망좋은 옥상카페에서 무료커피도 마시고~ 꼭 텀블러 들고 가세여~,10달 전,53:31.8,Jinnie Kim,0,0,https://www.google.com/maps/contrib/111262740663840752035/reviews?hl=ko-KR
ChZDSUhNMG9nS0VJQ0FnSURNb3RmeFdBEAE,,10달 전,53:31.8,임원희,0,0,https://www.google.com/maps/contrib/102338456526940351599/reviews?hl=ko-KR
ChdDSUhNMG9nS0VJQ0FnSURNM09xVGtRRRAB,,10달 전,53:31.8,김형준,0,0,https://www.google.com/maps/contrib/100484088115368192210/reviews?hl=ko-KR
ChZDSUhNMG9nS0VJQ0FnSURNMklfeVFnEAE,,10달 전,53:38.2,Donguk Kim,0,0,https://www.google.com/maps/contrib/117681041517066680902/reviews?hl=ko-KR
ChdDSUhNMG9nS0VJQ0FnSUNNamJENGhRRRAB,,11달 전,53:38.2,강병우,0,0,https://www.google.com/maps/contrib/116382838062016428455/reviews?hl=ko-KR
ChdDSUhNMG9nS0VJQ0FnSUNNLWZXcGx3RRAB,,11달 전,53:38.2,Park Changjin,0,0,https://www.google.com/maps/contrib/108406361478023245593/reviews?hl=ko-KR
ChZDSUhNMG9nS0VJQ0FnSUNNbWFiVk5REAE,,11달 전,53:38.2,꼬마타이탄,0,0,https://www.google.com/maps/contrib/103884232725142235046/reviews?hl=ko-KR
ChdDSUhNMG9nS0VJQ0FnSUNNcVo2OXl3RRAB,그들의 희생이 있어 우리가 이만큼 살수있다는걸 잊지 말아야겠다는 생각이 들었습니다.,11달 전,53:38.2,gkn라나,0,0,https://www.google.com/maps/contrib/117645513082231782046/reviews?hl=ko-KR
ChdDSUhNMG9nS0VJQ0FnSUNNMGUtTjF3RRAB,,11달 전,53:38.2,장영복,0,0,https://www.google.com/maps/contrib/110715642335069904361/reviews?hl=ko-KR
ChZDSUhNMG9nS0VJQ0FnSUNNMGRqYk9REAE,,11달 전,53:38.2,사람사람,0,0,https://www.google.com/maps/contrib/103780789923777573708/reviews?hl=ko-KR
ChZDSUhNMG9nS0VJQ0FnSUNNNGRfNlRBEAE,커피한잔 친구들과 함께 담소나누며~ 엄아 품같이 아늑한기분이었읍니다ㆍ재봉일도 배우고싶구요,11달 전,53:38.2,고연순,0,0,https://www.google.com/maps/contrib/117161627835244809077/reviews?hl=ko-KR
ChdDSUhNMG9nS0VJQ0FnSUNNNGVHd19BRRAB,봉제산업을 새롭게 볼 수 있는 계기가 되었어요,11달 전,53:38.2,Woongshik Shin,0,0,https://www.google.com/maps/contrib/107831141999233443158/reviews?hl=ko-KR
ChdDSUhNMG9nS0VJQ0FnSUQwMWF6aXZBRRAB,무역산업 일꾼들의 흔적,11달 전,53:38.2,이준희,0,0,https://www.google.com/maps/contrib/115051644442393397749/reviews?hl=ko-KR
ChdDSUhNMG9nS0VJQ0FnSUQwaFlibHpBRRAB,,11달 전,53:44.5,송한솔,0,0,https://www.google.com/maps/contrib/100233615169516701418/reviews?hl=ko-KR
ChdDSUhNMG9nS0VJQ0FnSUQwMGUzSDdBRRAB,,1년 전,53:44.5,김정국,0,0,https://www.google.com/maps/contrib/115242226164227991985/reviews?hl=ko-KR
ChdDSUhNMG9nS0VJQ0FnSUQwd2JIQXhRRRAB,,1년 전,53:44.5,Jaewoo Cho,0,0,https://www.google.com/maps/contrib/103319374529007489929/reviews?hl=ko-KR
ChZDSUhNMG9nS0VJQ0FnSUQwanZmTEp3EAE,(Google 번역 제공) 매우 달콤한 사람 니스 설치  (원문) Very sweet people Nice installations,1년 전,53:44.5,Peehu Gulati,0,0,https://www.google.com/maps/contrib/105853480815505590928/reviews?hl=ko-KR
ChdDSUhNMG9nS0VJQ0FnSUQwcHRuYl9BRRAB,,1년 전,53:44.5,정우동,0,0,https://www.google.com/maps/contrib/116166093281987885276/reviews?hl=ko-KR
ChdDSUhNMG9nS0VJQ0FnSUQwcHF5NGxRRRAB,바느질을 하기 좋은곳.,1년 전,53:44.5,이은수,0,0,https://www.google.com/maps/contrib/109073319588660345385/reviews?hl=ko-KR
ChdDSUhNMG9nS0VJQ0FnSUQwLXByX3pnRRAB,,1년 전,53:44.5,Miyah EN,0,0,https://www.google.com/maps/contrib/113060285431309331453/reviews?hl=ko-KR
ChZDSUhNMG9nS0VJQ0FnSUQwaW9YZGN3EAE,,1년 전,53:44.5,공병화,0,0,https://www.google.com/maps/contrib/113134792916900935139/reviews?hl=ko-KR
ChZDSUhNMG9nS0VJQ0FnSUQwc3JUbUpREAE,,1년 전,53:44.5,JONGCHAN SHIN,0,0,https://www.google.com/maps/contrib/104761500132229295394/reviews?hl=ko-KR
ChdDSUhNMG9nS0VJQ0FnSUQwM1BfZjJnRRAB,아이들과 즐거운 시간보냈습니다^^,1년 전,53:44.5,함형숙,0,0,https://www.google.com/maps/contrib/102622991197547283453/reviews?hl=ko-KR
ChdDSUhNMG9nS0VJQ0FnSURZNzd5aTBRRRAB,우리나라 봉제역사를 한눈에 볼수있어서 좋습니다 4층에 개인 텀블러가져가면 공짜로 커피 등 이용할 수 있어서 좋아요,1년 전,53:50.8,윤남기,0,0,https://www.google.com/maps/contrib/106628682358950771808/reviews?hl=ko-KR
ChZDSUhNMG9nS0VJQ0FnSUQwMExueEZ3EAE,체험과 패션의과정역사를 알수 있는 곳,1년 전,53:50.8,Sang Joon Lee,0,0,https://www.google.com/maps/contrib/107176004383321616474/reviews?hl=ko-KR
ChdDSUhNMG9nS0VJQ0FnSUMwdTZ2cDl3RRAB,,1년 전,53:50.8,채준배,0,0,https://www.google.com/maps/contrib/104865856883419886331/reviews?hl=ko-KR
ChZDSUhNMG9nS0VJQ0FnSUMwaS1xTFlREAE,,1년 전,53:50.8,sj c,0,0,https://www.google.com/maps/contrib/113969228168978438779/reviews?hl=ko-KR
ChZDSUhNMG9nS0VJQ0FnSUMwMWJhckVnEAE,봉제의 역사를 한눈에 알기 쉽게 만들었음,1년 전,53:50.8,김채성,0,0,https://www.google.com/maps/contrib/102252717516850120056/reviews?hl=ko-KR
ChZDSUhNMG9nS0VJQ0FnSUMwMWFxTFhREAE,창신동의 봉제역사에 대한 맛보기!,1년 전,53:50.8,Dae-In Shin,0,0,https://www.google.com/maps/contrib/109599287792336650373/reviews?hl=ko-KR
ChdDSUhNMG9nS0VJQ0FnSUMweFktdDhBRRAB,,1년 전,53:50.8,백승민,0,0,https://www.google.com/maps/contrib/115382064426834921550/reviews?hl=ko-KR
ChZDSUhNMG9nS0VJQ0FnSUMwNmVfMVJnEAE,창신동과 봉제에 대해 이해하게 되는 곳 조용히 이야기할 수 있는 까페도 있음 강추,1년 전,53:50.8,이인숙,0,0,https://www.google.com/maps/contrib/111364964692651558524/reviews?hl=ko-KR
ChdDSUhNMG9nS0VJQ0FnSUMwM3M2ZG1RRRAB,좋다,1년 전,53:50.8,Nguyệt Trịnh,0,0,https://www.google.com/maps/contrib/103262379216204448383/reviews?hl=ko-KR
ChdDSUhNMG9nS0VJQ0FnSUMwOW9HdHFBRRAB,,1년 전,53:50.8,박현민,0,0,https://www.google.com/maps/contrib/113602893366400806007/reviews?hl=ko-KR
ChZDSUhNMG9nS0VJQ0FnSUMwZ3BDMElBEAE,"여러가지 봉제를 체험해볼수 있고, 봉제와창신동 동네에 대해서 알게되어서 아주 좋았습니다!",1년 전,53:57.2,Da Eun Kim,0,0,https://www.google.com/maps/contrib/101910567865790582848/reviews?hl=ko-KR
ChZDSUhNMG9nS0VJQ0FnSURVcWRfTGRnEAE,한국의 봉제 역사에 대해 알 수 있습니다,1년 전,53:57.2,백희정,0,0,https://www.google.com/maps/contrib/102389535095057580147/reviews?hl=ko-KR
ChZDSUhNMG9nS0VJQ0FnSURVcHU3NkNBEAE,초보자 어린이 학생등 봉제를  경험할 수있는 체험처임 봉사자들도 상당히 친절함,1년 전,53:57.2,박효숙,0,0,https://www.google.com/maps/contrib/112405681843379560314/reviews?hl=ko-KR
ChZDSUhNMG9nS0VJQ0FnSURVOHRmZFZ3EAE,,1년 전,53:57.2,강희광,0,0,https://www.google.com/maps/contrib/114956230909809035551/reviews?hl=ko-KR
ChZDSUhNMG9nS0VJQ0FnSURVd3N2MWZBEAE,체험도 하고 봉재에 대한 지난 세월들을 자세히 들을 수 맀어 정말 좋았습니다~ 꼭 가 볼만 한 곳입니다.,1년 전,53:57.2,신혜정,0,0,https://www.google.com/maps/contrib/104302955040103601542/reviews?hl=ko-KR
ChZDSUhNMG9nS0VJQ0FnSUNVNjdLT1hREAE,전망이좋고 체험이좋음,1년 전,53:57.2,Hyengmi Kim,0,0,https://www.google.com/maps/contrib/106100238360769209043/reviews?hl=ko-KR
ChdDSUhNMG9nS0VJQ0FnSUNVbzYtQmxRRRAB,"아이가 할 수 있는 체험프로그램도 있고, 여러 기획된 행사도 있습니다. 가볼만한 곳입니다.",1년 전,53:57.2,JOOMIN SHIN,0,0,https://www.google.com/maps/contrib/106881895492873815075/reviews?hl=ko-KR
ChZDSUhNMG9nS0VJQ0FnSUNVb2NXaUVnEAE,,1년 전,53:57.2,Minjoon Oh,0,0,https://www.google.com/maps/contrib/102129072217471452046/reviews?hl=ko-KR
ChdDSUhNMG9nS0VJQ0FnSUNVdnZLWHdRRRAB,"아이들과 자수 새기기, 단추달기 체험 등을 할수있어요. 텀블러를 가져오면 커피도 무료로 마실수 있어요.",1년 전,53:57.2,So-young Pyo,0,0,https://www.google.com/maps/contrib/106908174413888789929/reviews?hl=ko-KR
ChdDSUhNMG9nS0VJQ0FnSUNVbm9TMm5nRRAB,,1년 전,53:57.2,bockhee Kim,0,0,https://www.google.com/maps/contrib/112824338165555598437/reviews?hl=ko-KR
ChZDSUhNMG9nS0VJQ0FnSUNVaVBDcEJREAE,간단한 체험과 더불어 친절하게 안내에 주십니다.,1년 전,54:03.8,산돌TV,0,0,https://www.google.com/maps/contrib/110704624747247019215/reviews?hl=ko-KR
ChdDSUhNMG9nS0VJQ0FnSURrXzVEZzR3RRAB,"마을 재생사업으로 다시 태어난 창신동 봉제골목의 역사를 볼 수 있고 관람료가 무료이며 텀블러를 소지하면 커피를 무료로 마실수 있음. 옥상에서 마을 전체를 조망할 수도 있음. 한국 근대화 과정에서 큰 역할을 했던 봉제산업과 근처에 위치한 동대문 패션타운들과의 상생을 위한 지리적 잇점, 예전 봉제 노동자의 열악한 현실을 타개하기 위한 전태일 열사의 노력과 죽음. 이 모든 것을 보여주고 느낄 수있는 역사관임. 도슨트 선생님께서 매우 열의있게 설명을 해주셔서 정말 좋았음. 마을에 900여개의 봉제 관련 소규모 공장이 있다는 사실에 매우 놀랐으며 이를 유지하고 발전시켜 나가는 마을 사람들의 노력에 감동했음. 재개발을 반대하고 현재의 기업을 유지시키기 위한 마을 재생사업의 모범을 보여주고 있다고 생각됨. 다만 골목에 지나다니는 오토바이 매우 많아서 좀 위험한 점이 있음.",1년 전,54:03.8,정직영,0,0,https://www.google.com/maps/contrib/109405310969497934813/reviews?hl=ko-KR
ChdDSUhNMG9nS0VJQ0FnSURrdjY2RnJRRRAB,,1년 전,54:03.8,김영인,0,0,https://www.google.com/maps/contrib/106929088692025905710/reviews?hl=ko-KR
ChdDSUhNMG9nS0VJQ0FnSURrbzRfTmpnRRAB,직원들이 불친절함,1년 전,54:03.8,Kyle Yeon,0,0,https://www.google.com/maps/contrib/101783132960711492374/reviews?hl=ko-KR
ChZDSUhNMG9nS0VJQ0FnSURrallIVlFREAE,볼꺼리가 많고 정감 있는 산동네 창신동 그 입구에 위치한 봉제 역사관은 우리나라 봉제산업의 역사와 유명 디자이너들의 작품과 기증 소장품까지 볼 수 있는 숨겨진 명소라 말하고 싶다,1년 전,54:03.8,마이키패밀리,0,0,https://www.google.com/maps/contrib/100048869059879388801/reviews?hl=ko-KR
ChdDSUhNMG9nS0VJQ0FnSURraGY3bl9BRRAB,봉제에 관심없는 사람도 꼭 방문추천. 우리나라 봉제역사부터 의상제작 과정을 한눈에 알수있어 좋다. 또한 골목길에 위치해서 현장이 살아있다. 박물관 건물도 매우 세련되었고 직원분들 모두 친절하다.,1년 전,54:03.8,Hunmou Yaung,0,0,https://www.google.com/maps/contrib/116909309175859506967/reviews?hl=ko-KR
ChZDSUhNMG9nS0VJQ0FnSUM0enNMNlVREAE,"우리가 사서 입는 옷이 만들어지는 과정과 그 산업의 발전을, 그리고 그 역사관이 있는 동네 집들이 그 산업으로 함께 생동하는 모습들을 볼 수 있었습니다.",1년 전,54:03.8,Chilgyun Shin,0,0,https://www.google.com/maps/contrib/118013601563220970941/reviews?hl=ko-KR
ChZDSUhNMG9nS0VJQ0FnSUM0b3F2TUpBEAE,,1년 전,54:03.8,이영자,0,0,https://www.google.com/maps/contrib/113505671560727747941/reviews?hl=ko-KR
ChZDSUhNMG9nS0VJQ0FnSUM0LVpDcE53EAE,이음피움박물관 방문을 강추합니다,1년 전,54:03.8,김기원,0,0,https://www.google.com/maps/contrib/101576596132926473531/reviews?hl=ko-KR
ChZDSUhNMG9nS0VJQ0FnSUM0b0pXLUpREAE,아기자기하게 잘꾸며 있고봉제의 역사을 알수 있는곳 입니다. 4층올라가면 원두커피도 마음대로 먹을수 있고 조금 내려가면 전태일 역사관도 있어요 골목이 좁아서 승용차 없이 걸어서 올라와야됌.,1년 전,54:03.8,박형규,0,0,https://www.google.com/maps/contrib/100495063147220881573/reviews?hl=ko-KR
,"창신동 절벽골목 위쪽에 위치한 창신숭인 채석장전망대는 과거 경성부 직영 채석장이었던 언덕 위에 새워진 전망대입니다. 2층에는 카페 낙타가 있고 3층은 루프탑 전망대가 있습니다. 탁트인 서울의 전망을 감상할 수 있으며 길 앞의 테르트르 카페에 비해 절반 정도의 저렴한 가격에 커피를 즐길 수 있어 좋습니다. 마스크도 안쓰고 전망 좋은 자리에 죽치고 앉아 있는 꼴불견들만 아니면 괜찮은 곳입니다. 화장실은 열쇠를 가지고 외부 아래쪽에 있는 창신쌈지마당 화장실을 이용해야 하는 점은 좀 불편합니다.	Kevin Ko",,,,,,
,"창신동에 있는 채석장 전망대 입니다. 도시재생 개발 계획으로 만들어진 곳인데 동네 꼭대기에 있어 찾아가기 쉽진 않으나 마을버스 타고는 내려서 조금 걸어가야 하고 차로는 근처 주차장이 있어 골목길 잘 따라 올라가면 보입니다. 전망 좋고 음료 가격도 저렴하고 좋습니다. 서울에 이런곳도 있구나 할수 있는 곳 입니다. 다만 화장실이 내부에 없고 열쇠들고 한 10m떨어진 건물로 가야하는 불편함이 있으니 참고 바랍니다.	Bar_ Tyon",,,,,,
,"높은 지대에 위치한 독특한 모양의 카페 전망대입니다. 신발도 벗고 편안하게 쿠션에 기대고 앉아 서울시내를 조망하며 커피 한잔하면서 여유를 즐겨보면 좋습니다.	한선우",,,,,,
,"창신동 채석장 한눈에 볼 수 있는 전망대이자 카페. 건너편 테르트르보다 덜 힙하지만 여유롭고 가성비가 넘친다.	김에디터",,,,,,
,"서울 뒷구경하기 좋은 곳	Seong Joong Yoon",,,,,,
,"창신숭인 채석장 전망대는 역사의 아픔이 서려있는 곳이기도 하고, 이곳에서 서울을 조망하며 과거외 현재를 돌아볼 수 있습니다.	Jun Jung",,,,,,
