﻿id_review,caption,relative_date,retrieval_date,username,n_review_user,n_photo_user,url_user
ChdDSUhNMG9nS0VJQ0FnSURDemFPSTVBRRAB,쉬기 괜찮음,1달 전,01:49.0,뒷산좋아,0,0,https://www.google.com/maps/contrib/110416074245881131696/reviews?hl=ko-KR
ChZDSUhNMG9nS0VJQ0FnSURjbk1EeFh3EAE,,5달 전,01:49.0,똥꼬바보,0,0,https://www.google.com/maps/contrib/110081580372275797967/reviews?hl=ko-KR
ChdDSUhNMG9nS0VJQ0FnSUNjejZXTXpnRRAB,한양도성순성길 혜화문 근처에 있는 옛 서울시장 관사로 지금은 한양도성 혜화동 안내센타로 운영되고 있습니다,6달 전,01:49.0,김태훈,0,0,https://www.google.com/maps/contrib/109213089804362684188/reviews?hl=ko-KR
ChdDSUhNMG9nS0VJQ0FnSURzeU51dGxBRRAB,혜화문 을 보고나니 한양도성 혜화동 전시안내센터가 나오네요 대박 여기가 최근까지 서울시장공간으로 쓰였다네요 아늑하니 좋아요 보존 가치가 충분히 있어요  이곳이 1941년에    田中三郎 영화사 사장이 지은집 이라서 보존을 해야하나 논란에 휩싸여였 다네요  하지만 개인적으로 보존을 잘했다고 생각합니다 왜냐하면 여기를 거쳐간 서울시장이  윤보선 이기붕 허정 장기영  박세직 염보현  고건 조순  이명박  오세훈  박원순 시장등등   대한민국 역사를 화려하게 장식한 분들이 이를수없이 많기때문에  100년  후쯤 이라면  가치가  충분하지 않을까 싶습니다  물론  잘한것도 있고 욕먹을 일도 많이했지요 여기에 거론한 서울시장분들이  하지만  어째든 우리들의 서울시장  아니겠습니까  충분히  스포트라이트를 받아야 한다고 생각합니다 대법원장은  아는분이 없으니 양해부탁드립니다 ^^,8달 전,01:49.0,막걸Lee,0,0,https://www.google.com/maps/contrib/107931905202563973123/reviews?hl=ko-KR
ChZDSUhNMG9nS0VJQ0FnSURzNE1lSWNnEAE,,8달 전,01:49.0,은퇴부부의여행이야기,0,0,https://www.google.com/maps/contrib/106114196770385063907/reviews?hl=ko-KR
ChdDSUhNMG9nS0VJQ0FnSUNzcEx5NnlRRRAB,잠시 들러 쉬어가기 좋아요,9달 전,01:49.0,김인숙,0,0,https://www.google.com/maps/contrib/102150550743294953234/reviews?hl=ko-KR
ChdDSUhNMG9nS0VJQ0FnSUNzME4teXV3RRAB,한양도성 및 혜화문에 대해 자세히 알 수 있었고 현재까지 역임한 서울시장의 정보및 인터뷰 동영상도 볼 수 있었습니다. 조용하게 책 읽으며 쉴수있는 공간이 있고. 작은 카페도 운영하고 있습니다.,9달 전,01:49.0,최쩨리,0,0,https://www.google.com/maps/contrib/109143821990538336913/reviews?hl=ko-KR
ChdDSUhNMG9nS0VJQ0FnSURNeC12Xy1RRRAB,역사공부,9달 전,01:49.0,김수희,0,0,https://www.google.com/maps/contrib/117782384764931607192/reviews?hl=ko-KR
ChdDSUhNMG9nS0VJQ0FnSURNcmRTSjNBRRAB,,10달 전,01:49.0,신철호,0,0,https://www.google.com/maps/contrib/118388288853570398063/reviews?hl=ko-KR
ChdDSUhNMG9nS0VJQ0FnSURNbGFMZjBnRRAB,가까워 이용하기 편합니다,10달 전,01:49.0,김미정,0,0,https://www.google.com/maps/contrib/103337630813798339414/reviews?hl=ko-KR
ChdDSUhNMG9nS0VJQ0FnSURNaWR2NjFBRRAB,"따스함이 묻어나는 곳입니다. 1층에는 작은카페도 있어 날씨 좋은날에는 꼭 야외 마당에서 차한잔 하고싶습니다. 구 서울시장 공관, 대법원장 공관이라 엄청 좋습니다.",10달 전,01:49.0,꽃지렁,0,0,https://www.google.com/maps/contrib/111398463170143456691/reviews?hl=ko-KR
ChZDSUhNMG9nS0VJQ0FnSUNNdTd5Qld3EAE,,11달 전,01:49.0,김보경,0,0,https://www.google.com/maps/contrib/113319088543861303672/reviews?hl=ko-KR
ChdDSUhNMG9nS0VJQ0FnSUNNMi12NnJ3RRAB,,11달 전,01:49.0,오세종,0,0,https://www.google.com/maps/contrib/105013151802710604595/reviews?hl=ko-KR
ChZDSUhNMG9nS0VJQ0FnSUNNdzkyeFBBEAE,,11달 전,01:49.0,황정환,0,0,https://www.google.com/maps/contrib/118412167704914230789/reviews?hl=ko-KR
ChdDSUhNMG9nS0VJQ0FnSUQwX29yeXd3RRAB,,1년 전,01:49.0,김해일,0,0,https://www.google.com/maps/contrib/113887906076752044412/reviews?hl=ko-KR
ChZDSUhNMG9nS0VJQ0FnSUMwemNEMUxREAE,(Google 번역 제공) 도시 시장의 그런 아름다운 전 거주지. 서울 성벽 박물관으로 일반인에게 공개 그들은 카페가있는 아름다운 정원이 있습니다.  (원문) Such a beautiful former residence of the city mayor. Open to the public as the Seoul City Wall museum. They have a beautiful garden with a cafe.,1년 전,01:49.0,박준희,0,0,https://www.google.com/maps/contrib/111986337854983684545/reviews?hl=ko-KR
ChdDSUhNMG9nS0VJQ0FnSUMwb2RxUjhBRRAB,,1년 전,01:49.0,음악가의삶,0,0,https://www.google.com/maps/contrib/108441226824559027071/reviews?hl=ko-KR
ChdDSUhNMG9nS0VJQ0FnSURVal9mOXJRRRAB,정원이 아주 아름답습니다.,1년 전,01:49.0,제이제이,0,0,https://www.google.com/maps/contrib/116779654573630624036/reviews?hl=ko-KR
ChZDSUhNMG9nS0VJQ0FnSURVZ2ZhTWZnEAE,,1년 전,01:49.0,이지연,0,0,https://www.google.com/maps/contrib/114309292830344487687/reviews?hl=ko-KR
ChZDSUhNMG9nS0VJQ0FnSURVX3NHX0VnEAE,,1년 전,01:49.0,Yong Jun Chang,0,0,https://www.google.com/maps/contrib/111797268916841960956/reviews?hl=ko-KR
ChZDSUhNMG9nS0VJQ0FnSURVM09PcEJ3EAE,역사를 알 수 있는 공간,1년 전,01:52.7,Seungbae Sim,0,0,https://www.google.com/maps/contrib/116643760394963468924/reviews?hl=ko-KR
ChdDSUhNMG9nS0VJQ0FnSUNVcDdMaHJBRRAB,"과거 서울시장 공관이었던 곳. 한양 도성에 대한 여러 정보를 얻을 수 있으며 옛 성북동과 혜화동, 혜화문의 지도를 볼 수도 있다. 혜화문의 위치를 제외하곤 조선시대 때부터 이 길과 블록 그대로 유지되어 왔다는 게 신기. 직원분들도 친절하고 옛 가옥 건축을 보는 것도 좋은 경험",1년 전,01:52.7,jung jisoo,0,0,https://www.google.com/maps/contrib/101238345145320187823/reviews?hl=ko-KR
ChdDSUhNMG9nS0VJQ0FnSUNVeDdIRXhBRRAB,우리집마당에 있는 기분이예요,1년 전,01:52.7,wj o,0,0,https://www.google.com/maps/contrib/118331200565880137597/reviews?hl=ko-KR
ChZDSUhNMG9nS0VJQ0FnSUNVdE96UUlBEAE,보존 가치가 있는 건지는 잘 모르겠어요.. 끊어진 성벽이나 연결해줬으면 좋겠다는.. 성곽 홍보보다는 서울 시장 홍보 전시관 같은...,1년 전,01:52.7,Murian Song,0,0,https://www.google.com/maps/contrib/109230548238768806046/reviews?hl=ko-KR
ChdDSUhNMG9nS0VJQ0FnSUM0cWVXWnV3RRAB,,1년 전,01:52.7,Teo Yoo,0,0,https://www.google.com/maps/contrib/106364399258425798922/reviews?hl=ko-KR
ChdDSUhNMG9nS0VJQ0FnSURZODZQVmhRRRAB,,1년 전,01:52.7,안아랑,0,0,https://www.google.com/maps/contrib/110683975645637096216/reviews?hl=ko-KR
ChZDSUhNMG9nS0VJQ0FnSUNvOWFYUkVREAE,"혜화문 옆 한양도성 전시관입니다. 구 서울시장 공관으로 역대 시장의 물품이 전시되어있으며 1941년 적산가옥이지만 한국식 건축이 가미된 모습을 볼 수 있어요. 한양도성이 언제 축조되고 어떻게 시대에 따라 변화했는지 지도, 기록, 신문을 통해서 알수있어요. 과거 조선시대사람들이 순성을 즐겼듯이 현대에와서도 도성 순례를 할 수있는 코스 설명도 잘 되어있어요. 자봉분들이 설명을 친절하게 해주셔서 더욱 좋았습니다.",1년 전,01:52.7,Helena Nam,0,0,https://www.google.com/maps/contrib/108797280439223745405/reviews?hl=ko-KR
ChdDSUhNMG9nS0VJQ0FnSUNJamN1NTF3RRAB,한양도성에 관련된 다양한 관련자료 전시와 상영,1년 전,01:52.7,Cloud Ywing,0,0,https://www.google.com/maps/contrib/107271197448441730333/reviews?hl=ko-KR
ChZDSUhNMG9nS0VJQ0FnSUNJNHJDM1lREAE,"1940년대 지어진 목조건축물로 2013년까지 33년간 서울시장 공관으로 사용된 곳을 한양도성 전시관으로 개조하였으며 서울미래유산으로 지정된 곳입니다. 1층과 2층에 전시실이 있고, 2층 전시홀은 계단 앞에서 신발을 벗고 들어가게 되어 있습니다. 1층에는 아궁이터도 보존되어 있고 옆에는 카페도 있습니다. 월요일은 휴관이고 관람시간은 오전 10시부터 오후5시까지입니다. 오전 10시와 오후2시는 해설관람이 있는데 인터넷이나 현장 접수 가능합니다.",2년 전,01:52.7,Kevin Ko,0,0,https://www.google.com/maps/contrib/103111493375668886750/reviews?hl=ko-KR
,진짜 좋다,,,,,,
,최고예요,,,,,,
