﻿id_review,caption,relative_date,retrieval_date,username,n_review_user,n_photo_user,url_user
ChdDSUhNMG9nS0VJQ0FnSUNpX3JTTjV3RRAB,,5일 전,2020-11-10 19:57:50.144260,나동주,0,0,https://www.google.com/maps/contrib/103090561568030172783/reviews?hl=ko-KR
ChZDSUhNMG9nS0VJQ0FnSUNpcnZlQlZREAE,음....해방촌 정비한다고 어지럽혀진지 꽤 오래인데 진행이 너무 안되네요 가끔 가는데 갈때마다 그대로라서 매장들도 문 닫은 곳이 많아서 큰 매력을 못느끼겠어요 하지만 근처에 갈 일 있거나 안가본지 오래 된 분들은 한번쯤 다시 가보시고 느껴보시는게 좋겠네요,1주 전,2020-11-10 19:57:50.145255,시간이흐른뒤,0,0,https://www.google.com/maps/contrib/115188401083235441805/reviews?hl=ko-KR
ChdDSUhNMG9nS0VJQ0FnSUNpOXBYcXR3RRAB,,1주 전,2020-11-10 19:57:50.145255,김정원,0,0,https://www.google.com/maps/contrib/115385642055033946738/reviews?hl=ko-KR
ChZDSUhNMG9nS0VJQ0FnSUNpLXF2YkdBEAE,복잡하고 너저분하고 시장이.정비좀되었으면 합니다.,1주 전,2020-11-10 19:57:50.146252,임용재,0,0,https://www.google.com/maps/contrib/104608396412418271462/reviews?hl=ko-KR
ChdDSUhNMG9nS0VJQ0FnSUNpLXJ5OW13RRAB,,1주 전,2020-11-10 19:57:50.147194,Ricky Edwards,0,0,https://www.google.com/maps/contrib/115262438308825790006/reviews?hl=ko-KR
ChdDSUhNMG9nS0VJQ0FnSUNpMHRDdW53RRAB,좋아요,2주 전,2020-11-10 19:57:50.147194,한신1036 RJH,0,0,https://www.google.com/maps/contrib/103288376209714895759/reviews?hl=ko-KR
ChdDSUhNMG9nS0VJQ0FnSUNpa3JXUnBnRRAB,이색적인 음식점 카페 먹거리들이 많아서 하루  나들이 하기 좋아요,2주 전,2020-11-10 19:57:50.147194,이시현,0,0,https://www.google.com/maps/contrib/115032127607284659952/reviews?hl=ko-KR
ChdDSUhNMG9nS0VJQ0FnSUNpa3N5Nm5nRRAB,전보다 많이 죽어서 여유롭게 지낼 수 있다 올수 있습니다.,2주 전,2020-11-10 19:57:50.148244,바다Bada,0,0,https://www.google.com/maps/contrib/112445806154014690234/reviews?hl=ko-KR
ChZDSUhNMG9nS0VJQ0FnSUNpX0pIaFhREAE,,2주 전,2020-11-10 19:57:50.148244,김동혁,0,0,https://www.google.com/maps/contrib/109415731125945355415/reviews?hl=ko-KR
ChdDSUhNMG9nS0VJQ0FnSUNpc0lla2d3RRAB,여러 작고 이쁜 가게들이 어우러져있네요~ 뒷골목에 이런곳이 있는줄 전혀 몰랐어요~오래된주택들을 잘 개조해서 마치 빈티지 아울렛같은 느낌~,3주 전,2020-11-10 19:57:50.149247,Hyojin Shin,0,0,https://www.google.com/maps/contrib/103849450797895945116/reviews?hl=ko-KR
ChdDSUhNMG9nS0VJQ0FnSUNpa05qMjJ3RRAB,,3주 전,2020-11-10 19:57:50.149247,gwang myeong ok,0,0,https://www.google.com/maps/contrib/107740873745328370295/reviews?hl=ko-KR
ChdDSUhNMG9nS0VJQ0FnSUNpNExYTHdBRRAB,분위기 좋은 장소~,3주 전,2020-11-10 19:57:50.150238,김지현,0,0,https://www.google.com/maps/contrib/100607005287326155332/reviews?hl=ko-KR
ChdDSUhNMG9nS0VJQ0FnSURDbjhPcnR3RRAB,남산 아래 첫 마을... 카페 말고도 재미있는 상점들이 있고 후암동으로 올라가서 서울을 내려다보면 풍경이 그렇게 아름다울 수가 없다.,3주 전,2020-11-10 19:57:50.150238,Kyutae Jo,0,0,https://www.google.com/maps/contrib/109264720713488818405/reviews?hl=ko-KR
ChZDSUhNMG9nS0VJQ0FnSURDMTREblJ3EAE,,3주 전,2020-11-10 19:57:50.151234,shinbong JO,0,0,https://www.google.com/maps/contrib/107650093467452257874/reviews?hl=ko-KR
ChdDSUhNMG9nS0VJQ0FnSURDNkxlVnVRRRAB,,3주 전,2020-11-10 19:57:50.152248,박종인,0,0,https://www.google.com/maps/contrib/106218784486249346173/reviews?hl=ko-KR
ChZDSUhNMG9nS0VJQ0FnSURDeDZ2NU9BEAE,,3주 전,2020-11-10 19:57:50.152248,진성민진성민,0,0,https://www.google.com/maps/contrib/115415260646155091723/reviews?hl=ko-KR
ChdDSUhNMG9nS0VJQ0FnSURDeTc3cnlBRRAB,,4주 전,2020-11-10 19:57:50.153239,Byeongjun Shin,0,0,https://www.google.com/maps/contrib/104649231938276300033/reviews?hl=ko-KR
ChZDSUhNMG9nS0VJQ0FnSURDazdybFhREAE,,1달 전,2020-11-10 19:57:50.153239,Ryan Hong,0,0,https://www.google.com/maps/contrib/110399663259818918943/reviews?hl=ko-KR
ChdDSUhNMG9nS0VJQ0FnSURDdmRIbWdRRRAB,별거읎써.,1달 전,2020-11-10 19:57:50.154225,jiwon Kong,0,0,https://www.google.com/maps/contrib/111084386360213891435/reviews?hl=ko-KR
ChZDSUhNMG9nS0VJQ0FnSURDeGZ2akxnEAE,별로.?,1달 전,2020-11-10 19:57:50.154225,최병문,0,0,https://www.google.com/maps/contrib/109970238981584843226/reviews?hl=ko-KR
ChZDSUhNMG9nS0VJQ0FnSURDLWQtWklnEAE,,1달 전,2020-11-10 19:57:56.424306,이영자,0,0,https://www.google.com/maps/contrib/101397203320561436851/reviews?hl=ko-KR
ChZDSUhNMG9nS0VJQ0FnSURDdWYzeGNnEAE,,1달 전,2020-11-10 19:57:56.425310,핸드드립 난달라커피nandalra coffee,0,0,https://www.google.com/maps/contrib/108213255585050367564/reviews?hl=ko-KR
ChZDSUhNMG9nS0VJQ0FnSURDdWZqN2FnEAE,,1달 전,2020-11-10 19:57:56.425310,Juana Ines,0,0,https://www.google.com/maps/contrib/111870331640163516811/reviews?hl=ko-KR
ChZDSUhNMG9nS0VJQ0FnSURDMmQtVERnEAE,,1달 전,2020-11-10 19:57:56.426301,이병훈,0,0,https://www.google.com/maps/contrib/110363663696869644974/reviews?hl=ko-KR
ChZDSUhNMG9nS0VJQ0FnSURDcWYtQkdREAE,,1달 전,2020-11-10 19:57:56.427293,김창규,0,0,https://www.google.com/maps/contrib/104828729492265272651/reviews?hl=ko-KR
ChdDSUhNMG9nS0VJQ0FnSURDcm9LUTlnRRAB,신기방기 무드가 좋아요,1달 전,2020-11-10 19:57:56.427293,최진실,0,0,https://www.google.com/maps/contrib/112348037314706644822/reviews?hl=ko-KR
ChZDSUhNMG9nS0VJQ0FnSURDanJPYVZ3EAE,,1달 전,2020-11-10 19:57:56.427293,Byeongjo Hwangbo,0,0,https://www.google.com/maps/contrib/111329115649415352432/reviews?hl=ko-KR
ChdDSUhNMG9nS0VJQ0FnSURDaXZlRXpRRRAB,,1달 전,2020-11-10 19:57:56.428290,김종한,0,0,https://www.google.com/maps/contrib/102652309943047391481/reviews?hl=ko-KR
ChdDSUhNMG9nS0VJQ0FnSURDNHNlazNBRRAB,,1달 전,2020-11-10 19:57:56.428290,유정아,0,0,https://www.google.com/maps/contrib/113095202078885367854/reviews?hl=ko-KR
ChZDSUhNMG9nS0VJQ0FnSURDX0xtdEpnEAE,높은 곳에 있어서 좀 힘든데 좋아여,1달 전,2020-11-10 19:57:56.429286,OSF L,0,0,https://www.google.com/maps/contrib/102458364313993439131/reviews?hl=ko-KR
ChZDSUhNMG9nS0VJQ0FnSURDN05lZkNnEAE,,1달 전,2020-11-10 19:58:02.738702,류금복,0,0,https://www.google.com/maps/contrib/105738052361072927675/reviews?hl=ko-KR
ChdDSUhNMG9nS0VJQ0FnSURDNkxTaTRnRRAB,산골짜기에 주택가와 맛집 매우 좋아요 조금 찾기 어려움,1달 전,2020-11-10 19:58:02.738702,sadool ham,0,0,https://www.google.com/maps/contrib/101718340307884330471/reviews?hl=ko-KR
ChdDSUhNMG9nS0VJQ0FnSURDZ01qSzlBRRAB,"맛있고 저렴한알찜,아구찜",2달 전,2020-11-10 19:58:02.739698,이냉아범,0,0,https://www.google.com/maps/contrib/108428003618810343310/reviews?hl=ko-KR
ChdDSUhNMG9nS0VJQ0FnSUNDNjVQZzBRRRAB,,2달 전,2020-11-10 19:58:02.739698,레온파파TV,0,0,https://www.google.com/maps/contrib/115736836259846875794/reviews?hl=ko-KR
ChdDSUhNMG9nS0VJQ0FnSUNDM3E2Ymp3RRAB,,2달 전,2020-11-10 19:58:02.740696,이승준,0,0,https://www.google.com/maps/contrib/112174381005724554085/reviews?hl=ko-KR
ChdDSUhNMG9nS0VJQ0FnSUNDbXRQT3hBRRAB,,2달 전,2020-11-10 19:58:02.740696,MJ Lee,0,0,https://www.google.com/maps/contrib/109721710661033936043/reviews?hl=ko-KR
ChdDSUhNMG9nS0VJQ0FnSUNDd3QybHNRRRAB,,2달 전,2020-11-10 19:58:02.741692,kimchiland cowboy,0,0,https://www.google.com/maps/contrib/104696689455840836103/reviews?hl=ko-KR
ChZDSUhNMG9nS0VJQ0FnSUNDLUlyZ0VREAE,,2달 전,2020-11-10 19:58:02.741692,Наталья Ко,0,0,https://www.google.com/maps/contrib/101472555474919519977/reviews?hl=ko-KR
ChZDSUhNMG9nS0VJQ0FnSUNDeUtLQ0RREAE,,3달 전,2020-11-10 19:58:02.742688,Jaeyoon Kim,0,0,https://www.google.com/maps/contrib/107264270283518246401/reviews?hl=ko-KR
ChZDSUhNMG9nS0VJQ0FnSUNDc0luRWNnEAE,,3달 전,2020-11-10 19:58:02.742688,뚜루뚜루,0,0,https://www.google.com/maps/contrib/107989312154349272909/reviews?hl=ko-KR
ChdDSUhNMG9nS0VJQ0FnSUNDa0xTMXJ3RRAB,,3달 전,2020-11-10 19:58:09.115495,서인석,0,0,https://www.google.com/maps/contrib/114913971213897214958/reviews?hl=ko-KR
ChZDSUhNMG9nS0VJQ0FnSUQ4OTdIN09nEAE,,3달 전,2020-11-10 19:58:09.116494,Jeewon Moon,0,0,https://www.google.com/maps/contrib/104924312564849226677/reviews?hl=ko-KR
ChdDSUhNMG9nS0VJQ0FnSUQ4cTVYZzd3RRAB,(Google 번역 제공) 다양한 물건을 구입할 수 있지만 그 이상의 다른 명소는 없습니다.  (원문) Variety things to buy but no other attractions more than that,3달 전,2020-11-10 19:58:09.116494,Dadek Habibi,0,0,https://www.google.com/maps/contrib/107619079644762685097/reviews?hl=ko-KR
ChdDSUhNMG9nS0VJQ0FnSUQ4X2ZpcDNRRRAB,,3달 전,2020-11-10 19:58:09.117488,박혜진,0,0,https://www.google.com/maps/contrib/116532059234150977980/reviews?hl=ko-KR
ChZDSUhNMG9nS0VJQ0FnSUQ4M2RMNk9nEAE,,3달 전,2020-11-10 19:58:09.117488,Ilkhomjon Abdubannoev,0,0,https://www.google.com/maps/contrib/102311657654320222599/reviews?hl=ko-KR
ChZDSUhNMG9nS0VJQ0FnSUQ4OGRmb0JBEAE,,3달 전,2020-11-10 19:58:09.118489,kim비주비주,0,0,https://www.google.com/maps/contrib/109665923876068871826/reviews?hl=ko-KR
ChZDSUhNMG9nS0VJQ0FnSUQ4OGN1ZEtBEAE,,3달 전,2020-11-10 19:58:09.118489,김준,0,0,https://www.google.com/maps/contrib/107751335217582903536/reviews?hl=ko-KR
ChZDSUhNMG9nS0VJQ0FnSUM4djc3VURREAE,,3달 전,2020-11-10 19:58:09.119479,Rose Pink,0,0,https://www.google.com/maps/contrib/107912354552571605769/reviews?hl=ko-KR
ChdDSUhNMG9nS0VJQ0FnSUM4dmE2SHVBRRAB,자.유.로.운.곳,3달 전,2020-11-10 19:58:09.120479,김우석,0,0,https://www.google.com/maps/contrib/114428449504828081280/reviews?hl=ko-KR
ChdDSUhNMG9nS0VJQ0FnSUM4aVpQQl9BRRAB,독특하고 개성넘치는 가게들이 많고 대체로 가성비가 좋음. 골목이 좁고 좀 지저분하지만 나름 매력있음.,4달 전,2020-11-10 19:58:09.121475,Jitaek Jung,0,0,https://www.google.com/maps/contrib/118172243277298953870/reviews?hl=ko-KR
ChdDSUhNMG9nS0VJQ0FnSUM4d2NYQjJnRRAB,멋진곳,4달 전,2020-11-10 19:58:15.495212,usan zo,0,0,https://www.google.com/maps/contrib/100480656873840372440/reviews?hl=ko-KR
ChZDSUhNMG9nS0VJQ0FnSUM4MXB5ZEFnEAE,,4달 전,2020-11-10 19:58:15.496203,NYEONJOO HWANG,0,0,https://www.google.com/maps/contrib/104387664059104201474/reviews?hl=ko-KR
ChdDSUhNMG9nS0VJQ0FnSUM4NXBYa2l3RRAB,맛집도 많고 재미있는 곳도 많았어요~,4달 전,2020-11-10 19:58:15.496203,북극곰쌤[Jesus is in my heart],0,0,https://www.google.com/maps/contrib/111123514932451435368/reviews?hl=ko-KR
ChZDSUhNMG9nS0VJQ0FnSUM4OHRhQWRBEAE,"특별한 시장 인생샷 남길수 있는 포인트가 많음. 사진을 찍으러 오는 사람들도 많았고 동네답게 외국인들도 많았음. 커피 로스터리, 오레올 케이크 스튜디오 요즘 등 먹거리, 볼거리, 놀거리가 많음. 스튜디오 요즘에서 셀프 포토타임으로 예낭치않은 즐거운시간을 친구와 나눴다. 엄마와 둘이 와서 사진을 남기는 예쁜 딸도 있었는데, 매우 흐뭇한 광경~",4달 전,2020-11-10 19:58:15.497201,Sunny Choi,0,0,https://www.google.com/maps/contrib/114998039246434355875/reviews?hl=ko-KR
ChZDSUhNMG9nS0VJQ0FnSUM4NHNteEdnEAE,옛날 운치와 홍콩 뒷골목을 연상시키는 분위기,4달 전,2020-11-10 19:58:15.497201,Vambino Collection,0,0,https://www.google.com/maps/contrib/103304636213337336278/reviews?hl=ko-KR
ChdDSUhNMG9nS0VJQ0FnSUM4dk5faHJBRRAB,별로,4달 전,2020-11-10 19:58:15.497201,한영재,0,0,https://www.google.com/maps/contrib/114419731767459300487/reviews?hl=ko-KR
ChdDSUhNMG9nS0VJQ0FnSUM4MUxySGt3RRAB,,4달 전,2020-11-10 19:58:15.498209,Manhun Heo,0,0,https://www.google.com/maps/contrib/106959360183324317776/reviews?hl=ko-KR
ChZDSUhNMG9nS0VJQ0FnSUM4NktldUN3EAE,,4달 전,2020-11-10 19:58:15.499232,셀스퀘어SELSQUARE,0,0,https://www.google.com/maps/contrib/116732078614085061508/reviews?hl=ko-KR
ChdDSUhNMG9nS0VJQ0FnSUM4a01QSjhRRRAB,,4달 전,2020-11-10 19:58:15.500197,Subrata Biswas.,0,0,https://www.google.com/maps/contrib/106603790963465584435/reviews?hl=ko-KR
ChZDSUhNMG9nS0VJQ0FnSURjNGRXb05REAE,,4달 전,2020-11-10 19:58:15.500197,S.H Lee,0,0,https://www.google.com/maps/contrib/110800889949928524565/reviews?hl=ko-KR
ChZDSUhNMG9nS0VJQ0FnSURjNFlHZ1ZnEAE,,4달 전,2020-11-10 19:58:21.948605,길연진,0,0,https://www.google.com/maps/contrib/110620086111337464359/reviews?hl=ko-KR
ChZDSUhNMG9nS0VJQ0FnSURjMnVmeFhnEAE,집이 근처가 아닌 사람은 좀 힘들지 싶습니다... 남산 아래라서 올라가려면 힘들어요... 물론 대중교통 있습니가.,5달 전,2020-11-10 19:58:21.949602,타구봉,0,0,https://www.google.com/maps/contrib/101013726019957230764/reviews?hl=ko-KR
ChZDSUhNMG9nS0VJQ0FnSURjeXJDa1p3EAE,,5달 전,2020-11-10 19:58:21.949602,정태권,0,0,https://www.google.com/maps/contrib/116190537214790390115/reviews?hl=ko-KR
ChdDSUhNMG9nS0VJQ0FnSURjX05qdXhnRRAB,,5달 전,2020-11-10 19:58:21.950598,va ex,0,0,https://www.google.com/maps/contrib/113545254288442303969/reviews?hl=ko-KR
ChdDSUhNMG9nS0VJQ0FnSURjdkxYaHh3RRAB,,5달 전,2020-11-10 19:58:21.950598,진승언,0,0,https://www.google.com/maps/contrib/109696161508459096790/reviews?hl=ko-KR
ChZDSUhNMG9nS0VJQ0FnSURjdE4ycVBnEAE,,5달 전,2020-11-10 19:58:21.951595,ᅢᅡ지훈,0,0,https://www.google.com/maps/contrib/108264377671760067765/reviews?hl=ko-KR
ChZDSUhNMG9nS0VJQ0FnSURjcE9lb2RBEAE,,5달 전,2020-11-10 19:58:21.951595,황윤태,0,0,https://www.google.com/maps/contrib/103424386865778353417/reviews?hl=ko-KR
ChdDSUhNMG9nS0VJQ0FnSURjZ09qS29RRRAB,"남산 아래 첫 마을 해방손에 있는 시장으로 오래된 건물들 1층에 분위기 있는 카페와 술집, 식당들이 모여 있는 곳",6달 전,2020-11-10 19:58:21.951595,김태훈,0,0,https://www.google.com/maps/contrib/109213089804362684188/reviews?hl=ko-KR
ChdDSUhNMG9nS0VJQ0FnSUNjM19lZmp3RRAB,,6달 전,2020-11-10 19:58:21.952591,서동민,0,0,https://www.google.com/maps/contrib/113485325782210262445/reviews?hl=ko-KR
ChZDSUhNMG9nS0VJQ0FnSUNjal9UREJnEAE,,6달 전,2020-11-10 19:58:21.953588,장경환,0,0,https://www.google.com/maps/contrib/103336728916769416303/reviews?hl=ko-KR
ChdDSUhNMG9nS0VJQ0FnSUNjMi1qc2pnRRAB,,6달 전,2020-11-10 19:58:28.463750,김시준,0,0,https://www.google.com/maps/contrib/116619794896590003064/reviews?hl=ko-KR
ChZDSUhNMG9nS0VJQ0FnSUNjMF9maVFnEAE,걍 가게됨,7달 전,2020-11-10 19:58:28.463750,Kim Eunae,0,0,https://www.google.com/maps/contrib/117705184040492057812/reviews?hl=ko-KR
ChZDSUhNMG9nS0VJQ0FnSUNjX1piak9nEAE,,7달 전,2020-11-10 19:58:28.464745,워니,0,0,https://www.google.com/maps/contrib/110983643658496370404/reviews?hl=ko-KR
ChZDSUhNMG9nS0VJQ0FnSUNjMWNTNVdREAE,,7달 전,2020-11-10 19:58:28.464745,서상수,0,0,https://www.google.com/maps/contrib/113434922712832385806/reviews?hl=ko-KR
ChdDSUhNMG9nS0VJQ0FnSUNjMmNQSjhRRRAB,,7달 전,2020-11-10 19:58:28.465743,박시현,0,0,https://www.google.com/maps/contrib/105304752913475635722/reviews?hl=ko-KR
ChdDSUhNMG9nS0VJQ0FnSUNjNlo3bzNnRRAB,,7달 전,2020-11-10 19:58:28.465743,최대홍,0,0,https://www.google.com/maps/contrib/107314702349795452448/reviews?hl=ko-KR
ChdDSUhNMG9nS0VJQ0FnSUNja2RuYjlBRRAB,,7달 전,2020-11-10 19:58:28.466740,래고,0,0,https://www.google.com/maps/contrib/105664263595587943908/reviews?hl=ko-KR
ChdDSUhNMG9nS0VJQ0FnSURzbWNURnBBRRAB,,8달 전,2020-11-10 19:58:28.466740,refeel,0,0,https://www.google.com/maps/contrib/117391087832966916474/reviews?hl=ko-KR
ChdDSUhNMG9nS0VJQ0FnSURzNmRIbnN3RRAB,,8달 전,2020-11-10 19:58:28.466740,jay,0,0,https://www.google.com/maps/contrib/110513034795835361765/reviews?hl=ko-KR
ChdDSUhNMG9nS0VJQ0FnSURzM3RIRnFnRRAB,,8달 전,2020-11-10 19:58:28.467740,August Tasha,0,0,https://www.google.com/maps/contrib/104176796500529712713/reviews?hl=ko-KR
ChZDSUhNMG9nS0VJQ0FnSURzM3V6MWVnEAE,분위기 좋고 볼거 많음. 친구랑 인스타용 사진 찍기 좋을듯.,8달 전,2020-11-10 19:58:34.955091,sean park,0,0,https://www.google.com/maps/contrib/113208434055590732455/reviews?hl=ko-KR
ChdDSUhNMG9nS0VJQ0FnSURzbHBfbjFBRRAB,물건을 사러 간다기 보다 옛느낌을 느끼러 가는곳,8달 전,2020-11-10 19:58:34.956036,Youngjune Kim,0,0,https://www.google.com/maps/contrib/109079796729441948350/reviews?hl=ko-KR
ChZDSUhNMG9nS0VJQ0FnSURzbXZqOWV3EAE,,8달 전,2020-11-10 19:58:34.956036,주니심,0,0,https://www.google.com/maps/contrib/102184072660475393297/reviews?hl=ko-KR
ChZDSUhNMG9nS0VJQ0FnSURzbXRqY0ZREAE,,8달 전,2020-11-10 19:58:34.957088,김명수,0,0,https://www.google.com/maps/contrib/112408035525759356834/reviews?hl=ko-KR
ChZDSUhNMG9nS0VJQ0FnSURzaXJqLVFREAE,,8달 전,2020-11-10 19:58:34.957088,hooniverse B,0,0,https://www.google.com/maps/contrib/101457581831649036444/reviews?hl=ko-KR
ChZDSUhNMG9nS0VJQ0FnSURzNHYyUkV3EAE,,8달 전,2020-11-10 19:58:34.958080,이용석,0,0,https://www.google.com/maps/contrib/112883477267389499851/reviews?hl=ko-KR
ChdDSUhNMG9nS0VJQ0FnSURzdEpTYXlnRRAB,,8달 전,2020-11-10 19:58:34.958080,전용선,0,0,https://www.google.com/maps/contrib/113889330615541061451/reviews?hl=ko-KR
ChdDSUhNMG9nS0VJQ0FnSURzeU1faGdnRRAB,,8달 전,2020-11-10 19:58:34.959088,토끼토끼,0,0,https://www.google.com/maps/contrib/103634109556393715817/reviews?hl=ko-KR
ChZDSUhNMG9nS0VJQ0FnSURzeU5yVWRBEAE,,8달 전,2020-11-10 19:58:34.959088,김방돈,0,0,https://www.google.com/maps/contrib/116050783503084047107/reviews?hl=ko-KR
ChdDSUhNMG9nS0VJQ0FnSURzc051cXhnRRAB,선경대로가르침,8달 전,2020-11-10 19:58:34.960073,최한천,0,0,https://www.google.com/maps/contrib/103241409621142711092/reviews?hl=ko-KR
ChdDSUhNMG9nS0VJQ0FnSUNzNzdpZHdnRRAB,"골목식당 나와서 가봤는데.. 활성화가 안되어 있고, 알탕집만 바글바글해요.",8달 전,2020-11-10 19:58:41.544054,에쏘크레마,0,0,https://www.google.com/maps/contrib/117983073427273433762/reviews?hl=ko-KR
ChZDSUhNMG9nS0VJQ0FnSUNzMThEZVZREAE,,8달 전,2020-11-10 19:58:41.545050,shawn HONG,0,0,https://www.google.com/maps/contrib/100256947547939268739/reviews?hl=ko-KR
ChZDSUhNMG9nS0VJQ0FnSUNzbTdERFZREAE,,8달 전,2020-11-10 19:58:41.545050,김선암,0,0,https://www.google.com/maps/contrib/105835851779357694663/reviews?hl=ko-KR
ChZDSUhNMG9nS0VJQ0FnSUQwaGVQakZnEAE,신기함,8달 전,2020-11-10 19:58:41.546058,파프리카,0,0,https://www.google.com/maps/contrib/114923501014390655954/reviews?hl=ko-KR
ChdDSUhNMG9nS0VJQ0FnSUNzeV9ESTFnRRAB,근처 맛집이 많다 곧 3월부터 공사한다고함 깔끔해지길 기다리면,8달 전,2020-11-10 19:58:41.546058,김정옥,0,0,https://www.google.com/maps/contrib/114491016796921191501/reviews?hl=ko-KR
ChdDSUhNMG9nS0VJQ0FnSUNzaTlDbWdBRRAB,사람사는 정을 느낄 수 있는 장소입니다,8달 전,2020-11-10 19:58:41.547043,유지찬,0,0,https://www.google.com/maps/contrib/103790459891014130024/reviews?hl=ko-KR
ChdDSUhNMG9nS0VJQ0FnSUNzbmJ2XzZRRRAB,,8달 전,2020-11-10 19:58:41.547043,김인규,0,0,https://www.google.com/maps/contrib/115779211828328976475/reviews?hl=ko-KR
ChZDSUhNMG9nS0VJQ0FnSUNzcmNXRENBEAE,,8달 전,2020-11-10 19:58:41.548039,신윤철,0,0,https://www.google.com/maps/contrib/109488325696735334203/reviews?hl=ko-KR
ChZDSUhNMG9nS0VJQ0FnSUNzallfT1dBEAE,요즘 트렌드...과거와 현재의 공존,9달 전,2020-11-10 19:58:41.548039,소병두,0,0,https://www.google.com/maps/contrib/101092788462888252609/reviews?hl=ko-KR
ChZDSUhNMG9nS0VJQ0FnSUNzNWJXaGRnEAE,,9달 전,2020-11-10 19:58:41.549047,박정현,0,0,https://www.google.com/maps/contrib/116213295877327067761/reviews?hl=ko-KR
ChZDSUhNMG9nS0VJQ0FnSUNzeVptY0x3EAE,,9달 전,2020-11-10 19:58:48.102284,하트주인,0,0,https://www.google.com/maps/contrib/115867474368864170638/reviews?hl=ko-KR
ChZDSUhNMG9nS0VJQ0FnSUNzN3JMbFp3EAE,,9달 전,2020-11-10 19:58:48.103288,박광수,0,0,https://www.google.com/maps/contrib/110116202552782247996/reviews?hl=ko-KR
ChdDSUhNMG9nS0VJQ0FnSUNzLXJidzNRRRAB,,9달 전,2020-11-10 19:58:48.103288,미모,0,0,https://www.google.com/maps/contrib/107091958921370610634/reviews?hl=ko-KR
ChZDSUhNMG9nS0VJQ0FnSUNzaXJxSkt3EAE,해방촌,9달 전,2020-11-10 19:58:48.104281,김종일,0,0,https://www.google.com/maps/contrib/115157457004304028682/reviews?hl=ko-KR
ChZDSUhNMG9nS0VJQ0FnSUNzOHB2MWV3EAE,,9달 전,2020-11-10 19:58:48.104281,으노으노1976,0,0,https://www.google.com/maps/contrib/104119638166061081617/reviews?hl=ko-KR
ChZDSUhNMG9nS0VJQ0FnSUNzOHRxMVVREAE,,9달 전,2020-11-10 19:58:48.105277,thanksful,0,0,https://www.google.com/maps/contrib/100851603434573523003/reviews?hl=ko-KR
ChdDSUhNMG9nS0VJQ0FnSURZOWZuOHpBRRAB,(Google 번역 제공) 나는 아직 모든 것이 끝나지 않은 곳을 좋아하지만 귀여운 카페와 레스토랑으로 분위기가 너무 좋습니다.  (원문) I love this place not everything is finished yet but the ambiance is so nice with cute cafes and restaurant ♥,9달 전,2020-11-10 19:58:48.105277,Emeline Bu,0,0,https://www.google.com/maps/contrib/116475000382994392178/reviews?hl=ko-KR
ChZDSUhNMG9nS0VJQ0FnSUNzd3ZIVlRREAE,,9달 전,2020-11-10 19:58:48.106276,남자박경택,0,0,https://www.google.com/maps/contrib/115371729276352754285/reviews?hl=ko-KR
ChdDSUhNMG9nS0VJQ0FnSUNzZ291cGhnRRAB,옛날 감성이네요.,9달 전,2020-11-10 19:58:48.106276,GJ Sim,0,0,https://www.google.com/maps/contrib/117668456285828354018/reviews?hl=ko-KR
ChZDSUhNMG9nS0VJQ0FnSUNzc05qTWNBEAE,,9달 전,2020-11-10 19:58:48.107270,이치마츠,0,0,https://www.google.com/maps/contrib/100197028650939959717/reviews?hl=ko-KR
ChZDSUhNMG9nS0VJQ0FnSUNzc1BDc1RBEAE,,9달 전,2020-11-10 19:58:54.763046,돌멩이,0,0,https://www.google.com/maps/contrib/100202660196537406277/reviews?hl=ko-KR
ChdDSUhNMG9nS0VJQ0FnSUNzb09ES2pRRRAB,,9달 전,2020-11-10 19:58:54.763046,JH S,0,0,https://www.google.com/maps/contrib/108559447946813969809/reviews?hl=ko-KR
ChdDSUhNMG9nS0VJQ0FnSURNMy0yVTZnRRAB,,9달 전,2020-11-10 19:58:54.764042,정다인,0,0,https://www.google.com/maps/contrib/101795104797815901759/reviews?hl=ko-KR
ChdDSUhNMG9nS0VJQ0FnSURNei1MUm1RRRAB,찾아가기 너무 힘듦 경사진 위치,9달 전,2020-11-10 19:58:54.764042,소소한 일상6아빠,0,0,https://www.google.com/maps/contrib/113883072797116726297/reviews?hl=ko-KR
ChdDSUhNMG9nS0VJQ0FnSURNcDUzeDFRRRAB,핫플레이스,9달 전,2020-11-10 19:58:54.765041,김상윤,0,0,https://www.google.com/maps/contrib/113808918298783184300/reviews?hl=ko-KR
ChZDSUhNMG9nS0VJQ0FnSURNcTdibWNREAE,,9달 전,2020-11-10 19:58:54.765041,김정윤,0,0,https://www.google.com/maps/contrib/113907970650821757751/reviews?hl=ko-KR
ChZDSUhNMG9nS0VJQ0FnSURNcThpYmN3EAE,,9달 전,2020-11-10 19:58:54.766036,강두식,0,0,https://www.google.com/maps/contrib/110502042391236335166/reviews?hl=ko-KR
ChZDSUhNMG9nS0VJQ0FnSURNOF9Qd1pREAE,,9달 전,2020-11-10 19:58:54.766036,novellus,0,0,https://www.google.com/maps/contrib/112833428402697336748/reviews?hl=ko-KR
ChZDSUhNMG9nS0VJQ0FnSURNMDRxTlZnEAE,,9달 전,2020-11-10 19:58:54.767034,김성길,0,0,https://www.google.com/maps/contrib/108560019379758332466/reviews?hl=ko-KR
ChdDSUhNMG9nS0VJQ0FnSURNMF9pbzNnRRAB,알탕 국물이 정말 맛있어요,9달 전,2020-11-10 19:58:54.767034,정현수,0,0,https://www.google.com/maps/contrib/110970677262367946715/reviews?hl=ko-KR
ChZDSUhNMG9nS0VJQ0FnSURNNDVET0F3EAE,가성비 짱,9달 전,2020-11-10 19:59:01.423834,권진,0,0,https://www.google.com/maps/contrib/110120157594985519225/reviews?hl=ko-KR
ChdDSUhNMG9nS0VJQ0FnSURNdFk3M2dBRRAB,,10달 전,2020-11-10 19:59:01.423834,최경명,0,0,https://www.google.com/maps/contrib/116937431264081181637/reviews?hl=ko-KR
ChdDSUhNMG9nS0VJQ0FnSURNLWY2NnhnRRAB,,10달 전,2020-11-10 19:59:01.424830,박범진,0,0,https://www.google.com/maps/contrib/108980672246062692571/reviews?hl=ko-KR
ChZDSUhNMG9nS0VJQ0FnSURNbVptWlJREAE,,10달 전,2020-11-10 19:59:01.424830,박재영,0,0,https://www.google.com/maps/contrib/112648978687100065390/reviews?hl=ko-KR
ChZDSUhNMG9nS0VJQ0FnSURNb2FPbVJnEAE,골목식당이후에 갔는데 주말에도조용했고 볼거리는없었어요,10달 전,2020-11-10 19:59:01.425832,빅픽처,0,0,https://www.google.com/maps/contrib/103417747320357361384/reviews?hl=ko-KR
ChdDSUhNMG9nS0VJQ0FnSURNM3VUc2tBRRAB,,10달 전,2020-11-10 19:59:01.425832,유천석,0,0,https://www.google.com/maps/contrib/115952064326667934083/reviews?hl=ko-KR
ChdDSUhNMG9nS0VJQ0FnSURNMXZYRWlBRRAB,,10달 전,2020-11-10 19:59:01.425832,힐링인더,0,0,https://www.google.com/maps/contrib/115963610906233624041/reviews?hl=ko-KR
ChdDSUhNMG9nS0VJQ0FnSURNeHZPSXp3RRAB,생각보다 작음 지금은 공사 많이 하고 있음,10달 전,2020-11-10 19:59:01.426830,좋아라,0,0,https://www.google.com/maps/contrib/100181388207314882019/reviews?hl=ko-KR
ChdDSUhNMG9nS0VJQ0FnSURNeXFMSmdBRRAB,,10달 전,2020-11-10 19:59:01.427825,박민영,0,0,https://www.google.com/maps/contrib/112627093795817998464/reviews?hl=ko-KR
ChdDSUhNMG9nS0VJQ0FnSURNMHJybXRRRRAB,아늑한 산책,10달 전,2020-11-10 19:59:01.427825,WonSeol Oh,0,0,https://www.google.com/maps/contrib/105916005552029881166/reviews?hl=ko-KR
ChZDSUhNMG9nS0VJQ0FnSURNMUwzUFpnEAE,,10달 전,2020-11-10 19:59:08.137431,In Bum Hwang,0,0,https://www.google.com/maps/contrib/116884492129143708934/reviews?hl=ko-KR
ChdDSUhNMG9nS0VJQ0FnSURNNUs3VGpRRRAB,시장횟집으로 유명. 그앞 맥주집도 특이함. 다른 매장들도 구경할만함,10달 전,2020-11-10 19:59:08.138428,이경화,0,0,https://www.google.com/maps/contrib/106466947855075960421/reviews?hl=ko-KR
ChZDSUhNMG9nS0VJQ0FnSURNdUpTNmNREAE,볼거리 생기는 중,10달 전,2020-11-10 19:59:08.139434,허세웅,0,0,https://www.google.com/maps/contrib/101026882770061916907/reviews?hl=ko-KR
ChdDSUhNMG9nS0VJQ0FnSURNcVBPQjV3RRAB,,10달 전,2020-11-10 19:59:08.140431,ian bahn,0,0,https://www.google.com/maps/contrib/105608743890815658270/reviews?hl=ko-KR
ChZDSUhNMG9nS0VJQ0FnSURNcU9PZ1hREAE,변화좋지요 많이 변했네요 다만 걱정은 이태원처럼 안되길 바랍니다.,10달 전,2020-11-10 19:59:08.140431,Myung Hwa Kim,0,0,https://www.google.com/maps/contrib/103135648855369494645/reviews?hl=ko-KR
ChZDSUhNMG9nS0VJQ0FnSUQwX0wtU2FREAE,아기자기 하고 그안에 있는 아구찜집  진짜 싱싱하고 최고입니다,10달 전,2020-11-10 19:59:08.140431,김정순,0,0,https://www.google.com/maps/contrib/113397706081083497041/reviews?hl=ko-KR
ChZDSUhNMG9nS0VJQ0FnSUNNcThUMUJBEAE,사람을 만나러 갔다가 우연히 백종원 아저씨가 칭찬한 집에서 알탕과 꽁치구이를 먹었습니다 가격은 저렴했고 음식도 간이 잘 맞았지만 가격만큼 음식 내용물이 조금 부실하네요 나는 제 가격주고 제대로 먹는걸 좋아하는 사람이라 조금 아쉽네요,11달 전,2020-11-10 19:59:08.141427,JS,0,0,https://www.google.com/maps/contrib/103475686916751231334/reviews?hl=ko-KR
ChdDSUhNMG9nS0VJQ0FnSUNNdzk3ZDlRRRAB,,11달 전,2020-11-10 19:59:08.141427,Elaine Wu,0,0,https://www.google.com/maps/contrib/103059232390090262945/reviews?hl=ko-KR
ChdDSUhNMG9nS0VJQ0FnSUNNdzQ3eGt3RRAB,,11달 전,2020-11-10 19:59:08.142419,Blo Ndie,0,0,https://www.google.com/maps/contrib/105424223344379419671/reviews?hl=ko-KR
ChdDSUhNMG9nS0VJQ0FnSUNNalpqajdRRRAB,남산 아래 작고 허물어진 시장인데 작고 아기자기한 식당들이 있어요 골목식당으로 알게 되어 갔는데 해방교회를 찾으시면 찾기 쉬워요 가는길이 좀 가파르지만 올라가면 남산타워가 있고 서울시내가 보이네요~ 외국인들도 많이 살고 작고 예쁜 카페와 식당이 있어요,11달 전,2020-11-10 19:59:08.142419,Joy조이,0,0,https://www.google.com/maps/contrib/100158295538770592620/reviews?hl=ko-KR
ChZDSUhNMG9nS0VJQ0FnSUNNMWEteFJBEAE,,11달 전,2020-11-10 19:59:14.938588,Oh Albert,0,0,https://www.google.com/maps/contrib/114266485648612511286/reviews?hl=ko-KR
ChdDSUhNMG9nS0VJQ0FnSUNNNWJ5S3FnRRAB,"(Google 번역 제공) 서울에서 매우 독특하고 숨겨진 보석을 찾으십시오. 매점 사이에 귀엽고 힙 스터 바, 커피 숍 및 레스토랑이있는 전통 시장의 오래된 맛을 병합합니다.  (원문) Seek and you shall find..very unique, hidden gem  in Seoul merging an old flavor of traditional market with cute, hipster bars,coffee shops and restaurants popping between the stalls",11달 전,2020-11-10 19:59:14.939585,Vera Ivanova,0,0,https://www.google.com/maps/contrib/117343885512373660424/reviews?hl=ko-KR
ChZDSUhNMG9nS0VJQ0FnSUNNeWRINFlBEAE,,11달 전,2020-11-10 19:59:14.939585,전이응,0,0,https://www.google.com/maps/contrib/105984896562752183160/reviews?hl=ko-KR
ChZDSUhNMG9nS0VJQ0FnSUNNOGZ2YlN3EAE,(Google 번역 제공) 한국 전통 상품이 가득.  (원문) Full of Korean traditional items.,11달 전,2020-11-10 19:59:14.940580,Aminul Hoque,0,0,https://www.google.com/maps/contrib/101208106663006088889/reviews?hl=ko-KR
ChdDSUhNMG9nS0VJQ0FnSUNNa1lfWXF3RRAB,,11달 전,2020-11-10 19:59:14.940580,신유제,0,0,https://www.google.com/maps/contrib/114649282374732178415/reviews?hl=ko-KR
ChdDSUhNMG9nS0VJQ0FnSUNNN3VYeXd3RRAB,,11달 전,2020-11-10 19:59:14.941577,777 skster,0,0,https://www.google.com/maps/contrib/112533184341403144691/reviews?hl=ko-KR
ChdDSUhNMG9nS0VJQ0FnSUQwbzdmVV9nRRAB,후짐  재생사업이라니,11달 전,2020-11-10 19:59:14.941577,일민박,0,0,https://www.google.com/maps/contrib/112266006556489349664/reviews?hl=ko-KR
ChZDSUhNMG9nS0VJQ0FnSUQwX2VPQ0R3EAE,,11달 전,2020-11-10 19:59:14.941577,Djuungho Lee,0,0,https://www.google.com/maps/contrib/111863482211389501545/reviews?hl=ko-KR
ChdDSUhNMG9nS0VJQ0FnSUQwdmNPbjZnRRAB,,11달 전,2020-11-10 19:59:14.942573,Keyjay Yu,0,0,https://www.google.com/maps/contrib/112163243575410232587/reviews?hl=ko-KR
ChZDSUhNMG9nS0VJQ0FnSUQwN2NleE1BEAE,,11달 전,2020-11-10 19:59:14.943570,WK Mich C,0,0,https://www.google.com/maps/contrib/114063732860749519081/reviews?hl=ko-KR
ChdDSUhNMG9nS0VJQ0FnSUQwemVEaHdnRRAB,,11달 전,2020-11-10 19:59:21.726939,Georgina A.,0,0,https://www.google.com/maps/contrib/102575409803556208329/reviews?hl=ko-KR
ChZDSUhNMG9nS0VJQ0FnSUQwdFl5MlZREAE,티브이에서만 보던 625때 느낌입니다,11달 전,2020-11-10 19:59:21.727990,님영군,0,0,https://www.google.com/maps/contrib/104092932744415164555/reviews?hl=ko-KR
ChdDSUhNMG9nS0VJQ0FnSUQwMWJydHFBRRAB,,11달 전,2020-11-10 19:59:21.727990,이법선-대훈,0,0,https://www.google.com/maps/contrib/102552116825770965089/reviews?hl=ko-KR
ChZDSUhNMG9nS0VJQ0FnSUQwc2VuWVpBEAE,좋아요,1년 전,2020-11-10 19:59:21.727990,아놀드진,0,0,https://www.google.com/maps/contrib/115052671824320654744/reviews?hl=ko-KR
ChdDSUhNMG9nS0VJQ0FnSUQwd2JQNS1RRRAB,,1년 전,2020-11-10 19:59:21.728982,Hee Sung WOO,0,0,https://www.google.com/maps/contrib/117946057434713452589/reviews?hl=ko-KR
ChdDSUhNMG9nS0VJQ0FnSUQwM3RyLXh3RRAB,"구경하기좋아요. 단, 언덕과 경사가 심해서.... 힘드러요",1년 전,2020-11-10 19:59:21.728982,미란김,0,0,https://www.google.com/maps/contrib/117448286225523515588/reviews?hl=ko-KR
ChZDSUhNMG9nS0VJQ0FnSUQwbnFlekxREAE,"그닥... 먹거리 볼거리 기대하고 가면 후회스러우니 시장의 규모에 큰 기대는 말고, 맛집 찾아 가보세요. 시장 정 중앙에 의외로 예쁜 곳들이 숨어져 있습니다.",1년 전,2020-11-10 19:59:21.729981,임윤자,0,0,https://www.google.com/maps/contrib/103438188005128264418/reviews?hl=ko-KR
ChZDSUhNMG9nS0VJQ0FnSUQwbnZuUVVBEAE,맛있어요 알탕 깔끔한맛,1년 전,2020-11-10 19:59:21.729981,SungJin Lee,0,0,https://www.google.com/maps/contrib/103716234303852488965/reviews?hl=ko-KR
ChdDSUhNMG9nS0VJQ0FnSUQwdHJDZndnRRAB,부분적으로 리모델링된 재래시장. 큰 특색은 글쎄 근처에 있다면 잠시 들를만함,1년 전,2020-11-10 19:59:21.730978,doohyun nam,0,0,https://www.google.com/maps/contrib/116616387811410906988/reviews?hl=ko-KR
ChdDSUhNMG9nS0VJQ0FnSUQwMXRPWjZBRRAB,,1년 전,2020-11-10 19:59:21.730978,Phillip Lee,0,0,https://www.google.com/maps/contrib/106838533483297738569/reviews?hl=ko-KR
ChZDSUhNMG9nS0VJQ0FnSUQwLXRIak1REAE,,1년 전,2020-11-10 19:59:28.589093,최지안,0,0,https://www.google.com/maps/contrib/109033341509641353362/reviews?hl=ko-KR
ChdDSUhNMG9nS0VJQ0FnSUQwM04yNnZRRRAB,,1년 전,2020-11-10 19:59:28.590093,bong su Kim,0,0,https://www.google.com/maps/contrib/106694551792279581643/reviews?hl=ko-KR
ChdDSUhNMG9nS0VJQ0FnSUQwcklfMTVRRRAB,,1년 전,2020-11-10 19:59:28.590093,강병문,0,0,https://www.google.com/maps/contrib/117975200126677988288/reviews?hl=ko-KR
ChdDSUhNMG9nS0VJQ0FnSUQwOU5tMnlnRRAB,,1년 전,2020-11-10 19:59:28.591091,정자경,0,0,https://www.google.com/maps/contrib/105276819370990691858/reviews?hl=ko-KR
ChdDSUhNMG9nS0VJQ0FnSUMwMnZMMHNRRRAB,,1년 전,2020-11-10 19:59:28.591091,권영철,0,0,https://www.google.com/maps/contrib/110624844240519062926/reviews?hl=ko-KR
ChZDSUhNMG9nS0VJQ0FnSUQwNkx6M2JBEAE,,1년 전,2020-11-10 19:59:28.592029,house l,0,0,https://www.google.com/maps/contrib/117783853407314336520/reviews?hl=ko-KR
ChZDSUhNMG9nS0VJQ0FnSUQwME9mNEVnEAE,,1년 전,2020-11-10 19:59:28.592029,항공생리알기쉬운,0,0,https://www.google.com/maps/contrib/113438899242752744156/reviews?hl=ko-KR
ChdDSUhNMG9nS0VJQ0FnSUQwcEtyODdBRRAB,잼나요~,1년 전,2020-11-10 19:59:28.593025,조진희,0,0,https://www.google.com/maps/contrib/109624724028555521651/reviews?hl=ko-KR
ChZDSUhNMG9nS0VJQ0FnSUQwNE8zSkx3EAE,분위기굳,1년 전,2020-11-10 19:59:28.593025,mememe meme,0,0,https://www.google.com/maps/contrib/100747581507592404721/reviews?hl=ko-KR
ChZDSUhNMG9nS0VJQ0FnSUQwb0x1ZFV3EAE,,1년 전,2020-11-10 19:59:28.594021,야마시다LEGEND,0,0,https://www.google.com/maps/contrib/112512960958460205854/reviews?hl=ko-KR
ChdDSUhNMG9nS0VJQ0FnSUQwb01HbDNnRRAB,음식점들이 전보다는 많이 다양해짐!!,1년 전,2020-11-10 19:59:35.504960,정선미,0,0,https://www.google.com/maps/contrib/108154044526451771428/reviews?hl=ko-KR
ChZDSUhNMG9nS0VJQ0FnSUQwZ0xqVGFREAE,,1년 전,2020-11-10 19:59:35.506010,양희도,0,0,https://www.google.com/maps/contrib/105701377449515767533/reviews?hl=ko-KR
ChZDSUhNMG9nS0VJQ0FnSUQwZ09EZEdnEAE,너무 헙소하네요~~먹거리도 그러네,1년 전,2020-11-10 19:59:35.506010,방인석,0,0,https://www.google.com/maps/contrib/109325061811212116869/reviews?hl=ko-KR
ChdDSUhNMG9nS0VJQ0FnSUMwXzZlcDNRRRAB,,1년 전,2020-11-10 19:59:35.507012,김영창,0,0,https://www.google.com/maps/contrib/110267784467894047008/reviews?hl=ko-KR
ChZDSUhNMG9nS0VJQ0FnSUMwLTZiV2FBEAE,옜날 생각이 나는곳 이네요. 한번가보세요.,1년 전,2020-11-10 19:59:35.507012,Bruce Lee,0,0,https://www.google.com/maps/contrib/106282747367669312156/reviews?hl=ko-KR
ChZDSUhNMG9nS0VJQ0FnSUMwejdmcWJREAE,스푼떡볶이 존맛세트 존맛탱이네요,1년 전,2020-11-10 19:59:35.508004,민프로,0,0,https://www.google.com/maps/contrib/118190748112327173133/reviews?hl=ko-KR
ChdDSUhNMG9nS0VJQ0FnSUMwNTVMSjNnRRAB,,1년 전,2020-11-10 19:59:35.508004,신만규,0,0,https://www.google.com/maps/contrib/117627866934757149791/reviews?hl=ko-KR
ChZDSUhNMG9nS0VJQ0FnSUMwaDVUQVhBEAE,전통시장,1년 전,2020-11-10 19:59:35.509008,최종남,0,0,https://www.google.com/maps/contrib/110397763165255494197/reviews?hl=ko-KR
ChdDSUhNMG9nS0VJQ0FnSUMwLTk3Ty1RRRAB,(Google 번역 제공) 대부분의 한국 전통 시장보다 훨씬 더. 작고 친근한. 좋은 포장 마차와 미니 식당.  (원문) Much more of a Korean traditional market than most. Smaller and friendlier. Good food stalls and mini eateries.,1년 전,2020-11-10 19:59:35.509944,Chris Price,0,0,https://www.google.com/maps/contrib/115040823429377955700/reviews?hl=ko-KR
ChZDSUhNMG9nS0VJQ0FnSUMwNl9QVER3EAE,시장횟집. 알탕 맛있음,1년 전,2020-11-10 19:59:35.509944,박규승,0,0,https://www.google.com/maps/contrib/111392674484362322872/reviews?hl=ko-KR
ChZDSUhNMG9nS0VJQ0FnSUMwaTk2M2RREAE,,1년 전,2020-11-10 19:59:42.473708,김태우,0,0,https://www.google.com/maps/contrib/108336320432801620999/reviews?hl=ko-KR
ChRDSUhNMG9nS0VJQ0FnSUMwMDZSQxAB,,1년 전,2020-11-10 19:59:42.474705,Minjun Jang,0,0,https://www.google.com/maps/contrib/106447902508529420721/reviews?hl=ko-KR
ChZDSUhNMG9nS0VJQ0FnSUMwazRuOGZnEAE,소문난 잔치였음 볼거리와 컨텐츠 생성에 열심임 근처 남산이나 해방촌 맛집 가는길에 들러볼것,1년 전,2020-11-10 19:59:42.475700,Sungjin Lee,0,0,https://www.google.com/maps/contrib/110669796797016936407/reviews?hl=ko-KR
ChZDSUhNMG9nS0VJQ0FnSUMwazVpRkRBEAE,근래 탄력을 받아 신선함과 친금함이 아주 정겹게 다가오는 곳입니다. 근처의 맛집을 찾아오는 외국인의 질문이 자연스러운 곳이기도 합니다. 사진은 다른 블로거의 것들을 참조하세요. 시장회집이 게중 핫플입니다.,1년 전,2020-11-10 19:59:42.476699,조성남,0,0,https://www.google.com/maps/contrib/109743599995548768815/reviews?hl=ko-KR
ChZDSUhNMG9nS0VJQ0FnSUMwM2NPSENnEAE,작은시장. 정원박람회 기간에 가서 그런지 식물들로 예뻤다. 사람은 적은편.,1년 전,2020-11-10 19:59:42.476699,MIND NEVER,0,0,https://www.google.com/maps/contrib/114887113168427524053/reviews?hl=ko-KR
ChZDSUhNMG9nS0VJQ0FnSUMwbmZHWUN3EAE,,1년 전,2020-11-10 19:59:42.477695,Garam Kim,0,0,https://www.google.com/maps/contrib/106304430188209369048/reviews?hl=ko-KR
ChdDSUhNMG9nS0VJQ0FnSUMwdFlqR3dRRRAB,오래된시장같아요하지만 예쁘게꾸며서 많은사람들로활기차내요,1년 전,2020-11-10 19:59:42.477695,JISUK YI,0,0,https://www.google.com/maps/contrib/107546745942825953777/reviews?hl=ko-KR
ChdDSUhNMG9nS0VJQ0FnSUMwMVlydDR3RRAB,꼭다녀오세요 강추합니다,1년 전,2020-11-10 19:59:42.478692,강순이,0,0,https://www.google.com/maps/contrib/117814941668393854797/reviews?hl=ko-KR
ChdDSUhNMG9nS0VJQ0FnSUMwMWJpS3pRRRAB,작지만 과거 먹자골목 느낌이 드는 듯 하면서도 깔끔하게 정리되어 있네요. 외극에 온 느낌,1년 전,2020-11-10 19:59:42.478692,김철준,0,0,https://www.google.com/maps/contrib/107327023827002327197/reviews?hl=ko-KR
ChZDSUhNMG9nS0VJQ0FnSUMwNmNLd2RBEAE,(Google 번역 제공) 좋은  (원문) Good,1년 전,2020-11-10 19:59:42.479688,young don Do,0,0,https://www.google.com/maps/contrib/104774494611542234746/reviews?hl=ko-KR
ChZDSUhNMG9nS0VJQ0FnSUMweWRqNU5REAE,공사하는 곳이 많고 아주 작은 시장이에요,1년 전,2020-11-10 19:59:49.507287,lani,0,0,https://www.google.com/maps/contrib/102020656202466541967/reviews?hl=ko-KR
ChZDSUhNMG9nS0VJQ0FnSUMwaVlfc2FBEAE,한국을 담고 있는 곳,1년 전,2020-11-10 19:59:49.508277,강지웅,0,0,https://www.google.com/maps/contrib/100283528924152356962/reviews?hl=ko-KR
ChdDSUhNMG9nS0VJQ0FnSUMwOFp5SzdBRRAB,볼거리 먹거리 없음,1년 전,2020-11-10 19:59:49.508277,찬욱s,0,0,https://www.google.com/maps/contrib/115148563861876151423/reviews?hl=ko-KR
ChZDSUhNMG9nS0VJQ0FnSUMwc1lqcFBREAE,,1년 전,2020-11-10 19:59:49.509277,이쁘니,0,0,https://www.google.com/maps/contrib/100645893237303147123/reviews?hl=ko-KR
ChZDSUhNMG9nS0VJQ0FnSUMwa2RTV1BBEAE,,1년 전,2020-11-10 19:59:49.510267,이규성,0,0,https://www.google.com/maps/contrib/115936479069898320053/reviews?hl=ko-KR
ChZDSUhNMG9nS0VJQ0FnSUMwM3JHd0JnEAE,좋아요,1년 전,2020-11-10 19:59:49.510267,최중민,0,0,https://www.google.com/maps/contrib/102698891399014666008/reviews?hl=ko-KR
ChdDSUhNMG9nS0VJQ0FnSUMwOG9DUTlRRRAB,특별히 갈만한 곳은 아님. 맛집도 별로 없음,1년 전,2020-11-10 19:59:49.511259,Minwoo Park,0,0,https://www.google.com/maps/contrib/112087910824127065806/reviews?hl=ko-KR
ChZDSUhNMG9nS0VJQ0FnSUMwMHEyakNBEAE,,1년 전,2020-11-10 19:59:49.511259,原翔,0,0,https://www.google.com/maps/contrib/115629476098660093333/reviews?hl=ko-KR
ChZDSUhNMG9nS0VJQ0FnSUMwZ3JTbVl3EAE,,1년 전,2020-11-10 19:59:49.512264,이호재,0,0,https://www.google.com/maps/contrib/111663814040102489543/reviews?hl=ko-KR
ChdDSUhNMG9nS0VJQ0FnSUMwak9mR3lnRRAB,작지만 옛풍경처럼 정갈하니 좋았어요,1년 전,2020-11-10 19:59:49.513266,김선명,0,0,https://www.google.com/maps/contrib/100904610835563478603/reviews?hl=ko-KR
ChdDSUhNMG9nS0VJQ0FnSUMwdUtfWDNRRRAB,,1년 전,2020-11-10 19:59:56.586355,YK Kang,0,0,https://www.google.com/maps/contrib/103086026098243970015/reviews?hl=ko-KR
ChZDSUhNMG9nS0VJQ0FnSUMwcU52b1NnEAE,친정.. 세련되게 변한 모습을 보면 흐뭇하다가도 옛모습이 그립기도. 구석구석 구경하는 재미가 있다.,1년 전,2020-11-10 19:59:56.586355,Jinhee Oh,0,0,https://www.google.com/maps/contrib/102425676335950437839/reviews?hl=ko-KR
ChdDSUhNMG9nS0VJQ0FnSUMwcU1LeXFnRRAB,케이크 가게가 맛있어 보였음,1년 전,2020-11-10 19:59:56.587352,Young Ki Kim,0,0,https://www.google.com/maps/contrib/107218647211780167728/reviews?hl=ko-KR
ChZDSUhNMG9nS0VJQ0FnSUMwaUxUN1Z3EAE,백종원의 티비 프로그램으로 한창 떴을 때보다 많이 못미침. 아쉬움. 언덕 오르기 힘듦.,1년 전,2020-11-10 19:59:56.587352,kenny ken,0,0,https://www.google.com/maps/contrib/112787254519477652181/reviews?hl=ko-KR
ChZDSUhNMG9nS0VJQ0FnSURVOS0tb0t3EAE,,1년 전,2020-11-10 19:59:56.587352,조대포,0,0,https://www.google.com/maps/contrib/106217945034256457217/reviews?hl=ko-KR
ChdDSUhNMG9nS0VJQ0FnSURVOTRmOXRRRRAB,,1년 전,2020-11-10 19:59:56.588348,변덕호,0,0,https://www.google.com/maps/contrib/105588966704687844166/reviews?hl=ko-KR
ChdDSUhNMG9nS0VJQ0FnSURVMS1mMHd3RRAB,,1년 전,2020-11-10 19:59:56.589366,Seoul Jay,0,0,https://www.google.com/maps/contrib/111664884841286131004/reviews?hl=ko-KR
ChZDSUhNMG9nS0VJQ0FnSURVamQzeEV3EAE,지나만 가봤지 아직 못가봄...,1년 전,2020-11-10 19:59:56.590342,김수진,0,0,https://www.google.com/maps/contrib/108325432786776006902/reviews?hl=ko-KR
ChdDSUhNMG9nS0VJQ0FnSURVa2RMa21BRRAB,,1년 전,2020-11-10 19:59:56.590342,Sam choi,0,0,https://www.google.com/maps/contrib/110925787110326829609/reviews?hl=ko-KR
ChZDSUhNMG9nS0VJQ0FnSURVOHNLaGR3EAE,,1년 전,2020-11-10 19:59:56.591339,종인목포라이더,0,0,https://www.google.com/maps/contrib/106382688994972120367/reviews?hl=ko-KR
ChZDSUhNMG9nS0VJQ0FnSURVc3I2SEN3EAE,,1년 전,2020-11-10 20:00:03.715130,김승용,0,0,https://www.google.com/maps/contrib/100824132892130578545/reviews?hl=ko-KR
ChZDSUhNMG9nS0VJQ0FnSURVcE1US1RnEAE,지역마다 시장의 형태가 지워져가는 것이 너무 안타깝다,1년 전,2020-11-10 20:00:03.716147,박영근,0,0,https://www.google.com/maps/contrib/101215515892880248211/reviews?hl=ko-KR
ChdDSUhNMG9nS0VJQ0FnSURVb09ydjRRRRAB,분위기 좋음,1년 전,2020-11-10 20:00:03.716147,허찬,0,0,https://www.google.com/maps/contrib/117247633797121659683/reviews?hl=ko-KR
ChdDSUhNMG9nS0VJQ0FnSUNVczY2Y3hBRRAB,,1년 전,2020-11-10 20:00:03.717124,Sean J,0,0,https://www.google.com/maps/contrib/116144338026924274807/reviews?hl=ko-KR
ChZDSUhNMG9nS0VJQ0FnSUNVX2FUSEp3EAE,,1년 전,2020-11-10 20:00:03.717124,DONG JIN LEE,0,0,https://www.google.com/maps/contrib/104254333503285007047/reviews?hl=ko-KR
ChdDSUhNMG9nS0VJQ0FnSUNVM2ZLSDF3RRAB,"털실케잌,르몽블랑, 때문에 갔는데 아직 활성화가 된 것 같지는 않고...인근에 공용주차장 때문에 차 가지고 가도 아무 문제없음. 옛날과 현대가 공존하는 분위기? 털실케잌은 보는 맛!",1년 전,2020-11-10 20:00:03.718125,셰롄[활동안함],0,0,https://www.google.com/maps/contrib/110251221138550350664/reviews?hl=ko-KR
ChdDSUhNMG9nS0VJQ0FnSUNVbllPWWdRRRAB,,1년 전,2020-11-10 20:00:03.718125,김운호,0,0,https://www.google.com/maps/contrib/102104935560223454970/reviews?hl=ko-KR
ChdDSUhNMG9nS0VJQ0FnSUNVcFpIdmlRRRAB,,1년 전,2020-11-10 20:00:03.719139,이재식,0,0,https://www.google.com/maps/contrib/106596964645215991740/reviews?hl=ko-KR
ChdDSUhNMG9nS0VJQ0FnSUNVcFo2N3dnRRAB,,1년 전,2020-11-10 20:00:03.719139,Daniel Min,0,0,https://www.google.com/maps/contrib/117240752580982950499/reviews?hl=ko-KR
ChZDSUhNMG9nS0VJQ0FnSUNVcnEyMFJnEAE,아직자리가덜집힌듯. ..BK태국식당 오픈했네요,1년 전,2020-11-10 20:00:03.720121,정규하,0,0,https://www.google.com/maps/contrib/109375595929361251670/reviews?hl=ko-KR
ChZDSUhNMG9nS0VJQ0FnSUNVdG9MVktREAE,내 집,1년 전,2020-11-10 20:00:10.935984,류경,0,0,https://www.google.com/maps/contrib/104116294768635788941/reviews?hl=ko-KR
ChZDSUhNMG9nS0VJQ0FnSUNVX01udGFBEAE,,1년 전,2020-11-10 20:00:10.936980,김혜진,0,0,https://www.google.com/maps/contrib/118179744623767362233/reviews?hl=ko-KR
ChZDSUhNMG9nS0VJQ0FnSUNVNktucENnEAE,,1년 전,2020-11-10 20:00:10.936980,김정이,0,0,https://www.google.com/maps/contrib/114864200019029731121/reviews?hl=ko-KR
ChdDSUhNMG9nS0VJQ0FnSUNVcUxfUm9RRRAB,,1년 전,2020-11-10 20:00:10.937989,jonggyu lee,0,0,https://www.google.com/maps/contrib/107869322589021055986/reviews?hl=ko-KR
ChZDSUhNMG9nS0VJQ0FnSUNVaU9hN09REAE,(Google 번역 제공) 작은 상점 방문 상점 많은  (원문) Small shops lots of shops to visit,1년 전,2020-11-10 20:00:10.937989,강서일,0,0,https://www.google.com/maps/contrib/105601553330120632040/reviews?hl=ko-KR
ChZDSUhNMG9nS0VJQ0FnSUNVNEtxcEV3EAE,,1년 전,2020-11-10 20:00:10.938972,김성용,0,0,https://www.google.com/maps/contrib/102406450540471777584/reviews?hl=ko-KR
ChdDSUhNMG9nS0VJQ0FnSUNVNEtLNnBBRRAB,여전히 손길이 필요.,1년 전,2020-11-10 20:00:10.938972,Sungyoung Lee,0,0,https://www.google.com/maps/contrib/114369683437848037706/reviews?hl=ko-KR
ChdDSUhNMG9nS0VJQ0FnSURrMzlDLWh3RRAB,오래되고 컴컴했던 죽어가던 시장이 마을재생사업으로 젊은이들이 많이 들어오게 되면서 이색적인 공간으로 탈바꿈하고 있습니다.,1년 전,2020-11-10 20:00:10.939980,김주희,0,0,https://www.google.com/maps/contrib/102862486654061316519/reviews?hl=ko-KR
ChZDSUhNMG9nS0VJQ0FnSURrcjgzYlVBEAE,(Google 번역 제공) 환상적인 변화 ... 똑같은 2017 년과 2019 년  (원문) Fantastic changing ... Exact same place in 2017 and 2019,1년 전,2020-11-10 20:00:10.939980,Wonjún Park,0,0,https://www.google.com/maps/contrib/103152986203122943482/reviews?hl=ko-KR
ChZDSUhNMG9nS0VJQ0FnSURrcTZXR0t3EAE,"옛날 영화의 세츠장에온 느낌이다. 달동네 경험을 위해서 순천까지 갈 필요가없다. 아기자기한 카페, 음식점, 케이크 하우스가 마음을 끈다. 성냥팔이 소녀가 불을 킬때마다 작은 불속에 따뜻해 보이는 집들처럼 추억을 밝혀준다.",1년 전,2020-11-10 20:00:10.940967,Elijah J. Ahn,0,0,https://www.google.com/maps/contrib/101953580102699934204/reviews?hl=ko-KR
ChZDSUhNMG9nS0VJQ0FnSURrdzk3TEVnEAE,,1년 전,2020-11-10 20:00:18.307386,이융종,0,0,https://www.google.com/maps/contrib/109627873806401621328/reviews?hl=ko-KR
ChdDSUhNMG9nS0VJQ0FnSURrNWRhOHpnRRAB,젠트리피케이션...,1년 전,2020-11-10 20:00:18.308437,"쉴레이만은 솔로몬, 유수프는 요셉",0,0,https://www.google.com/maps/contrib/107105263866842565745/reviews?hl=ko-KR
ChdDSUhNMG9nS0VJQ0FnSUNrdHBhQXJ3RRAB,미완의 시장,1년 전,2020-11-10 20:00:18.309440,새벽기차안에서,0,0,https://www.google.com/maps/contrib/102927241758536427332/reviews?hl=ko-KR
ChZDSUhNMG9nS0VJQ0FnSURFeHJUNGFBEAE,우리집 근처라 매일 지나가지만 정겨운 풍경은 매일 좋다,1년 전,2020-11-10 20:00:18.309440,kiseon kwon,0,0,https://www.google.com/maps/contrib/112117296491922359953/reviews?hl=ko-KR
ChdDSUhNMG9nS0VJQ0FnSUNFbTlla2hRRRAB,옛모습이 자꾸 사라져가서 아쉬운곳,1년 전,2020-11-10 20:00:18.310430,suji lovely,0,0,https://www.google.com/maps/contrib/101397179115420699403/reviews?hl=ko-KR
ChdDSUhNMG9nS0VJQ0FnSUQ0Mk5PazZRRRAB,,1년 전,2020-11-10 20:00:18.310430,김승희,0,0,https://www.google.com/maps/contrib/100072739316910450239/reviews?hl=ko-KR
ChdDSUhNMG9nS0VJQ0FnSUM0aXVlc3BBRRAB,점점사라지는.,1년 전,2020-11-10 20:00:18.310430,kim경,0,0,https://www.google.com/maps/contrib/104845619218066309995/reviews?hl=ko-KR
ChdDSUhNMG9nS0VJQ0FnSURZbDlUczNBRRAB,요즘은 사람이 조금 줄어서 가면 원하는 먹거리는 즐길 수 있을 꺼에요,1년 전,2020-11-10 20:00:18.311437,곰대남자TV,0,0,https://www.google.com/maps/contrib/117444225150019039362/reviews?hl=ko-KR
ChdDSUhNMG9nS0VJQ0FnSUM0bElUbW53RRAB,집 근처 잇는데 뜨는곳 놀러오긴 그렇고... 식당 검색해서 놀러오세요,1년 전,2020-11-10 20:00:18.311437,가즈앙,0,0,https://www.google.com/maps/contrib/106291394658963305151/reviews?hl=ko-KR
ChdDSUhNMG9nS0VJQ0FnSUM0cEtfUXpRRRAB,,1년 전,2020-11-10 20:00:18.312436,Denzelle Ann,0,0,https://www.google.com/maps/contrib/106480152911804686813/reviews?hl=ko-KR
ChZDSUhNMG9nS0VJQ0FnSUM0LUpmRUlREAE,,1년 전,2020-11-10 20:00:25.640975,전종진,0,0,https://www.google.com/maps/contrib/103757553325830170556/reviews?hl=ko-KR
ChZDSUhNMG9nS0VJQ0FnSUM0bUt6TVZBEAE,재래시장의 정석,1년 전,2020-11-10 20:00:25.641958,한웅수,0,0,https://www.google.com/maps/contrib/106039332350603462008/reviews?hl=ko-KR
ChdDSUhNMG9nS0VJQ0FnSURZM19PbHhnRRAB,(Google 번역 제공) 실제 시장이 아닙니다. 채식주의 자와 몇 개의 이웃 레스토랑.  (원문) Not an actual market. Just a veggie stand and a few neighbourhood restaurants.,1년 전,2020-11-10 20:00:25.641958,Joon Kim,0,0,https://www.google.com/maps/contrib/106089325845152033282/reviews?hl=ko-KR
ChZDSUhNMG9nS0VJQ0FnSURZZzlEc1dREAE,,1년 전,2020-11-10 20:00:25.641958,Hyeyun Kim,0,0,https://www.google.com/maps/contrib/102660300112015431642/reviews?hl=ko-KR
ChZDSUhNMG9nS0VJQ0FnSURZcmFEUFhBEAE,즐거워요,1년 전,2020-11-10 20:00:25.642964,곽태영,0,0,https://www.google.com/maps/contrib/117435996141481218678/reviews?hl=ko-KR
ChZDSUhNMG9nS0VJQ0FnSURZOVlqQkVBEAE,2시부터 5시까지 대부분이 브레이크타임 입니다~,1년 전,2020-11-10 20:00:25.642964,변혜리,0,0,https://www.google.com/maps/contrib/104004270958824461739/reviews?hl=ko-KR
ChZDSUhNMG9nS0VJQ0FnSURZcG83R2FBEAE,조그만 카페와 아기자기한  상점들,1년 전,2020-11-10 20:00:25.643960,조성호,0,0,https://www.google.com/maps/contrib/116074415331726964139/reviews?hl=ko-KR
ChZDSUhNMG9nS0VJQ0FnSURZZ3REb2VnEAE,옛날 시장 맛이 안나고 시장이 죽었다,1년 전,2020-11-10 20:00:25.643960,송영근,0,0,https://www.google.com/maps/contrib/108801585672325042519/reviews?hl=ko-KR
ChZDSUhNMG9nS0VJQ0FnSURZbkxxSWVnEAE,,1년 전,2020-11-10 20:00:25.644963,dong young kim,0,0,https://www.google.com/maps/contrib/114375210122125234532/reviews?hl=ko-KR
ChZDSUhNMG9nS0VJQ0FnSURZNVBpUFV3EAE,,1년 전,2020-11-10 20:00:25.644963,Barkley Joo,0,0,https://www.google.com/maps/contrib/105388820804573038765/reviews?hl=ko-KR
ChdDSUhNMG9nS0VJQ0FnSURZLUlyejVRRRAB,진짜 볼것없음,1년 전,2020-11-10 20:00:33.032252,Gunam Kang,0,0,https://www.google.com/maps/contrib/104198354825508388436/reviews?hl=ko-KR
ChdDSUhNMG9nS0VJQ0FnSURZNktEN3BBRRAB,주차 노답,1년 전,2020-11-10 20:00:33.033248,윤정연,0,0,https://www.google.com/maps/contrib/109281377915473123604/reviews?hl=ko-KR
ChdDSUhNMG9nS0VJQ0FnSUNZbDZmOW93RRAB,,1년 전,2020-11-10 20:00:33.033248,이창복,0,0,https://www.google.com/maps/contrib/116219407606553169394/reviews?hl=ko-KR
ChZDSUhNMG9nS0VJQ0FnSUNZdWZhdWRnEAE,,1년 전,2020-11-10 20:00:33.034300,Jayar Cruz Dizon,0,0,https://www.google.com/maps/contrib/102250768212316885889/reviews?hl=ko-KR
ChdDSUhNMG9nS0VJQ0FnSUNZM3I2a2hnRRAB,그 신흥시장 만에 감성,1년 전,2020-11-10 20:00:33.034300,우건우,0,0,https://www.google.com/maps/contrib/112690981042230939094/reviews?hl=ko-KR
ChZDSUhNMG9nS0VJQ0FnSUNZeXFqM1dREAE,트렌디한 가게들을 압축적으로 경험할 수 있음,1년 전,2020-11-10 20:00:33.035300,Miki Caine,0,0,https://www.google.com/maps/contrib/114663238705651428714/reviews?hl=ko-KR
ChdDSUhNMG9nS0VJQ0FnSURvaGJidDZ3RRAB,,1년 전,2020-11-10 20:00:33.035300,tina VoV,0,0,https://www.google.com/maps/contrib/110500059663874697279/reviews?hl=ko-KR
ChZDSUhNMG9nS0VJQ0FnSURvNHZLSWJREAE,,1년 전,2020-11-10 20:00:33.036299,Prasad Koogi,0,0,https://www.google.com/maps/contrib/110747544320452772592/reviews?hl=ko-KR
ChZDSUhNMG9nS0VJQ0FnSURvaEpydU9nEAE,옛날 시장 모습을 연상 시키는곳,1년 전,2020-11-10 20:00:33.036299,서동현,0,0,https://www.google.com/maps/contrib/110568898275452133681/reviews?hl=ko-KR
ChZDSUhNMG9nS0VJQ0FnSURvOEpxZFBREAE,백종원의 골목시장 나온 덕에 가보았는데 아담하니..정리된 골목시장느낌.. 옆 탄천 정비되어있음,1년 전,2020-11-10 20:00:33.037292,tekami,0,0,https://www.google.com/maps/contrib/112095160258102805981/reviews?hl=ko-KR
ChdDSUhNMG9nS0VJQ0FnSUNJMHZDODhnRRAB,,1년 전,2020-11-10 20:00:40.408698,오주현,0,0,https://www.google.com/maps/contrib/103643246122004670139/reviews?hl=ko-KR
ChZDSUhNMG9nS0VJQ0FnSUNvaDZIZGV3EAE,다 스러져가는 분위기가 있었던 곳.,1년 전,2020-11-10 20:00:40.409695,소포,0,0,https://www.google.com/maps/contrib/105833855404093226812/reviews?hl=ko-KR
ChZDSUhNMG9nS0VJQ0FnSUNvX1ltS1pnEAE,,1년 전,2020-11-10 20:00:40.409695,jin woo yoon,0,0,https://www.google.com/maps/contrib/108363755553412025426/reviews?hl=ko-KR
ChdDSUhNMG9nS0VJQ0FnSUNvOWZLaDRRRRAB,,1년 전,2020-11-10 20:00:40.410694,hana,0,0,https://www.google.com/maps/contrib/104788338388761416918/reviews?hl=ko-KR
ChZDSUhNMG9nS0VJQ0FnSUNvdm9MR1dREAE,분위기 좋음,1년 전,2020-11-10 20:00:40.410694,Minho Lee,0,0,https://www.google.com/maps/contrib/118097643520551852136/reviews?hl=ko-KR
ChZDSUhNMG9nS0VJQ0FnSUNvbHItNkxBEAE,,1년 전,2020-11-10 20:00:40.410694,Viv LEE,0,0,https://www.google.com/maps/contrib/107464901790675208904/reviews?hl=ko-KR
ChZDSUhNMG9nS0VJQ0FnSUNvaFByRkFREAE,,1년 전,2020-11-10 20:00:40.411690,김영수,0,0,https://www.google.com/maps/contrib/102902694707237559416/reviews?hl=ko-KR
ChdDSUhNMG9nS0VJQ0FnSUNvcUo2bndnRRAB,,1년 전,2020-11-10 20:00:40.411690,한병주,0,0,https://www.google.com/maps/contrib/103884582718731313318/reviews?hl=ko-KR
ChdDSUhNMG9nS0VJQ0FnSURJM19ibDV3RRAB,가볼만해요,1년 전,2020-11-10 20:00:40.412743,유미나,0,0,https://www.google.com/maps/contrib/111777039934567610944/reviews?hl=ko-KR
ChZDSUhNMG9nS0VJQ0FnSURJNzZPcUpREAE,,1년 전,2020-11-10 20:00:40.412743,Patrick Kay,0,0,https://www.google.com/maps/contrib/100879856292098480347/reviews?hl=ko-KR
ChZDSUhNMG9nS0VJQ0FnSURJbGU2OWZ3EAE,알탕의 경우 포장을 하면 더 저렴하다. 그러나 대기줄이 길어서 가게에서 먹으려면 2시간은 줄서야 할 듯! 알탕은 고니가 정말 많이들었다. 가성비 최고다,1년 전,2020-11-10 20:00:47.909672,김보름,0,0,https://www.google.com/maps/contrib/111718542328040516356/reviews?hl=ko-KR
ChdDSUhNMG9nS0VJQ0FnSURJeXZxcDZBRRAB,,1년 전,2020-11-10 20:00:47.909672,kyoungtaek park,0,0,https://www.google.com/maps/contrib/115584398428763858183/reviews?hl=ko-KR
ChdDSUhNMG9nS0VJQ0FnSURJd3AycTFRRRAB,"죽어가는 상권을 백종원이 살린다고 몇 솔류션을 제시한 시장상권. 해물탕집은 여전히 줄서서 먹고 있고, 특이한 카페들이 공존하여 나름 특이한 분위기 있음. 하지만 주변 볼거리가 없어 추천할 곳은 되지 않는 듯.",1년 전,2020-11-10 20:00:47.910668,Siyeul Kim,0,0,https://www.google.com/maps/contrib/114179553570467749345/reviews?hl=ko-KR
ChZDSUhNMG9nS0VJQ0FnSURJX09TdEt3EAE,신 구시대가 공존하는 추천장소,1년 전,2020-11-10 20:00:47.910668,김영대,0,0,https://www.google.com/maps/contrib/111136886507183596565/reviews?hl=ko-KR
ChdDSUhNMG9nS0VJQ0FnSURJM0xiV2x3RRAB,젊음이 모여 열정을 싹튀우는 시장,1년 전,2020-11-10 20:00:47.911665,서은해,0,0,https://www.google.com/maps/contrib/117393870647201777751/reviews?hl=ko-KR
ChZDSUhNMG9nS0VJQ0FnSURJcEpMa0xBEAE,"근처에 주차장이 있어서 편리하네요. 시장은 아직 바닥 공사도 곳곳에 하고 있어서 어수선해요. 방송에 나온 횟집은 계속 대기표 받아 대기중이고요. 다른 집은 못가봤네요. 아귀찜 연어회덮밥 꽁치구이 먹었었어요. 아귀찜은 소 시켰는데 아귀가 많이 들어있어요. 맛은 생각만큼 대단하진 않아요. 연어는 신선하지만 그냥 일식집 정도의 비주얼이나 퀄리티는 아니네요. 꽁치구이는 잘 구워주시는 편이네요. 알탕을 못먹어봐서 아쉬운데 다시 올수 있을지는 모르겠네요. 꼭 와야겠다는 마음은 아직 없는 것 같아요. 시장이 워낙 어수선하고 외져서 ,,",1년 전,2020-11-10 20:00:47.912662,THINK A,0,0,https://www.google.com/maps/contrib/107428952469510098732/reviews?hl=ko-KR
ChdDSUhNMG9nS0VJQ0FnSUNJbF9ldGt3RRAB,"좋습니다! 골목식당에 나온 해방촌 신흥시장 분위가 굉장히 아늑하며 마치 90년대 초반에 와 있는 기분이 듭니다. 정육 술집 카페 , 그리고 골목식당에 나온 카레집, 볶음밥집 횟집 등이 있으며 요새는 대기가 없어 늦게 가도 됩니다. 신흥시장 구경 후 나와 숙명여대까지 걷는 길도 좋은 코스입니다",1년 전,2020-11-10 20:00:47.913661,명크,0,0,https://www.google.com/maps/contrib/112071580561724606912/reviews?hl=ko-KR
ChZDSUhNMG9nS0VJQ0FnSUNJbS1XVmRnEAE,,1년 전,2020-11-10 20:00:47.913661,Tang goon,0,0,https://www.google.com/maps/contrib/106906425894886206717/reviews?hl=ko-KR
ChdDSUhNMG9nS0VJQ0FnSUNJczR6NXd3RRAB,,1년 전,2020-11-10 20:00:47.914656,JUUL Kim,0,0,https://www.google.com/maps/contrib/100912609938151098258/reviews?hl=ko-KR
ChdDSUhNMG9nS0VJQ0FnSUNJMmM3bXJ3RRAB,,1년 전,2020-11-10 20:00:47.914656,천승환,0,0,https://www.google.com/maps/contrib/114502349703751356709/reviews?hl=ko-KR
ChdDSUhNMG9nS0VJQ0FnSUNJX3Jhc2xnRRAB,툭별한곳,1년 전,2020-11-10 20:00:55.489438,hotae ryu,0,0,https://www.google.com/maps/contrib/115915507633249727599/reviews?hl=ko-KR
ChdDSUhNMG9nS0VJQ0FnSUNJOXFlNzF3RRAB,,1년 전,2020-11-10 20:00:55.490375,JunYoung Yang,0,0,https://www.google.com/maps/contrib/106891278414547295614/reviews?hl=ko-KR
ChdDSUhNMG9nS0VJQ0FnSUNJaHF1WDNBRRAB,,1년 전,2020-11-10 20:00:55.491372,이철호,0,0,https://www.google.com/maps/contrib/113182762757621909342/reviews?hl=ko-KR
ChdDSUhNMG9nS0VJQ0FnSUNJOHN1ODN3RRAB,(Google 번역 제공) 점심을 먹기에 좋다 :)  (원문) Good for having a lunch:),2년 전,2020-11-10 20:00:55.491372,개복치,0,0,https://www.google.com/maps/contrib/110717034587616950285/reviews?hl=ko-KR
ChZDSUhNMG9nS0VJQ0FnSUR3M1BxZlBREAE,ㄹㅇ,2년 전,2020-11-10 20:00:55.492417,피코치,0,0,https://www.google.com/maps/contrib/101456918849125956677/reviews?hl=ko-KR
ChdDSUhNMG9nS0VJQ0FnSUR3MXRQc2hBRRAB,,2년 전,2020-11-10 20:00:55.493364,박미경,0,0,https://www.google.com/maps/contrib/107515547905249200680/reviews?hl=ko-KR
ChdDSUhNMG9nS0VJQ0FnSUR3cHNELWpRRRAB,정말 재밌고 신기한 공간이네요,2년 전,2020-11-10 20:00:55.494393,212 good,0,0,https://www.google.com/maps/contrib/101353057691528427611/reviews?hl=ko-KR
ChZDSUhNMG9nS0VJQ0FnSUNBamQzeEtnEAE,(Google 번역 제공) 화려한 비싼 카페와 디저트.  (원문) Fancy expensive cafes and desserts.,2년 전,2020-11-10 20:00:55.494393,JH LEE,0,0,https://www.google.com/maps/contrib/115221086624596118623/reviews?hl=ko-KR
ChdDSUhNMG9nS0VJQ0FnSURRNUtMc3dRRRAB,"(Google 번역 제공) 많은 독특한 공급 업체가있는 매우 흥미로운 힙한 장소입니다. 바 ""길 바 오리""  (원문) Very interesting hip place with many unique vendors.  Try the bar ""Gil bar duck'",2년 전,2020-11-10 20:00:55.495393,Steve Choe,0,0,https://www.google.com/maps/contrib/107709158463645988764/reviews?hl=ko-KR
ChdDSUhNMG9nS0VJQ0FnSURBbHBmdzVRRRAB,저녁늦게가서인지 볼게 없었어요... 차 가져가이는분들 주차하기 힘들어요 ㅠ공영주차장이 두군데인가 있긴한데 시장이랑 멀기도하지만 두군데 모두 만차...대중교통이용해서 구경가야겠어요 ㅠ,2년 전,2020-11-10 20:00:55.496354,강밍밍,0,0,https://www.google.com/maps/contrib/113759431194645988676/reviews?hl=ko-KR
ChZDSUhNMG9nS0VJQ0FnSURRcjVXMU5REAE,요즘은 맛난 장소가 있담니다,2년 전,2020-11-10 20:01:03.079109,김순희,0,0,https://www.google.com/maps/contrib/114115339121473737060/reviews?hl=ko-KR
ChdDSUhNMG9nS0VJQ0FnSURneHJpZHRnRRAB,,2년 전,2020-11-10 20:01:03.079109,아름다운나무,0,0,https://www.google.com/maps/contrib/117151573216682482092/reviews?hl=ko-KR
ChdDSUhNMG9nS0VJQ0FnSURBbS1MQXBnRRAB,부디 이곳은...포에버,2년 전,2020-11-10 20:01:03.080112,si cha,0,0,https://www.google.com/maps/contrib/106638196731753618574/reviews?hl=ko-KR
ChdDSUhNMG9nS0VJQ0FnSUNBdGNiZ3B3RRAB,,2년 전,2020-11-10 20:01:03.080112,Skyla Sam,0,0,https://www.google.com/maps/contrib/101831968963727527903/reviews?hl=ko-KR
ChdDSUhNMG9nS0VJQ0FnSURBX1l6TXFnRRAB,개성넘치는 시장,2년 전,2020-11-10 20:01:03.081101,박지원,0,0,https://www.google.com/maps/contrib/115483936416167804511/reviews?hl=ko-KR
ChdDSUhNMG9nS0VJQ0FnSURRekxIdGdRRRAB,,2년 전,2020-11-10 20:01:03.081101,skyla jeon,0,0,https://www.google.com/maps/contrib/111470935808872376674/reviews?hl=ko-KR
ChZDSUhNMG9nS0VJQ0FnSUNRd2ZmaGRBEAE,ㅠㅠ,2년 전,2020-11-10 20:01:03.082095,Moonsoo Kim,0,0,https://www.google.com/maps/contrib/110616128817609260973/reviews?hl=ko-KR
ChZDSUhNMG9nS0VJQ0FnSUNReTlfMVlBEAE,기존의 야채파는 시장같지는 않네요. 이름은 시장이지만 젊은 이미지로 바꿔져 가는 시장입니다. 느낌 있는 가게들도 있고 들어오고 있어서 시간이 지나고 새로운 핫플레이스로 될 거 같습니다.,2년 전,2020-11-10 20:01:03.082095,gyoung Lee,0,0,https://www.google.com/maps/contrib/109146945563574520177/reviews?hl=ko-KR
ChZDSUhNMG9nS0VJQ0FnSUNBbHRTZklnEAE,거의 죽었던 시장골목인데 다시 살아나는 모습을 보니 좋네요,2년 전,2020-11-10 20:01:03.083096,Woncherl Ha,0,0,https://www.google.com/maps/contrib/115346079316158934845/reviews?hl=ko-KR
ChdDSUhNMG9nS0VJQ0FnSUN3c1B6WF9nRRAB,최근 골목식당에서 나와서 유명해진 곳. 가기는 정말 힘들어요. 남산순환도로쪽이 더 가까워요. 이색적인 분위기,2년 전,2020-11-10 20:01:03.083096,Taehun Kim,0,0,https://www.google.com/maps/contrib/115174607439025697080/reviews?hl=ko-KR
ChdDSUhNMG9nS0VJQ0FnSURBLTd2dTlRRRAB,별로야,2년 전,2020-11-10 20:01:12.122933,추현길,0,0,https://www.google.com/maps/contrib/116432879430720891899/reviews?hl=ko-KR
ChZDSUhNMG9nS0VJQ0FnSUNRMFlpcFFREAE,80년대 시장을 방불케하는풍경,2년 전,2020-11-10 20:01:12.123873,박송이,0,0,https://www.google.com/maps/contrib/114049007991818465742/reviews?hl=ko-KR
ChdDSUhNMG9nS0VJQ0FnSURBa2VHT3BnRRAB,"(Google 번역 제공) 신흥 시장 (신흥 시장) 이번에는 ""배종원의 후통 식당""이 촬영하러 왔어요! Huang Zhilie가 있습니다. Nam Paula가 도와드립니다! 치열한 보라 식당 쇼를 위해 열려 있지 않습니다  시장 회집 생선 알탕 (알탕) 맛있어요  코스모스 식당 카레 만  H5NG (홍) 볶음밥도 있고 새우 요리도 있어요!  비 플로르 키친 더 이상 사업이 없습니다! 문앞에 휴업 통지가 붙어 있습니다!  서울역에서 402 번 버스 탑승 보성 여고 입구 하차 보성 여중고 입구 내려 가서 미니샵 옆의 길을 봅니다. 들어가면 신흥 시장의 입구가 보입니다.  (원문) 新興市場（신흥시장） 這次《白鍾元的胡同餐館》來這拍攝！ 有黃致列.南寶拉來幫忙！ 치열한보라식당 現在沒有營業只是為了節目拍攝  시장회집 魚蛋湯（알탕）很好吃  코스모스식당 只有咖哩的餐點  H5NG（홍） 有炒飯.還有蝦子料理！  비플로르키친 沒有營業了！ 門口有貼暫停營業的公告！  從首爾站坐402巴士 到寶成女子高中入口 보성여중고입구 下車 走下去看到minishop旁邊的路 走進去就會看到新興市場入口",2년 전,2020-11-10 20:01:12.123873,zhima黃芝麻愛吃喝玩樂,0,0,https://www.google.com/maps/contrib/110211181545653124503/reviews?hl=ko-KR
ChdDSUhNMG9nS0VJQ0FnSUNnN0lPTnJRRRAB,,2년 전,2020-11-10 20:01:12.124869,Paw Sriprateep,0,0,https://www.google.com/maps/contrib/112903700847924861171/reviews?hl=ko-KR
ChdDSUhNMG9nS0VJQ0FnSUN3Zzg3Q3lBRRAB,작은 그리고 스스로의 이야기들이 적당히 잘 모여있었는데 점점 너무 많아지는 느낌,2년 전,2020-11-10 20:01:12.124869,Jae-Yong Cha,0,0,https://www.google.com/maps/contrib/101756833435796830856/reviews?hl=ko-KR
ChZDSUhNMG9nS0VJQ0FnSURBdHRyOWJREAE,,2년 전,2020-11-10 20:01:12.125876,배경희,0,0,https://www.google.com/maps/contrib/106481457812927411837/reviews?hl=ko-KR
ChZDSUhNMG9nS0VJQ0FnSURna3YyZlNREAE,,2년 전,2020-11-10 20:01:12.125876,Sangheuk Kong,0,0,https://www.google.com/maps/contrib/114450114718732352518/reviews?hl=ko-KR
ChZDSUhNMG9nS0VJQ0FnSUNRcThDY2NBEAE,"예약제로 딱 한 팀만을 위해 영업하는 식당 '비플로르 키친', 루프탑이 있고 커피가 예술인 카페 '오랑오랑', 따듯하고 부드러운 느낌의 카레 가게 '코스모스 식당', 노홍철이 운영하는 서점 '철든 책방', 안 그래도 묘한 분위기를 풍기는 저녁 시간대 신흥시장의 꽃인 펍/바 '길바닥', 그 외에도 곳곳에 색깔이 또렷한 가게들이 많이 있습니다. 시장 진입까지 길을 조금 헷갈리실 수 있지만 일단 들어가고 나면 특유의 분위기에 어딘가 한 곳은 들어가 경험하게 됩니다. 해방촌 특유의 분위기를 더 깊게 체험할 수 있습니다. 지역거주민, 데이트 중인 연인, 맛집탐방객 모두 찾아옵니다. 시장 안에 있는 매장 중 내부에 화장실을 가진 매장이 거의 없습니다. 시장 중간쯤에 위치한 공용 화장실을 이용하게 됩니다. 골목진 구조라 길을 잃기 쉽지만 길을 잃는 재미가 있는 곳입니다.",2년 전,2020-11-10 20:01:12.126870,김산,0,0,https://www.google.com/maps/contrib/104670235877816367430/reviews?hl=ko-KR
ChZDSUhNMG9nS0VJQ0FnSUNBb3Nhc013EAE,노홍철 철든 책방이 있습니다. 작은 재래시장인데 조금씩 개성있는 가게가 생겨나고 있습니다.,2년 전,2020-11-10 20:01:12.126870,노시경,0,0,https://www.google.com/maps/contrib/109023966069568825508/reviews?hl=ko-KR
