﻿id_review,caption,relative_date,retrieval_date,username,n_review_user,n_photo_user,url_user
ChdDSUhNMG9nS0VJQ0FnSUNpbVppdTB3RRAB,,2일 전,2020-11-10 17:43:35.585820,임용환,0,0,https://www.google.com/maps/contrib/114741390996594674120/reviews?hl=ko-KR
ChdDSUhNMG9nS0VJQ0FnSUNpdXB1SmdBRRAB,,1주 전,2020-11-10 17:43:35.585820,Tanaka Toshiharu,0,0,https://www.google.com/maps/contrib/108744885098819113059/reviews?hl=ko-KR
ChZDSUhNMG9nS0VJQ0FnSURDdloyWUt3EAE,그게 건물인가? 내가 지어도 그보다 잘  짓겠다,1달 전,2020-11-10 17:43:35.586817,강천수,0,0,https://www.google.com/maps/contrib/114937626022561357158/reviews?hl=ko-KR
ChZDSUhNMG9nS0VJQ0FnSURDN3VISkNnEAE,,1달 전,2020-11-10 17:43:35.586817,YouTube이퓨리,0,0,https://www.google.com/maps/contrib/102764307141156794054/reviews?hl=ko-KR
ChdDSUhNMG9nS0VJQ0FnSURDakstbzN3RRAB,,1달 전,2020-11-10 17:43:35.587755,KINO SIM,0,0,https://www.google.com/maps/contrib/104835163067104438413/reviews?hl=ko-KR
ChdDSUhNMG9nS0VJQ0FnSURDOE5ETm9BRRAB,"(Google 번역 제공) 나는 아직 여기에서 전시회를 방문하지 않았지만 거리에서 보는 것이 항상 좋으며 옥상 정원 / 공원이 자주 바뀌는 설치물은 여러 번 재미있는 곳으로 입증되었습니다.  (원문) I have yet to visit the exhibitions here, but it’s always nice to see it from the street, and its rooftop garden/park frequently-changing installations have proven to be a fun stop on multiple occasions.",1달 전,2020-11-10 17:43:35.588812,Raines Taylor,0,0,https://www.google.com/maps/contrib/110350581631431598915/reviews?hl=ko-KR
ChdDSUhNMG9nS0VJQ0FnSUNDbkxYYzh3RRAB,,2달 전,2020-11-10 17:43:35.588812,Dongho Cheon,0,0,https://www.google.com/maps/contrib/116831905355978106868/reviews?hl=ko-KR
ChdDSUhNMG9nS0VJQ0FnSUQ4NWJ5NjNRRRAB,,3달 전,2020-11-10 17:43:35.589805,권영란,0,0,https://www.google.com/maps/contrib/104890949729595370708/reviews?hl=ko-KR
ChdDSUhNMG9nS0VJQ0FnSUM4djRQaTNBRRAB,,3달 전,2020-11-10 17:43:35.590797,이솔,0,0,https://www.google.com/maps/contrib/101396457677075700341/reviews?hl=ko-KR
ChZDSUhNMG9nS0VJQ0FnSURjNXF2QmJREAE,,5달 전,2020-11-10 17:43:35.590797,Yongkil Son,0,0,https://www.google.com/maps/contrib/108418250107308126052/reviews?hl=ko-KR
ChdDSUhNMG9nS0VJQ0FnSURjbEl1eHRBRRAB,,5달 전,2020-11-10 17:43:35.591796,김건형,0,0,https://www.google.com/maps/contrib/105523809672918264789/reviews?hl=ko-KR
ChZDSUhNMG9nS0VJQ0FnSUNjbGZmZUZREAE,,7달 전,2020-11-10 17:43:35.591796,Jae Hong Abraham Jeong,0,0,https://www.google.com/maps/contrib/112546587006697581377/reviews?hl=ko-KR
ChdDSUhNMG9nS0VJQ0FnSUNjNUpYenV3RRAB,(Google 번역 제공) 방문하기에 짧은 박물관.  (원문) Short museum to visit.,7달 전,2020-11-10 17:43:35.592799,Samantha Kube,0,0,https://www.google.com/maps/contrib/114677136979219026930/reviews?hl=ko-KR
ChZDSUhNMG9nS0VJQ0FnSURzMGFPOUN3EAE,,8달 전,2020-11-10 17:43:35.592799,CHAI H,0,0,https://www.google.com/maps/contrib/118207083139397441318/reviews?hl=ko-KR
ChdDSUhNMG9nS0VJQ0FnSURzMGFEbzFBRRAB,,8달 전,2020-11-10 17:43:35.593797,조준형,0,0,https://www.google.com/maps/contrib/111311349009379517591/reviews?hl=ko-KR
ChdDSUhNMG9nS0VJQ0FnSUNzMzlqUXJBRRAB,,8달 전,2020-11-10 17:43:35.593797,박노수,0,0,https://www.google.com/maps/contrib/106431299483159988157/reviews?hl=ko-KR
ChdDSUhNMG9nS0VJQ0FnSUNzejhpUXlnRRAB,건축에대한 깊이있는전시를 무료로 관람할 수 있어서 너무 좋습니다!,8달 전,2020-11-10 17:43:35.594789,이민혁,0,0,https://www.google.com/maps/contrib/112504531224851478733/reviews?hl=ko-KR
ChZDSUhNMG9nS0VJQ0FnSUNzaTdyTlB3EAE,,8달 전,2020-11-10 17:43:35.594789,이재준,0,0,https://www.google.com/maps/contrib/104545751175347803551/reviews?hl=ko-KR
ChdDSUhNMG9nS0VJQ0FnSUNzczRqcjFBRRAB,,8달 전,2020-11-10 17:43:35.595784,김승일,0,0,https://www.google.com/maps/contrib/101139712337620946982/reviews?hl=ko-KR
ChZDSUhNMG9nS0VJQ0FnSUNzMWVPSFNnEAE,,9달 전,2020-11-10 17:43:35.595784,윤선미,0,0,https://www.google.com/maps/contrib/103824983104166984285/reviews?hl=ko-KR
ChdDSUhNMG9nS0VJQ0FnSUNzbFpYc2lnRRAB,,9달 전,2020-11-10 17:43:41.897756,즐케,0,0,https://www.google.com/maps/contrib/106699593481662826453/reviews?hl=ko-KR
ChZDSUhNMG9nS0VJQ0FnSUNzaGRic1l3EAE,,9달 전,2020-11-10 17:43:41.898754,Min-Ho Roh,0,0,https://www.google.com/maps/contrib/111038105068682861758/reviews?hl=ko-KR
ChdDSUhNMG9nS0VJQ0FnSUNzaGNqRHdnRRAB,,9달 전,2020-11-10 17:43:41.898754,J.H. Yang,0,0,https://www.google.com/maps/contrib/108355965416664816793/reviews?hl=ko-KR
ChdDSUhNMG9nS0VJQ0FnSUNzeWRyVG53RRAB,,9달 전,2020-11-10 17:43:41.899753,mijin sun,0,0,https://www.google.com/maps/contrib/107446049513470954476/reviews?hl=ko-KR
ChdDSUhNMG9nS0VJQ0FnSUNzd2RmUGlBRRAB,,9달 전,2020-11-10 17:43:41.900750,한겨리,0,0,https://www.google.com/maps/contrib/115498631079436844923/reviews?hl=ko-KR
ChdDSUhNMG9nS0VJQ0FnSUNzOXBIYTB3RRAB,공간이 깔끔해요.. 그치만 시각적으로 볼 게 많은 전시를 원해요!,9달 전,2020-11-10 17:43:41.900750,밥탱집빵,0,0,https://www.google.com/maps/contrib/104113133738371767484/reviews?hl=ko-KR
ChdDSUhNMG9nS0VJQ0FnSUNzbHQyTjRnRRAB,,9달 전,2020-11-10 17:43:41.901740,Dongzard K,0,0,https://www.google.com/maps/contrib/110093285437698217071/reviews?hl=ko-KR
ChdDSUhNMG9nS0VJQ0FnSUNzaHZERGpnRRAB,,9달 전,2020-11-10 17:43:41.901740,Teacher Brianne Jones,0,0,https://www.google.com/maps/contrib/104329686607206177466/reviews?hl=ko-KR
ChdDSUhNMG9nS0VJQ0FnSUNzNHNySTd3RRAB,,9달 전,2020-11-10 17:43:41.901740,Loamy Chica Pincay,0,0,https://www.google.com/maps/contrib/100054451273675342554/reviews?hl=ko-KR
ChZDSUhNMG9nS0VJQ0FnSUNzZ3FyNERnEAE,전시관자체가 독특하지만 공모전 전시품외에 잘 모르겠음. 전시다운 전시는 잘 못봤음. 설명해 주시는 분도없고 잠깐 들렀다 그냥 나왔음,9달 전,2020-11-10 17:43:41.902737,kim eunshin,0,0,https://www.google.com/maps/contrib/111605855669773439050/reviews?hl=ko-KR
ChZDSUhNMG9nS0VJQ0FnSUNzc0plRE9nEAE,"(Google 번역 제공) 새로운 도시 프로젝트의 다양한 소규모 전시회와 함께 서울의 역사에 대한 간략한 요약  (원문) Brief summaries of the history of Seoul, along with various small exhibitions of new urban projects",9달 전,2020-11-10 17:43:48.216675,Won-Joon Choi,0,0,https://www.google.com/maps/contrib/101441408162498223875/reviews?hl=ko-KR
ChdDSUhNMG9nS0VJQ0FnSUNzMExxTnZRRRAB,(Google 번역 제공) 서울의 건축  (원문) Seoul's architecture,9달 전,2020-11-10 17:43:48.216675,Seungwan Ryu,0,0,https://www.google.com/maps/contrib/115293260469892072372/reviews?hl=ko-KR
ChZDSUhNMG9nS0VJQ0FnSUNzMFB5UkpnEAE,,9달 전,2020-11-10 17:43:48.217667,기타치는망붕이,0,0,https://www.google.com/maps/contrib/114027720054839688089/reviews?hl=ko-KR
ChdDSUhNMG9nS0VJQ0FnSURNcjhhM2dBRRAB,,9달 전,2020-11-10 17:43:48.217667,Roberto Gallizio,0,0,https://www.google.com/maps/contrib/101377798897001679501/reviews?hl=ko-KR
ChdDSUhNMG9nS0VJQ0FnSURNMThiWDNRRRAB,서울아워 카페 커피 맛 좋아요,9달 전,2020-11-10 17:43:48.218667,문영훈,0,0,https://www.google.com/maps/contrib/117269816652373059685/reviews?hl=ko-KR
ChdDSUhNMG9nS0VJQ0FnSURNdV9TRV93RRAB,,9달 전,2020-11-10 17:43:48.218667,sang hwa jeong,0,0,https://www.google.com/maps/contrib/116497479440990479929/reviews?hl=ko-KR
ChZDSUhNMG9nS0VJQ0FnSURNcV9pa2ZBEAE,이 곳은 전시관인가 기념관인가. 신기하고 좋긴 하다만 주변이 무척 시끄럽다(특히 주말마다 있는 집회 소음이 다 들림),9달 전,2020-11-10 17:43:48.219659,HJ Park,0,0,https://www.google.com/maps/contrib/114807065102365480467/reviews?hl=ko-KR
ChZDSUhNMG9nS0VJQ0FnSURNMF96OEZREAE,"도시공학, 건축, 도시행정 등에 관한 전시가 열리며 관련 전공자나 도시/건축덕후들에게 흥미로운 것들이 많다",9달 전,2020-11-10 17:43:48.219659,Gyu Won Son,0,0,https://www.google.com/maps/contrib/114265066537538860887/reviews?hl=ko-KR
ChZDSUhNMG9nS0VJQ0FnSURNMDlUMVZBEAE,신기함. 1층 커피숖 좋음,9달 전,2020-11-10 17:43:48.220658,Dongsub Yi,0,0,https://www.google.com/maps/contrib/110372518677757230473/reviews?hl=ko-KR
ChdDSUhNMG9nS0VJQ0FnSURNdzZfRXJBRRAB,,9달 전,2020-11-10 17:43:48.220658,최미아,0,0,https://www.google.com/maps/contrib/111949458383943345771/reviews?hl=ko-KR
ChZDSUhNMG9nS0VJQ0FnSURNdzdmcEhBEAE,,9달 전,2020-11-10 17:43:54.581435,yonghoi koo,0,0,https://www.google.com/maps/contrib/102000297936814727673/reviews?hl=ko-KR
ChdDSUhNMG9nS0VJQ0FnSURNdmQ2Ynh3RRAB,"도시건축을 논하는 좋은 공간이 생겨서 기쁩니다. 뒤편에 예술공예운동 작품인 성공회성당을 시각적으로 가리지 않도록 지하로 깊게 파낸 것이 맘에 들었습니다. 덕분에 건너편에서 보면 우측의 부민관, 중앙의 성당, 그 아래로 얕게 돌출된 전시관의 창이 시각적으로 좋은 경험을 제공해주네요. 좋은 건축인 만큼 좋은 주제들이 담기는 전시관이 되었으면 좋겠습니다.",10달 전,2020-11-10 17:43:54.581435,Jeffrey Kim,0,0,https://www.google.com/maps/contrib/105817390060614847545/reviews?hl=ko-KR
ChdDSUhNMG9nS0VJQ0FnSURNM2JhRzh3RRAB,건축전시 그리고 조용한 분위기,10달 전,2020-11-10 17:43:54.582428,Kuk Hyun Goo,0,0,https://www.google.com/maps/contrib/110194473456926138122/reviews?hl=ko-KR
ChdDSUhNMG9nS0VJQ0FnSURNcmNLWTBBRRAB,,10달 전,2020-11-10 17:43:54.582428,유경석,0,0,https://www.google.com/maps/contrib/109455373175754356594/reviews?hl=ko-KR
ChZDSUhNMG9nS0VJQ0FnSURNcmZpckF3EAE,,10달 전,2020-11-10 17:43:54.583422,Zhengzhe Jin,0,0,https://www.google.com/maps/contrib/103061604493368946829/reviews?hl=ko-KR
ChdDSUhNMG9nS0VJQ0FnSURNdGJlc3J3RRAB,,10달 전,2020-11-10 17:43:54.583422,박희석,0,0,https://www.google.com/maps/contrib/103388741611929751353/reviews?hl=ko-KR
ChdDSUhNMG9nS0VJQ0FnSURNLVpqVGtBRRAB,,10달 전,2020-11-10 17:43:54.584417,이재우,0,0,https://www.google.com/maps/contrib/103351781085321265532/reviews?hl=ko-KR
ChZDSUhNMG9nS0VJQ0FnSURNNllEY0pBEAE,,10달 전,2020-11-10 17:43:54.584417,이수현,0,0,https://www.google.com/maps/contrib/107425507832887270610/reviews?hl=ko-KR
ChZDSUhNMG9nS0VJQ0FnSURNNGNLX0x3EAE,,10달 전,2020-11-10 17:43:54.585413,Sam Ridge,0,0,https://www.google.com/maps/contrib/118006466059916295074/reviews?hl=ko-KR
ChdDSUhNMG9nS0VJQ0FnSURNM3NYWXlRRRAB,,10달 전,2020-11-10 17:43:54.585413,Jeewon Moon,0,0,https://www.google.com/maps/contrib/104924312564849226677/reviews?hl=ko-KR
ChZDSUhNMG9nS0VJQ0FnSURNeG9tYVdREAE,,10달 전,2020-11-10 17:44:00.966136,사진기자머길,0,0,https://www.google.com/maps/contrib/109775352685263698099/reviews?hl=ko-KR
ChdDSUhNMG9nS0VJQ0FnSURNcXBHbTZnRRAB,건축 역사를 알수있는 박물관,10달 전,2020-11-10 17:44:00.967122,이신욱,0,0,https://www.google.com/maps/contrib/109859168963935534280/reviews?hl=ko-KR
ChZDSUhNMG9nS0VJQ0FnSURNaXE3ZVVREAE,,10달 전,2020-11-10 17:44:00.968119,James Yoo,0,0,https://www.google.com/maps/contrib/108599447617624319569/reviews?hl=ko-KR
ChZDSUhNMG9nS0VJQ0FnSURNb3ZHb0xREAE,도시건축에 관한 설치미술 작품입니다. 종로는 박물관이 많아요. 조용히 들러보심 좋을거 같아요.,10달 전,2020-11-10 17:44:00.968119,soonyi cheon,0,0,https://www.google.com/maps/contrib/105993209550009148382/reviews?hl=ko-KR
ChZDSUhNMG9nS0VJQ0FnSURNckxtclhREAE,잣나무 숲길 근처가 좋아요...,10달 전,2020-11-10 17:44:00.969124,SSK's VLOG,0,0,https://www.google.com/maps/contrib/108242608145026811540/reviews?hl=ko-KR
ChdDSUhNMG9nS0VJQ0FnSURNcUwtdjlnRRAB,,10달 전,2020-11-10 17:44:00.969124,hyun Lee,0,0,https://www.google.com/maps/contrib/117304227451668925756/reviews?hl=ko-KR
ChdDSUhNMG9nS0VJQ0FnSURNcU4tc2d3RRAB,,10달 전,2020-11-10 17:44:00.970113,Yongjin Cho,0,0,https://www.google.com/maps/contrib/111529256064520931812/reviews?hl=ko-KR
ChZDSUhNMG9nS0VJQ0FnSURNOFBMdlJnEAE,토요일에 시위한다고 시끄러운거 빼고 건축학학생이 놀기 너무 좋았어요!,10달 전,2020-11-10 17:44:00.971129,Jihun An,0,0,https://www.google.com/maps/contrib/105773826497293882418/reviews?hl=ko-KR
ChZDSUhNMG9nS0VJQ0FnSUNNbjRXYWZ3EAE,,10달 전,2020-11-10 17:44:00.971129,Seock Hwan Heo,0,0,https://www.google.com/maps/contrib/114230619883409847424/reviews?hl=ko-KR
ChZDSUhNMG9nS0VJQ0FnSUNNajlXV0dREAE,,11달 전,2020-11-10 17:44:00.972115,서광일,0,0,https://www.google.com/maps/contrib/105058806813191254467/reviews?hl=ko-KR
ChdDSUhNMG9nS0VJQ0FnSUNNeDVxYWp3RRAB,아직 준비중인 전시실이 많았지만 서울시를 한눈에 볼 수있고 여러가지 액티비티들이 있어 아이들이 둘러보기 좋네요~,11달 전,2020-11-10 17:44:07.438538,김상미,0,0,https://www.google.com/maps/contrib/102393295817758881183/reviews?hl=ko-KR
ChZDSUhNMG9nS0VJQ0FnSUNNMjdIemFnEAE,시청근처에서 시간이 남아서 기대없이 갔는데 재미있음,11달 전,2020-11-10 17:44:07.439531,Dennis Chung,0,0,https://www.google.com/maps/contrib/112224910482437684550/reviews?hl=ko-KR
ChZDSUhNMG9nS0VJQ0FnSUNNOC1QOEtREAE,전시관으로 잘 지어 놓은것같다,11달 전,2020-11-10 17:44:07.439531,G.J H,0,0,https://www.google.com/maps/contrib/104031551808825382937/reviews?hl=ko-KR
ChdDSUhNMG9nS0VJQ0FnSUQwaXJtSnlBRRAB,"광화문,시청광장은 인근지역주민주택생활도 해결하지못하고  상대적으로 전시행정 건축전시관이다.각성하라 세금이 아깝다",11달 전,2020-11-10 17:44:07.440524,김경로,0,0,https://www.google.com/maps/contrib/107520864792051572968/reviews?hl=ko-KR
ChZDSUhNMG9nS0VJQ0FnSUNNbzhURkt3EAE,,11달 전,2020-11-10 17:44:07.440524,ATM,0,0,https://www.google.com/maps/contrib/112388567540383973436/reviews?hl=ko-KR
ChdDSUhNMG9nS0VJQ0FnSUNNdzR1YTFRRRAB,최악의 전시공간과 최악의 전시물. 전반적으로 유지관리가 엉망임. 서울시 건축의 숨겨야할 곳. 건물이 아깝다.,11달 전,2020-11-10 17:44:07.440524,Skycloud,0,0,https://www.google.com/maps/contrib/108028804165537845706/reviews?hl=ko-KR
ChdDSUhNMG9nS0VJQ0FnSUNNbmJ5TzBnRRAB,,11달 전,2020-11-10 17:44:07.441534,윤정훈,0,0,https://www.google.com/maps/contrib/105976000841666517435/reviews?hl=ko-KR
ChZDSUhNMG9nS0VJQ0FnSUNNcllxS1hnEAE,젊은건축가 하이팅,11달 전,2020-11-10 17:44:07.441534,남오득건,0,0,https://www.google.com/maps/contrib/113642894654586913003/reviews?hl=ko-KR
ChZDSUhNMG9nS0VJQ0FnSUNNamJ5b2ZnEAE,"멋진 공간입니다 다만 공간과 평면이 복잡해서 눈에 보이는 방을 들어가기가 힘듭니다 ㅡㅡ 겉에서 유리 건너로 보이기는 하는데 끝내 못 들어가 본 방도 있음 아무튼 재미있는 건축물입니다 건축쟁이라면, 건축에 관심이 있는 분이라면 가 볼만합니다 이 건물 뒤편에 보이는 성당도 멋져요",11달 전,2020-11-10 17:44:07.442518,초코케잌,0,0,https://www.google.com/maps/contrib/109524858927941454294/reviews?hl=ko-KR
ChZDSUhNMG9nS0VJQ0FnSUNNcGI3ZWRREAE,맛없음,11달 전,2020-11-10 17:44:07.442518,이인규,0,0,https://www.google.com/maps/contrib/113253207463536073906/reviews?hl=ko-KR
ChZDSUhNMG9nS0VJQ0FnSUNNZ2MyWWJnEAE,,11달 전,2020-11-10 17:44:13.885021,마을이장,0,0,https://www.google.com/maps/contrib/116900136873350361009/reviews?hl=ko-KR
ChdDSUhNMG9nS0VJQ0FnSUNNZ2E3NjZRRRAB,,11달 전,2020-11-10 17:44:13.885021,Prerna Jain,0,0,https://www.google.com/maps/contrib/107084077839146774727/reviews?hl=ko-KR
ChZDSUhNMG9nS0VJQ0FnSUNNdnNHeE93EAE,대단한노력이 엿보이는 곳,11달 전,2020-11-10 17:44:13.886018,pyongkon min,0,0,https://www.google.com/maps/contrib/105233458568618909880/reviews?hl=ko-KR
ChZDSUhNMG9nS0VJQ0FnSUNNdnJEWlN3EAE,,11달 전,2020-11-10 17:44:13.886975,Seong Jun Hwang,0,0,https://www.google.com/maps/contrib/113459854257394825727/reviews?hl=ko-KR
ChdDSUhNMG9nS0VJQ0FnSUNNN3RtVHJ3RRAB,,11달 전,2020-11-10 17:44:13.886975,JK K,0,0,https://www.google.com/maps/contrib/117693706939326590182/reviews?hl=ko-KR
ChZDSUhNMG9nS0VJQ0FnSUQwb19TREJnEAE,,11달 전,2020-11-10 17:44:13.888013,김승용,0,0,https://www.google.com/maps/contrib/116779633675644891836/reviews?hl=ko-KR
ChZDSUhNMG9nS0VJQ0FnSUQwX2RXZ1F3EAE,,11달 전,2020-11-10 17:44:13.888013,정재욱,0,0,https://www.google.com/maps/contrib/105115581838517037422/reviews?hl=ko-KR
ChZDSUhNMG9nS0VJQ0FnSUQwamFxQVN3EAE,,11달 전,2020-11-10 17:44:13.889009,이준희,0,0,https://www.google.com/maps/contrib/115051644442393397749/reviews?hl=ko-KR
ChZDSUhNMG9nS0VJQ0FnSUQwamZpUWNnEAE,,11달 전,2020-11-10 17:44:13.889009,Лиза Лукьянова,0,0,https://www.google.com/maps/contrib/101933570410871552755/reviews?hl=ko-KR
ChdDSUhNMG9nS0VJQ0FnSUQwMWJuVl9nRRAB,난해,11달 전,2020-11-10 17:44:13.890002,李基喆,0,0,https://www.google.com/maps/contrib/105685426372307373620/reviews?hl=ko-KR
ChZDSUhNMG9nS0VJQ0FnSUQwNWNTYUdREAE,,11달 전,2020-11-10 17:44:20.400278,subak Kim,0,0,https://www.google.com/maps/contrib/103642867562214474977/reviews?hl=ko-KR
ChdDSUhNMG9nS0VJQ0FnSUQwNWZEQ2pnRRAB,공짜라서 갈만함,11달 전,2020-11-10 17:44:20.400278,쩡졍,0,0,https://www.google.com/maps/contrib/108305826539492371931/reviews?hl=ko-KR
ChZDSUhNMG9nS0VJQ0FnSUQwLWJfVERBEAE,아이하고 갔는데 아이가 좋아했습니다  서울 중심에  이런 곳이  있다는거  그것도 덕수궁 가는길에 의미가 더했고 한국의 건축물도 엄청 훌륭하다는것 알았습니다,11달 전,2020-11-10 17:44:20.401276,이형예,0,0,https://www.google.com/maps/contrib/117852666857044673028/reviews?hl=ko-KR
ChZDSUhNMG9nS0VJQ0FnSUQwcWF1S0pREAE,,11달 전,2020-11-10 17:44:20.401276,김영준,0,0,https://www.google.com/maps/contrib/103191019797966691519/reviews?hl=ko-KR
ChZDSUhNMG9nS0VJQ0FnSUQweWFlMkhnEAE,,1년 전,2020-11-10 17:44:20.402273,정대건,0,0,https://www.google.com/maps/contrib/116090567384909227315/reviews?hl=ko-KR
ChZDSUhNMG9nS0VJQ0FnSUQwaWZILVh3EAE,작은 공간이지만 깨끗하고 좋아요,1년 전,2020-11-10 17:44:20.403248,SuYeon Lim,0,0,https://www.google.com/maps/contrib/116611154438824659632/reviews?hl=ko-KR
ChZDSUhNMG9nS0VJQ0FnSUQwb2NPaUx3EAE,(Google 번역 제공) 잘  (원문) Gut,1년 전,2020-11-10 17:44:20.403248,Kubias Filip,0,0,https://www.google.com/maps/contrib/101025651853132138416/reviews?hl=ko-KR
ChdDSUhNMG9nS0VJQ0FnSUQwdnVfMXhBRRAB,큰실망,1년 전,2020-11-10 17:44:20.404279,Sun Cha,0,0,https://www.google.com/maps/contrib/117959323994748964230/reviews?hl=ko-KR
ChdDSUhNMG9nS0VJQ0FnSUQwN3Nia2dBRRAB,서울도시건축전시관을 제 37기 연우회 회원님들과(21인♡부부) 둘러보다~~~😁😍😁,1년 전,2020-11-10 17:44:20.404279,유순천,0,0,https://www.google.com/maps/contrib/107838238398167620905/reviews?hl=ko-KR
ChZDSUhNMG9nS0VJQ0FnSUQwem9fY1RREAE,일반적인 전시물과는 다른 추상적인 전시물들이 주가 되는 전시관이라는 느씸을 받았습니다. 박물관이 아니고 전시관이라고 이름붙인 것도 이런 이유가 아닐까 개인적으로 추측해 보았습니다.,1년 전,2020-11-10 17:44:20.405208,SJ Sung,0,0,https://www.google.com/maps/contrib/107630653893418083946/reviews?hl=ko-KR
ChdDSUhNMG9nS0VJQ0FnSUQwem9HbjhRRRAB,,1년 전,2020-11-10 17:44:27.017147,송형찬,0,0,https://www.google.com/maps/contrib/104383251538914881380/reviews?hl=ko-KR
ChdDSUhNMG9nS0VJQ0FnSUQwdHRISnN3RRAB,,1년 전,2020-11-10 17:44:27.017147,담요,0,0,https://www.google.com/maps/contrib/116498594584099158033/reviews?hl=ko-KR
ChZDSUhNMG9nS0VJQ0FnSUQweHUzcGNREAE,미팅장소..,1년 전,2020-11-10 17:44:27.018144,Theo Lee,0,0,https://www.google.com/maps/contrib/105677361727505163642/reviews?hl=ko-KR
ChZDSUhNMG9nS0VJQ0FnSUQwdXVPak1REAE,,1년 전,2020-11-10 17:44:27.018144,박관호,0,0,https://www.google.com/maps/contrib/101173880807723943948/reviews?hl=ko-KR
ChZDSUhNMG9nS0VJQ0FnSUQwdXZMVFpREAE,,1년 전,2020-11-10 17:44:27.019140,공부하는 40's 아빠,0,0,https://www.google.com/maps/contrib/108376131151270001318/reviews?hl=ko-KR
ChdDSUhNMG9nS0VJQ0FnSUQwNnZiRm5BRRAB,,1년 전,2020-11-10 17:44:27.020135,doogil jang,0,0,https://www.google.com/maps/contrib/107528210475130937174/reviews?hl=ko-KR
ChZDSUhNMG9nS0VJQ0FnSUQwaW9lMlZREAE,도심 한복판에 있는 도시건축재생관~,1년 전,2020-11-10 17:44:27.020135,신제니,0,0,https://www.google.com/maps/contrib/107420788743748855332/reviews?hl=ko-KR
ChdDSUhNMG9nS0VJQ0FnSUQwaXNta3pBRRAB,,1년 전,2020-11-10 17:44:27.021132,강석원,0,0,https://www.google.com/maps/contrib/115150393252845772168/reviews?hl=ko-KR
ChZDSUhNMG9nS0VJQ0FnSUQwNHBTemJnEAE,,1년 전,2020-11-10 17:44:27.021132,Flavien Berthaud,0,0,https://www.google.com/maps/contrib/111944394943404700067/reviews?hl=ko-KR
ChdDSUhNMG9nS0VJQ0FnSUQwX09QQnlnRRAB,공간에 비해 내용이 아직 형편 없다.,1년 전,2020-11-10 17:44:27.022135,thinkingless walkingmore,0,0,https://www.google.com/maps/contrib/116179908096061013624/reviews?hl=ko-KR
ChZDSUhNMG9nS0VJQ0FnSUQwX0tQcEFREAE,흥미로웠으나 전시 내용이 대학생들 졸업전시느낌이엇어용...,1년 전,2020-11-10 17:44:33.605165,밍밍밍,0,0,https://www.google.com/maps/contrib/100885588612004377588/reviews?hl=ko-KR
ChZDSUhNMG9nS0VJQ0FnSUQwblBtMGJ3EAE,잠깐의 여유를 가질수 있는 곳,1년 전,2020-11-10 17:44:33.606173,Jstar,0,0,https://www.google.com/maps/contrib/113946282593209780765/reviews?hl=ko-KR
ChdDSUhNMG9nS0VJQ0FnSUQwcklMXzN3RRAB,서울 도시건축의 현주소를 알 수 있다.,1년 전,2020-11-10 17:44:33.606173,최택성,0,0,https://www.google.com/maps/contrib/116210583039555432419/reviews?hl=ko-KR
ChZDSUhNMG9nS0VJQ0FnSUQwekxlYmV3EAE,서울 건축자산 전시관 좋아요^,1년 전,2020-11-10 17:44:33.607159,이정택,0,0,https://www.google.com/maps/contrib/114134602383783138128/reviews?hl=ko-KR
ChZDSUhNMG9nS0VJQ0FnSUQwbE0zb0dBEAE,서울의 도시건축문화라는 컨텐츠가 아직은 많이 부족한 탓에 전시장의 규모에 비해 내용이 단촐하네요. 아직은 전시행정의 틀을 벗어나기 어렵다는 느낌입니다,1년 전,2020-11-10 17:44:33.607159,HYUNSOO PARK,0,0,https://www.google.com/maps/contrib/109877437419907449107/reviews?hl=ko-KR
ChdDSUhNMG9nS0VJQ0FnSUQwbE1HMTVnRRAB,,1년 전,2020-11-10 17:44:33.608155,이태훈,0,0,https://www.google.com/maps/contrib/115305162879640757393/reviews?hl=ko-KR
ChZDSUhNMG9nS0VJQ0FnSUQwdU5YcktBEAE,한번 가볼만해요,1년 전,2020-11-10 17:44:33.608155,Yun Gwang Lee,0,0,https://www.google.com/maps/contrib/104534676418895418047/reviews?hl=ko-KR
ChZDSUhNMG9nS0VJQ0FnSUQwaUl1YlVnEAE,별거없음,1년 전,2020-11-10 17:44:33.609157,장종혁,0,0,https://www.google.com/maps/contrib/109400520363510196827/reviews?hl=ko-KR
ChdDSUhNMG9nS0VJQ0FnSUQwc05hNWhnRRAB,맘이 편한 곳!,1년 전,2020-11-10 17:44:33.609157,Gunil Hwang,0,0,https://www.google.com/maps/contrib/106734070273121324473/reviews?hl=ko-KR
ChZDSUhNMG9nS0VJQ0FnSUQwMEl1dllBEAE,,1년 전,2020-11-10 17:44:33.610149,김경열,0,0,https://www.google.com/maps/contrib/116878280322304311494/reviews?hl=ko-KR
ChdDSUhNMG9nS0VJQ0FnSUQwME1tdXJnRRAB,,1년 전,2020-11-10 17:44:40.249051,julia yee,0,0,https://www.google.com/maps/contrib/109797558632088085970/reviews?hl=ko-KR
ChdDSUhNMG9nS0VJQ0FnSUQwb01uWV9BRRAB,,1년 전,2020-11-10 17:44:40.249051,JY LEE,0,0,https://www.google.com/maps/contrib/117953873334049564009/reviews?hl=ko-KR
ChZDSUhNMG9nS0VJQ0FnSUMwcDhQdUhREAE,,1년 전,2020-11-10 17:44:40.249051,구태익,0,0,https://www.google.com/maps/contrib/114049173497626907271/reviews?hl=ko-KR
ChdDSUhNMG9nS0VJQ0FnSUMwLTlqeG9nRRAB,세련됨,1년 전,2020-11-10 17:44:40.250045,David Ahn,0,0,https://www.google.com/maps/contrib/100298057933953007394/reviews?hl=ko-KR
ChdDSUhNMG9nS0VJQ0FnSUMwbThpeTJBRRAB,,1년 전,2020-11-10 17:44:40.250045,김남혁,0,0,https://www.google.com/maps/contrib/104049418584466427321/reviews?hl=ko-KR
ChdDSUhNMG9nS0VJQ0FnSUMwNl9mdG1RRRAB,,1년 전,2020-11-10 17:44:40.251053,이동언,0,0,https://www.google.com/maps/contrib/104691104443871515503/reviews?hl=ko-KR
ChdDSUhNMG9nS0VJQ0FnSUMwNjZ1YjNnRRAB,,1년 전,2020-11-10 17:44:40.251989,Nadia Kim,0,0,https://www.google.com/maps/contrib/103143419782680750197/reviews?hl=ko-KR
ChdDSUhNMG9nS0VJQ0FnSUMwNjRtNjFRRRAB,북한 관련 전시회 기간인가봅니다. 넓진 않지만 나름 볼거리는 있네요.,1년 전,2020-11-10 17:44:40.251989,Jonny Kim,0,0,https://www.google.com/maps/contrib/113520361620527649347/reviews?hl=ko-KR
ChZDSUhNMG9nS0VJQ0FnSUMwMWNxdU1nEAE,서울의 역사적인 장소와 미래적인 건축방식이 어울려져 시각적으로도 공간적으로도 굉장히 잘 어울려져 좋았다,1년 전,2020-11-10 17:44:40.253040,이신라,0,0,https://www.google.com/maps/contrib/105740005294451383973/reviews?hl=ko-KR
ChZDSUhNMG9nS0VJQ0FnSUMwbmJYTWNBEAE,,1년 전,2020-11-10 17:44:40.253040,현실도피일기[Travel diary],0,0,https://www.google.com/maps/contrib/107747584381340158693/reviews?hl=ko-KR
ChdDSUhNMG9nS0VJQ0FnSUMwdGZ6N2dRRRAB,,1년 전,2020-11-10 17:44:46.876879,김정연,0,0,https://www.google.com/maps/contrib/103011828131094861711/reviews?hl=ko-KR
ChdDSUhNMG9nS0VJQ0FnSUMwcGJxT3pBRRAB,,1년 전,2020-11-10 17:44:46.876879,Kwang-Sik Moon,0,0,https://www.google.com/maps/contrib/103585487150267413226/reviews?hl=ko-KR
ChZDSUhNMG9nS0VJQ0FnSUMweWRLMU5REAE,,1년 전,2020-11-10 17:44:46.876879,임수지,0,0,https://www.google.com/maps/contrib/115131743970012693598/reviews?hl=ko-KR
ChZDSUhNMG9nS0VJQ0FnSUMwOFoyX0pnEAE,,1년 전,2020-11-10 17:44:46.877876,Byung Hoon Cho,0,0,https://www.google.com/maps/contrib/110563554099045044252/reviews?hl=ko-KR
ChZDSUhNMG9nS0VJQ0FnSUMwb2ZDdVZ3EAE,건축학도라면,1년 전,2020-11-10 17:44:46.877876,강성훈,0,0,https://www.google.com/maps/contrib/105050034558393533160/reviews?hl=ko-KR
ChdDSUhNMG9nS0VJQ0FnSUMwd1pfRjJRRRAB,,1년 전,2020-11-10 17:44:46.878873,ek ma,0,0,https://www.google.com/maps/contrib/109926584823974609846/reviews?hl=ko-KR
ChdDSUhNMG9nS0VJQ0FnSUMwd1l6NW53RRAB,서울의 도시계획 확인,1년 전,2020-11-10 17:44:46.879869,김선호,0,0,https://www.google.com/maps/contrib/103497609688985178757/reviews?hl=ko-KR
ChdDSUhNMG9nS0VJQ0FnSUMwdnNqNzVRRRAB,,1년 전,2020-11-10 17:44:46.879869,김범기,0,0,https://www.google.com/maps/contrib/103468349625710229639/reviews?hl=ko-KR
ChdDSUhNMG9nS0VJQ0FnSUMwM3JYUDFnRRAB,,1년 전,2020-11-10 17:44:46.879869,김혜임,0,0,https://www.google.com/maps/contrib/106764216849444560892/reviews?hl=ko-KR
ChdDSUhNMG9nS0VJQ0FnSUMwcnVmMW5RRRAB,,1년 전,2020-11-10 17:44:46.880866,home run,0,0,https://www.google.com/maps/contrib/103446760068586766351/reviews?hl=ko-KR
ChZDSUhNMG9nS0VJQ0FnSUMwLXFLR2ZnEAE,,1년 전,2020-11-10 17:44:53.800835,손형호,0,0,https://www.google.com/maps/contrib/105429657682546333243/reviews?hl=ko-KR
ChZDSUhNMG9nS0VJQ0FnSUMwdXJYWkZ3EAE,"덕수궁에 야외 전시를 보러 가다 비가 와서 옆에 있는 서울도시건축전시관으로 발을 돌렸습니다. 비가 와서 우산을 둘 곳이 필요했는데 우산 꽂이가 재밌게 되어 있어 전시 자체에 대해서도 기대를 많이 했습니다만 생각보다 전시의 깊이가 다소 아쉬웠으며 한국어와 영어로 병행 표기된 전시 설명에서 오자를 발견하여 완성도도 만족스럽지 않았습니다. 또한, 전시 기획관인 지하1층에서 영상 전시가 있는 지하2층으로의 안내 표시가 부족하다고 느껴졌습니다. 지하3층에 있는 북한과 관련한 자료는 흥미로웠으며 출국이 아닌 출경이라는 설명과 함께 유람을 하는 기분을 느끼게 해주어 신선했습니다. 디스플레이 된 영상도 지하 3층이 가장 재밌었습니다. 다만 도시재생에 대한 인식제고에 의의가 있다고 생각되며 기회가 된다면 한번쯤은 들러보는 것도 좋다고 생각합니다.",1년 전,2020-11-10 17:44:53.801825,박지희,0,0,https://www.google.com/maps/contrib/111842337601787290980/reviews?hl=ko-KR
ChZDSUhNMG9nS0VJQ0FnSUMwMnNmVEJnEAE,,1년 전,2020-11-10 17:44:53.801825,Ryan Bowling,0,0,https://www.google.com/maps/contrib/104369414600238967632/reviews?hl=ko-KR
ChdDSUhNMG9nS0VJQ0FnSUMwc3JTaG9RRRAB,,1년 전,2020-11-10 17:44:53.802823,정동영,0,0,https://www.google.com/maps/contrib/103863643705520033655/reviews?hl=ko-KR
ChdDSUhNMG9nS0VJQ0FnSUMwc3FUTm5RRRAB,,1년 전,2020-11-10 17:44:53.802823,김아들,0,0,https://www.google.com/maps/contrib/117811258989785417020/reviews?hl=ko-KR
ChZDSUhNMG9nS0VJQ0FnSUMwNHJQb1dBEAE,,1년 전,2020-11-10 17:44:53.803817,김명인,0,0,https://www.google.com/maps/contrib/111337702475362892239/reviews?hl=ko-KR
ChZDSUhNMG9nS0VJQ0FnSUMwNHNEd0hnEAE,,1년 전,2020-11-10 17:44:53.803817,양우혁,0,0,https://www.google.com/maps/contrib/114730828980651688403/reviews?hl=ko-KR
ChZDSUhNMG9nS0VJQ0FnSUMwb3NfOFVBEAE,,1년 전,2020-11-10 17:44:53.804814,김보성,0,0,https://www.google.com/maps/contrib/108894606556639602990/reviews?hl=ko-KR
ChZDSUhNMG9nS0VJQ0FnSUMwdk1tU01nEAE,,1년 전,2020-11-10 17:44:53.804814,K JI,0,0,https://www.google.com/maps/contrib/105381883235399647412/reviews?hl=ko-KR
ChdDSUhNMG9nS0VJQ0FnSUMwM0lpUzhBRRAB,,1년 전,2020-11-10 17:44:53.805758,조예,0,0,https://www.google.com/maps/contrib/109476693792591981388/reviews?hl=ko-KR
ChZDSUhNMG9nS0VJQ0FnSUMwbk5uTmZ3EAE,,1년 전,2020-11-10 17:45:00.621016,이승우,0,0,https://www.google.com/maps/contrib/111473487684029403240/reviews?hl=ko-KR
ChZDSUhNMG9nS0VJQ0FnSUMwNU52S1NBEAE,(Google 번역 제공) 재밌게 ~~~ !!  (원문) Have fun~~~!!,1년 전,2020-11-10 17:45:00.621016,김재욱,0,0,https://www.google.com/maps/contrib/108313839193821711787/reviews?hl=ko-KR
ChZDSUhNMG9nS0VJQ0FnSUMwcEk2clVnEAE,"시청 건너편에 위치해 있고 지상,지하철에서 진입도 편하고 서울지리,건축과 관련해서 많은 볼거리가 있어요..게다가 무료~~",1년 전,2020-11-10 17:45:00.622013,정현석,0,0,https://www.google.com/maps/contrib/112453148686196761728/reviews?hl=ko-KR
ChdDSUhNMG9nS0VJQ0FnSUMwcElpVWx3RRAB,,1년 전,2020-11-10 17:45:00.622013,장준,0,0,https://www.google.com/maps/contrib/101800770895842096433/reviews?hl=ko-KR
ChdDSUhNMG9nS0VJQ0FnSUMwMkxENXFBRRAB,,1년 전,2020-11-10 17:45:00.623010,Young-Baek Kim,0,0,https://www.google.com/maps/contrib/117095419014316804740/reviews?hl=ko-KR
ChZDSUhNMG9nS0VJQ0FnSUMwcU9hN1RnEAE,,1년 전,2020-11-10 17:45:00.623010,Howard Book,0,0,https://www.google.com/maps/contrib/107808401955460783414/reviews?hl=ko-KR
ChdDSUhNMG9nS0VJQ0FnSUMwNExfNzlnRRAB,,1년 전,2020-11-10 17:45:00.624006,Mitshell Mitshell,0,0,https://www.google.com/maps/contrib/105936827145495912640/reviews?hl=ko-KR
ChdDSUhNMG9nS0VJQ0FnSURVNzYtSTFnRRAB,,1년 전,2020-11-10 17:45:00.624006,태양족,0,0,https://www.google.com/maps/contrib/111678399452968189803/reviews?hl=ko-KR
ChZDSUhNMG9nS0VJQ0FnSURVN19QeUlREAE,,1년 전,2020-11-10 17:45:00.625003,s.k pk,0,0,https://www.google.com/maps/contrib/102041960674726477491/reviews?hl=ko-KR
ChdDSUhNMG9nS0VJQ0FnSURVajR6bXV3RRAB,,1년 전,2020-11-10 17:45:00.625003,이규랑,0,0,https://www.google.com/maps/contrib/114383548494462518051/reviews?hl=ko-KR
ChZDSUhNMG9nS0VJQ0FnSURVajlqaEp3EAE,,1년 전,2020-11-10 17:45:07.407375,WS,0,0,https://www.google.com/maps/contrib/111864358791562860245/reviews?hl=ko-KR
ChZDSUhNMG9nS0VJQ0FnSURVNTh2S1VnEAE,,1년 전,2020-11-10 17:45:07.407375,위정심,0,0,https://www.google.com/maps/contrib/106137435206613707087/reviews?hl=ko-KR
ChdDSUhNMG9nS0VJQ0FnSURVNS1LWV9RRRAB,,1년 전,2020-11-10 17:45:07.408371,김명선,0,0,https://www.google.com/maps/contrib/116718594678274323535/reviews?hl=ko-KR
ChdDSUhNMG9nS0VJQ0FnSURVNTV6ZG5nRRAB,,1년 전,2020-11-10 17:45:07.408371,Аня Сытник,0,0,https://www.google.com/maps/contrib/104060172343037148291/reviews?hl=ko-KR
ChdDSUhNMG9nS0VJQ0FnSURVODY3WDF3RRAB,,1년 전,2020-11-10 17:45:07.409367,Chi Kit L,0,0,https://www.google.com/maps/contrib/104710950778428124035/reviews?hl=ko-KR
ChdDSUhNMG9nS0VJQ0FnSURVblpuMDZ3RRAB,가볼만한 전시관. 내가 간날 옥상물놀이터를 늦게 개방해서 못즐기고와서 아쉬웠음,1년 전,2020-11-10 17:45:07.409367,Jeongmin Lee,0,0,https://www.google.com/maps/contrib/103349218872224674449/reviews?hl=ko-KR
ChZDSUhNMG9nS0VJQ0FnSURVbmFuM2RREAE,,1년 전,2020-11-10 17:45:07.410364,2000 Lee,0,0,https://www.google.com/maps/contrib/101565071745273037183/reviews?hl=ko-KR
ChZDSUhNMG9nS0VJQ0FnSURVMmJEVEN3EAE,쾌적한 환경입니다,1년 전,2020-11-10 17:45:07.410364,박동명,0,0,https://www.google.com/maps/contrib/108497133974089787566/reviews?hl=ko-KR
ChZDSUhNMG9nS0VJQ0FnSURVNmF2Z0tBEAE,편하게 갈숨있는 전시관,1년 전,2020-11-10 17:45:07.411360,신동민,0,0,https://www.google.com/maps/contrib/108205830986227781337/reviews?hl=ko-KR
ChZDSUhNMG9nS0VJQ0FnSURVa2FpTEhREAE,,1년 전,2020-11-10 17:45:07.411360,by 5000,0,0,https://www.google.com/maps/contrib/116353762531106837203/reviews?hl=ko-KR
ChZDSUhNMG9nS0VJQ0FnSURVbnI2dldBEAE,시청 맞은편에 있습니다 지하철역에서 걸어서 5분 이내입니다  1층에 카페가 있습니다,1년 전,2020-11-10 17:45:14.320339,젼이스져니,0,0,https://www.google.com/maps/contrib/109535270529966891812/reviews?hl=ko-KR
ChZDSUhNMG9nS0VJQ0FnSURVbHNEWWNREAE,,1년 전,2020-11-10 17:45:14.321337,donjea chun,0,0,https://www.google.com/maps/contrib/100464129807594804427/reviews?hl=ko-KR
ChZDSUhNMG9nS0VJQ0FnSURVd3VYbFp3EAE,,1년 전,2020-11-10 17:45:14.321337,SunJung Cho,0,0,https://www.google.com/maps/contrib/116395503193562684457/reviews?hl=ko-KR
ChdDSUhNMG9nS0VJQ0FnSURVOEpXdmlRRRAB,,1년 전,2020-11-10 17:45:14.322332,최웅석,0,0,https://www.google.com/maps/contrib/106714714202040662463/reviews?hl=ko-KR
ChZDSUhNMG9nS0VJQ0FnSUNVdi1HUFR3EAE,,1년 전,2020-11-10 17:45:14.323367,김유빈,0,0,https://www.google.com/maps/contrib/114438613528676192479/reviews?hl=ko-KR
ChZDSUhNMG9nS0VJQ0FnSUNVcjlHcExnEAE,,1년 전,2020-11-10 17:45:14.323367,강철희,0,0,https://www.google.com/maps/contrib/103589815703750180401/reviews?hl=ko-KR
ChZDSUhNMG9nS0VJQ0FnSUNVdDRlRUZREAE,"(Google 번역 제공) 일반적으로 조용히 설치, 사진을보고 사람들에 대해 읽습니다 (사진 번역기). 관광객이 없습니다. 입장료는 무료입니다. 골판지 집을 가져 와서 쓰고 원하는 것을 그리십시오.  (원문) Необычно, тихо, можно просто посмотреть инсталляции, фотографии, почитать о людях (фотопереводчик). Туристов нет. Вход бесплатный. Взять картонный домик, и написать, нарисовать на нем что хочешь.",1년 전,2020-11-10 17:45:14.324345,Марина С,0,0,https://www.google.com/maps/contrib/103762148957510737593/reviews?hl=ko-KR
ChZDSUhNMG9nS0VJQ0FnSUNVdDVIV2N3EAE,,1년 전,2020-11-10 17:45:14.324345,J LIM,0,0,https://www.google.com/maps/contrib/107928984625691884324/reviews?hl=ko-KR
ChdDSUhNMG9nS0VJQ0FnSUNVNTlTeGdnRRAB,,1년 전,2020-11-10 17:45:14.325343,JK Park,0,0,https://www.google.com/maps/contrib/113374288403690125860/reviews?hl=ko-KR
ChdDSUhNMG9nS0VJQ0FnSUNVcTRlUTR3RRAB,,1년 전,2020-11-10 17:45:14.325343,Pumpkin Dr,0,0,https://www.google.com/maps/contrib/114962113674049809300/reviews?hl=ko-KR
ChdDSUhNMG9nS0VJQ0FnSUNVcTdHbi1nRRAB,,1년 전,2020-11-10 17:45:21.245448,Jaehee Lee,0,0,https://www.google.com/maps/contrib/113768187744800950980/reviews?hl=ko-KR
ChZDSUhNMG9nS0VJQ0FnSUNVdmEydUR3EAE,그냥그냥,1년 전,2020-11-10 17:45:21.245448,김성혁,0,0,https://www.google.com/maps/contrib/117084317434354994521/reviews?hl=ko-KR
ChZDSUhNMG9nS0VJQ0FnSUNVM2JHckhREAE,,1년 전,2020-11-10 17:45:21.246445,equinox P,0,0,https://www.google.com/maps/contrib/101837175974472092126/reviews?hl=ko-KR
ChZDSUhNMG9nS0VJQ0FnSUNVcmVTWlZnEAE,볼게 많다,1년 전,2020-11-10 17:45:21.246445,곰탱이,0,0,https://www.google.com/maps/contrib/102332528237231621623/reviews?hl=ko-KR
ChZDSUhNMG9nS0VJQ0FnSUNVOWZxMVhBEAE,서울의 명물을 기대해 본다,1년 전,2020-11-10 17:45:21.247442,David Si Woong Lim,0,0,https://www.google.com/maps/contrib/108739885348107941941/reviews?hl=ko-KR
ChZDSUhNMG9nS0VJQ0FnSUNVdGVETWRBEAE,"도시건축 관련 자료도 많고, 관련 교육도 다양하게 행해짐",1년 전,2020-11-10 17:45:21.247442,경리단길부동산,0,0,https://www.google.com/maps/contrib/104603689762594296553/reviews?hl=ko-KR
ChZDSUhNMG9nS0VJQ0FnSUNVMWZXSlp3EAE,,1년 전,2020-11-10 17:45:21.248459,Yuntaik Lee,0,0,https://www.google.com/maps/contrib/110080447592450616531/reviews?hl=ko-KR
ChdDSUhNMG9nS0VJQ0FnSUNVNWF1end3RRAB,,1년 전,2020-11-10 17:45:21.248459,K Kang,0,0,https://www.google.com/maps/contrib/103102723645351317072/reviews?hl=ko-KR
ChdDSUhNMG9nS0VJQ0FnSUNVcWN5ZHNnRRAB,(Google 번역 제공) 좋은  (원문) good,1년 전,2020-11-10 17:45:21.249434,Lion Zion,0,0,https://www.google.com/maps/contrib/116643280688067126519/reviews?hl=ko-KR
ChdDSUhNMG9nS0VJQ0FnSUNVcWNUZXd3RRAB,시원하고 좋아요,1년 전,2020-11-10 17:45:21.249434,한형근,0,0,https://www.google.com/maps/contrib/103968998633517515954/reviews?hl=ko-KR
ChZDSUhNMG9nS0VJQ0FnSUNVMGJiSlBREAE,이런 전시관이 있다는게 놀라울따름,1년 전,2020-11-10 17:45:28.152460,안방1열,0,0,https://www.google.com/maps/contrib/116544942498293437620/reviews?hl=ko-KR
ChdDSUhNMG9nS0VJQ0FnSUNVdnZiSi1nRRAB,시설 아주 죽여줘요,1년 전,2020-11-10 17:45:28.152460,안덕현,0,0,https://www.google.com/maps/contrib/116480916533517056161/reviews?hl=ko-KR
ChZDSUhNMG9nS0VJQ0FnSUNVcnFUT0p3EAE,좋은 위치에 멋지고 유용한 전시관이네요,1년 전,2020-11-10 17:45:28.153461,Young Kim,0,0,https://www.google.com/maps/contrib/109601379381544549327/reviews?hl=ko-KR
ChZDSUhNMG9nS0VJQ0FnSUNVcHN6clJBEAE,소소한 공간이고 휴식이 있는 도심 속 전시관입니다.,1년 전,2020-11-10 17:45:28.153461,khd1208,0,0,https://www.google.com/maps/contrib/104337252788409541340/reviews?hl=ko-KR
ChZDSUhNMG9nS0VJQ0FnSUNVaHJMcE1REAE,시청 맞은편 넓은 공간 가볼만,1년 전,2020-11-10 17:45:28.154460,최용준,0,0,https://www.google.com/maps/contrib/117586229882992927840/reviews?hl=ko-KR
ChZDSUhNMG9nS0VJQ0FnSUNVb3FPV2ZREAE,위치 좋고~. 전시 작품이 없었습니다.,1년 전,2020-11-10 17:45:28.154460,송명완,0,0,https://www.google.com/maps/contrib/112262383722193127813/reviews?hl=ko-KR
ChZDSUhNMG9nS0VJQ0FnSUNVclB1dEhREAE,,1년 전,2020-11-10 17:45:28.155453,최쩨리,0,0,https://www.google.com/maps/contrib/109143821990538336913/reviews?hl=ko-KR
ChdDSUhNMG9nS0VJQ0FnSUNVck0yZGx3RRAB,,1년 전,2020-11-10 17:45:28.155453,채정훈의여행이야기,0,0,https://www.google.com/maps/contrib/118192892191146352002/reviews?hl=ko-KR
ChZDSUhNMG9nS0VJQ0FnSUNVcEw3OE9REAE,,1년 전,2020-11-10 17:45:28.156446,Eunjin Kim,0,0,https://www.google.com/maps/contrib/101695957813354506530/reviews?hl=ko-KR
ChdDSUhNMG9nS0VJQ0FnSUNVbU56RTFRRRAB,"너무나도 훌륭한 데이터와 컨텐츠, 그리고 무료관람까지..",1년 전,2020-11-10 17:45:28.156446,Yongho Kim,0,0,https://www.google.com/maps/contrib/103041352520736861946/reviews?hl=ko-KR
ChdDSUhNMG9nS0VJQ0FnSUNVeUt1NDdRRRAB,,1년 전,2020-11-10 17:45:35.206861,김광현,0,0,https://www.google.com/maps/contrib/108768706952976769214/reviews?hl=ko-KR
ChdDSUhNMG9nS0VJQ0FnSUNVNEtTSHVBRRAB,"생각보다는 허술했지만 그래도 많은 정보들이 있어서 좋았어요. 지하 2층에는 구호건축 등이, 지하1층에는 서울의 건축 등이 전시되어 있었어요! 설명문이나 안내판을 모두 읽어보면 많은 것을 배워갈 수 있을 겁니다. 저는 건축을 배우고있는 건축학도로서 방문해서 유익한 정보 알아왔습니다^^ 시청역 2번출구에서 도보 2분이라서 접근성도 좋답니다! 건축에 관심 있거나 서울의 지리, 교통 등에 관심 있으신 분들은 방문하셔도 좋을 것 같지만 관심 없는 사람에게는 굳이 추천하지 않습니다. 재미 위주보다는 지식 전달이나 전시가 목적인 전시관이라고 느꼈습니다.",1년 전,2020-11-10 17:45:35.207913,회색지구본,0,0,https://www.google.com/maps/contrib/114562853805823276278/reviews?hl=ko-KR
ChZDSUhNMG9nS0VJQ0FnSURrNTVDUWRnEAE,안내만 좀 더 친절해진다면,1년 전,2020-11-10 17:45:35.207913,Cinensis MJ,0,0,https://www.google.com/maps/contrib/103214785090355082656/reviews?hl=ko-KR
ChdDSUhNMG9nS0VJQ0FnSURreDVTbmh3RRAB,,1년 전,2020-11-10 17:45:35.208917,정주영,0,0,https://www.google.com/maps/contrib/110521429710939520102/reviews?hl=ko-KR
ChdDSUhNMG9nS0VJQ0FnSURrdV82MDV3RRAB,서울의 근대와 현대의 건축의 조화 시간의 흐름을 알수있다,1년 전,2020-11-10 17:45:35.208917,이태규,0,0,https://www.google.com/maps/contrib/110193977338371566267/reviews?hl=ko-KR
ChZDSUhNMG9nS0VJQ0FnSURrNjdqM2N3EAE,,1년 전,2020-11-10 17:45:35.209906,thom choi,0,0,https://www.google.com/maps/contrib/100396954949993757400/reviews?hl=ko-KR
ChdDSUhNMG9nS0VJQ0FnSURrX1BLTTN3RRAB,"잠깐들러 둘러보기 좋은장소, 도시에 대하여 개성있게 볼 수 있지는 않지만, 도시에 대한 이해를 끌어내기에는 괜찮습니다. 관람동선이 원활하지 않아 불편하지만, 꽤 괜찮은 휴식장소입니다.",1년 전,2020-11-10 17:45:35.209906,h S,0,0,https://www.google.com/maps/contrib/112619891250677659099/reviews?hl=ko-KR
ChdDSUhNMG9nS0VJQ0FnSURrcGZXcDVnRRAB,공간이 깔끔하고 배울 수 있는 공간입니다,1년 전,2020-11-10 17:45:35.210903,jenn lee,0,0,https://www.google.com/maps/contrib/118168327393502074042/reviews?hl=ko-KR
ChZDSUhNMG9nS0VJQ0FnSURraGZTZmZREAE,,1년 전,2020-11-10 17:45:35.210903,박병태,0,0,https://www.google.com/maps/contrib/118360829043186675027/reviews?hl=ko-KR
ChZDSUhNMG9nS0VJQ0FnSURrNmRPeEhnEAE,"전시물이 별로 좋지 않음, 설명이 불친절",1년 전,2020-11-10 17:45:35.211909,Seung Jun Lee,0,0,https://www.google.com/maps/contrib/101437644612030402770/reviews?hl=ko-KR
ChdDSUhNMG9nS0VJQ0FnSURrNGRINnZRRRAB,건물 자체가 특이하고 건축에 관계되는 분들에게 좋은 장소인것 같으나 일반인으로서는 생각보다는 그저 그랬음.,1년 전,2020-11-10 17:45:42.286300,정직영,0,0,https://www.google.com/maps/contrib/109405310969497934813/reviews?hl=ko-KR
ChZDSUhNMG9nS0VJQ0FnSURrNGRqY0F3EAE,서울도시의 역사를 한눈에 볼수있도록 잘 디자인된곳입니다. 한번쯤 가시면 서울 되시의 이해에 큰 도움이 될것 같습니다.,1년 전,2020-11-10 17:45:42.286300,Seungwoo Shin,0,0,https://www.google.com/maps/contrib/102492607590338900835/reviews?hl=ko-KR
ChZDSUhNMG9nS0VJQ0FnSURrZ2RmZ1R3EAE,무료인점 우리나라도 이런 공간이 많아져야 한다는점 하지만 볼거리는보통 참여하는것은 아예 없다는점은 비추,1년 전,2020-11-10 17:45:42.287295,정진현,0,0,https://www.google.com/maps/contrib/109614499621502862817/reviews?hl=ko-KR
ChZDSUhNMG9nS0VJQ0FnSURrX3VfLUpnEAE,"일제강점기 조선총독부 체신국 청사였는데 최근 시민의 품으로 돌아와 서울도시건축전시관이 되었다. 월요일은 휴무이고 오전 10시부터 문을 연다. 메인 전시공간은 지하 3층으로 내려가면 되고 지하1층에도 다양한 전시공간이 마련되어있었다. 특히 지하1층에는 서울의 과거를 볼 수 있는데 일제강점기 용산에 있던 철도관사 모형과 거여동에 있던 7평 크기의 집도 볼 수 있다. 참, 1층에 카페가 있어서 커피 한잔 하기 좋다. 카페는 모던한 느낌이 강하며 충전기만 있다면 충전할 수 있도록 콘센트와 usb포트도 마련되어 있어서 편했다.",1년 전,2020-11-10 17:45:42.288302,지식상점,0,0,https://www.google.com/maps/contrib/116520595141216446858/reviews?hl=ko-KR
ChdDSUhNMG9nS0VJQ0FnSUNrMHIyLXJnRRAB,,1년 전,2020-11-10 17:45:42.288302,Jinny Kim,0,0,https://www.google.com/maps/contrib/103879753944354348810/reviews?hl=ko-KR
ChZDSUhNMG9nS0VJQ0FnSURFeHRyN0l3EAE,뭔가 아직 짜임새가 부족함,1년 전,2020-11-10 17:45:42.289289,신중진,0,0,https://www.google.com/maps/contrib/113196029019931572659/reviews?hl=ko-KR
ChZDSUhNMG9nS0VJQ0FnSURFaHA2dUtBEAE,,1년 전,2020-11-10 17:45:42.289289,Min Suh,0,0,https://www.google.com/maps/contrib/116377955236883718644/reviews?hl=ko-KR
ChdDSUhNMG9nS0VJQ0FnSUNFNjc2UDRnRRAB,,1년 전,2020-11-10 17:45:42.290254,짱뮈이이,0,0,https://www.google.com/maps/contrib/117071927284242028491/reviews?hl=ko-KR
ChdDSUhNMG9nS0VJQ0FnSUNFNXJlZ3BBRRAB,,1년 전,2020-11-10 17:45:42.290254,Charnwet Haripai,0,0,https://www.google.com/maps/contrib/100757441092896060955/reviews?hl=ko-KR
ChdDSUhNMG9nS0VJQ0FnSUQ0eGJMMW9RRRAB,(Google 번역 제공) 계획을보고 서울의 도시 건설 개념을 설명 할 수 있습니다.  (원문) Puedes ver los planos y explica bajo que conceptos se construyó la ciudad de Seúl,1년 전,2020-11-10 17:45:42.291281,Dano Dano,0,0,https://www.google.com/maps/contrib/109328815114021273011/reviews?hl=ko-KR
ChZDSUhNMG9nS0VJQ0FnSUM0cWEyemJ3EAE,,1년 전,2020-11-10 17:45:49.628749,Sang hoon Kim,0,0,https://www.google.com/maps/contrib/108084122378167296638/reviews?hl=ko-KR
ChdDSUhNMG9nS0VJQ0FnSUM0Z1l1Y3RnRRAB,"(Google 번역 제공) 작은 박물관은 건축과 도시 계획, 현대 프로젝트, 재미있는 상호 작용하는 도시 계획에 전념 해, 당신은 그것의 가늠자 그리고 영토의 균형을 볼 수있다. 훈련실. 입장료는 무료입니다. 지붕에 올라가거나 우산 아래에 앉아 있거나 해먹에 누울 수 있으며 박물관에 카페가 있으며 많은 소켓과 커피를 가지고 작업 할 수 있습니다 :)  (원문) Небольшой музей посвящённый архитектуре и градостроительству, современные проекты, интересный интерактивный план города, можно увидеть его масштаб и баланс территорий. учебные кабинеты. вход бесплатный. Можно подняться на крышу, по сидеть под зонтиками или полежать в гамаке, при музее есть кафе, в нем можно работать с ноутом много розеток и хороший кофе :)",1년 전,2020-11-10 17:45:49.629746,Мария Волошина,0,0,https://www.google.com/maps/contrib/108016878430988416648/reviews?hl=ko-KR
ChdDSUhNMG9nS0VJQ0FnSUM0cnRtM2hRRRAB,,1년 전,2020-11-10 17:45:49.629746,Marta Sabin,0,0,https://www.google.com/maps/contrib/107878506563528786665/reviews?hl=ko-KR
ChZDSUhNMG9nS0VJQ0FnSUM0b3BYa2RBEAE,,1년 전,2020-11-10 17:45:49.630744,이영기,0,0,https://www.google.com/maps/contrib/100915148274624573698/reviews?hl=ko-KR
ChZDSUhNMG9nS0VJQ0FnSUM0dE0yNmN3EAE,,1년 전,2020-11-10 17:45:49.630744,고강백,0,0,https://www.google.com/maps/contrib/117836511607680663355/reviews?hl=ko-KR
ChZDSUhNMG9nS0VJQ0FnSUM0aE9PdFl3EAE,"지하3층까지 갤러리 1, 2,3 로 구성되어 있는데 동선의 흐름이 자연스럽지 않아요. 그리고 컨텐츠가 바로 와 닿지 않네요. 기대를 많이 한 탓인지 다시 방문할 것 같진 않네요.",1년 전,2020-11-10 17:45:49.631738,Dennis Shin,0,0,https://www.google.com/maps/contrib/111089877185654604169/reviews?hl=ko-KR
ChdDSUhNMG9nS0VJQ0FnSUM0LUoydzh3RRAB,,1년 전,2020-11-10 17:45:49.631738,이준한,0,0,https://www.google.com/maps/contrib/117107986238466671943/reviews?hl=ko-KR
ChZDSUhNMG9nS0VJQ0FnSUM0bVA3ZmNnEAE,,1년 전,2020-11-10 17:45:49.632736,스피드웨권,0,0,https://www.google.com/maps/contrib/111042093821882940594/reviews?hl=ko-KR
ChdDSUhNMG9nS0VJQ0FnSUM0aU1qajBnRRAB,도시건축문화를 이해하는 색다른 공감장,1년 전,2020-11-10 17:45:49.632736,배상혁,0,0,https://www.google.com/maps/contrib/115473501945506004670/reviews?hl=ko-KR
ChZDSUhNMG9nS0VJQ0FnSUM0b0ltdkp3EAE,,1년 전,2020-11-10 17:45:49.633735,Cherrie TingTing,0,0,https://www.google.com/maps/contrib/108466188958111188384/reviews?hl=ko-KR
ChZDSUhNMG9nS0VJQ0FnSUM0b0w2X01BEAE,,1년 전,2020-11-10 17:45:56.788904,Dongjin Shin,0,0,https://www.google.com/maps/contrib/107461348716736141545/reviews?hl=ko-KR
ChZDSUhNMG9nS0VJQ0FnSURZXzZIX0d3EAE,,1년 전,2020-11-10 17:45:56.788904,Michael Domann,0,0,https://www.google.com/maps/contrib/115261065402130674944/reviews?hl=ko-KR
ChdDSUhNMG9nS0VJQ0FnSURZajZQdTh3RRAB,,1년 전,2020-11-10 17:45:56.789902,Ulta Lee,0,0,https://www.google.com/maps/contrib/114243288424292748513/reviews?hl=ko-KR
ChdDSUhNMG9nS0VJQ0FnSURZbDlXSTZnRRAB,,1년 전,2020-11-10 17:45:56.790842,youngjae shin,0,0,https://www.google.com/maps/contrib/104940341862209358649/reviews?hl=ko-KR
ChdDSUhNMG9nS0VJQ0FnSURZbDhLTm9RRRAB,"멋진 건축전시관이지만, 70년 역사의 이전의 건물을 없애고 만들었어야 하는지는 잘 모르겠습니다.",1년 전,2020-11-10 17:45:56.790842,신기영,0,0,https://www.google.com/maps/contrib/108990280380341178756/reviews?hl=ko-KR
ChdDSUhNMG9nS0VJQ0FnSURZbV9lNXVnRRAB,,1년 전,2020-11-10 17:45:56.791900,구목련,0,0,https://www.google.com/maps/contrib/114622080801416109039/reviews?hl=ko-KR
ChZDSUhNMG9nS0VJQ0FnSURZa19DaUdnEAE,도시건축전시관 조금 전시품이 미비합니다. 좀더 다양하게 전시품이 있었으면 그런 마음입니다.,1년 전,2020-11-10 17:45:56.791900,서M,0,0,https://www.google.com/maps/contrib/104634414144467871905/reviews?hl=ko-KR
ChZDSUhNMG9nS0VJQ0FnSURZcmNMd1NREAE,음..옥상층은 쉴수있게 의자도 있고 편안하게 있다올수 있었습니다. 사실 아래층 전시관은 별루 볼거리도 많지 않았고 공간이 좀 아깝다는 생각이 들었습니다. 좀 더 많은 전시기획으로 알차기를 바랍니다~,1년 전,2020-11-10 17:45:56.792891,양영식,0,0,https://www.google.com/maps/contrib/112386185123841731128/reviews?hl=ko-KR
