﻿id_review,caption,relative_date,retrieval_date,username,n_review_user,n_photo_user,url_user
ChZDSUhNMG9nS0VJQ0FnSUNpcFp6Y0NREAE,,1일 전,2020-11-10 21:53:55.357413,호맨s,0,0,https://www.google.com/maps/contrib/110053840437062568775/reviews?hl=ko-KR
ChZDSUhNMG9nS0VJQ0FnSUNpbW9MWkNBEAE,공사중,1주 전,2020-11-10 21:53:55.359413,양주측량설계공사이우식,0,0,https://www.google.com/maps/contrib/113609278278807480367/reviews?hl=ko-KR
ChZDSUhNMG9nS0VJQ0FnSUNpNnRUTUNBEAE,(Google 번역 제공) 지금은 복원 작업 중입니다  (원문) Now it is under restoration work,1주 전,2020-11-10 21:53:55.360410,Kibyoung Kim,0,0,https://www.google.com/maps/contrib/115535428916136884699/reviews?hl=ko-KR
ChZDSUhNMG9nS0VJQ0FnSUNpMEl2QkxBEAE,,3주 전,2020-11-10 21:53:55.362403,김찬래,0,0,https://www.google.com/maps/contrib/106330702708144345469/reviews?hl=ko-KR
ChdDSUhNMG9nS0VJQ0FnSURDMjQzZmlnRRAB,지금  공사중~~정동공원은  조용하고  산책하기좋음,4주 전,2020-11-10 21:53:55.364397,오남희,0,0,https://www.google.com/maps/contrib/115011194583442054253/reviews?hl=ko-KR
ChdDSUhNMG9nS0VJQ0FnSURDZ191WGhnRRAB,,1달 전,2020-11-10 21:53:55.365401,HyunJi Yang,0,0,https://www.google.com/maps/contrib/105820374070032520842/reviews?hl=ko-KR
ChZDSUhNMG9nS0VJQ0FnSURDeGZUSVVREAE,좋아요,1달 전,2020-11-10 21:53:55.367393,우우테리,0,0,https://www.google.com/maps/contrib/101796693313195777072/reviews?hl=ko-KR
ChdDSUhNMG9nS0VJQ0FnSURDMXF2THZBRRAB,,1달 전,2020-11-10 21:53:55.369386,Tae-seung Oh,0,0,https://www.google.com/maps/contrib/110860264567982688332/reviews?hl=ko-KR
ChdDSUhNMG9nS0VJQ0FnSUNDak5icHdnRRAB,,2달 전,2020-11-10 21:53:55.371380,김태우,0,0,https://www.google.com/maps/contrib/106252307899811592857/reviews?hl=ko-KR
ChdDSUhNMG9nS0VJQ0FnSUNDMVAtQXJBRRAB,,2달 전,2020-11-10 21:53:55.373367,김시준,0,0,https://www.google.com/maps/contrib/116754979999380422197/reviews?hl=ko-KR
ChdDSUhNMG9nS0VJQ0FnSUNDcE1iR25nRRAB,,2달 전,2020-11-10 21:53:55.375361,김시준,0,0,https://www.google.com/maps/contrib/116619794896590003064/reviews?hl=ko-KR
ChZDSUhNMG9nS0VJQ0FnSUNDLU9ESlh3EAE,,2달 전,2020-11-10 21:53:55.376452,컴온,0,0,https://www.google.com/maps/contrib/118344927923393659809/reviews?hl=ko-KR
ChZDSUhNMG9nS0VJQ0FnSUQ4MzlyZFJREAE,2020년 11월 27일까지 보수공사이네용,3달 전,2020-11-10 21:53:55.378522,꽃매너,0,0,https://www.google.com/maps/contrib/101583570480314631849/reviews?hl=ko-KR
ChZDSUhNMG9nS0VJQ0FnSUQ4dmFpNmVREAE,공사중,3달 전,2020-11-10 21:53:55.380516,조창우,0,0,https://www.google.com/maps/contrib/109690090028188749978/reviews?hl=ko-KR
ChdDSUhNMG9nS0VJQ0FnSUQ4M2VlX2lnRRAB,,3달 전,2020-11-10 21:53:55.382509,김태현,0,0,https://www.google.com/maps/contrib/116696261587852296682/reviews?hl=ko-KR
ChdDSUhNMG9nS0VJQ0FnSUQ4bWItRWhBRRAB,,3달 전,2020-11-10 21:53:55.383505,박세정,0,0,https://www.google.com/maps/contrib/108406896200196587261/reviews?hl=ko-KR
ChdDSUhNMG9nS0VJQ0FnSUM4MXI3UzVRRRAB,공사 중이지만 보수 후엔 멋질 듯. 건축양식이 특이하다.,4달 전,2020-11-10 21:53:55.385498,Sanggun Jo,0,0,https://www.google.com/maps/contrib/114910536674365244139/reviews?hl=ko-KR
ChdDSUhNMG9nS0VJQ0FnSUM4LXNIRjJ3RRAB,역사시간에 배운 장소죠. 고종이 을미사변당시 아관파천하여 피해있었던곳입니다. 그래서 고종의거처였던 덕수궁과 가깝고 같이 방문하기좋아요,4달 전,2020-11-10 21:53:55.387487,촉촉한 수딩젤질퍽이,0,0,https://www.google.com/maps/contrib/110595973935973746657/reviews?hl=ko-KR
ChdDSUhNMG9nS0VJQ0FnSUM4NHRhUi1RRRAB,"멋있음 정동공원+고종의 길 함께 잘 있고, 차라리 보수를 하지 않았으면",4달 전,2020-11-10 21:53:55.388483,이상훈,0,0,https://www.google.com/maps/contrib/116181807796040872547/reviews?hl=ko-KR
ChZDSUhNMG9nS0VJQ0FnSUM4d29YTEZnEAE,,4달 전,2020-11-10 21:53:55.391474,송재욱,0,0,https://www.google.com/maps/contrib/112554000481778861514/reviews?hl=ko-KR
ChdDSUhNMG9nS0VJQ0FnSURjaDZlZTd3RRAB,ㅎ,4달 전,2020-11-10 21:54:02.148535,Veloniom No,0,0,https://www.google.com/maps/contrib/112360055825108437014/reviews?hl=ko-KR
ChZDSUhNMG9nS0VJQ0FnSURjOHJLUmNnEAE,,5달 전,2020-11-10 21:54:02.150510,dancejubu vlog,0,0,https://www.google.com/maps/contrib/108538409075007208565/reviews?hl=ko-KR
ChdDSUhNMG9nS0VJQ0FnSUNjaV92amtBRRAB,근대사의 슬픈 역사의 장소,7달 전,2020-11-10 21:54:02.151516,HC Kim,0,0,https://www.google.com/maps/contrib/115429783982625958362/reviews?hl=ko-KR
ChZDSUhNMG9nS0VJQ0FnSURza2JMRkVnEAE,,8달 전,2020-11-10 21:54:02.153518,SY L,0,0,https://www.google.com/maps/contrib/117570636677719579201/reviews?hl=ko-KR
ChdDSUhNMG9nS0VJQ0FnSURzNnRmdXlRRRAB,,8달 전,2020-11-10 21:54:02.155480,고용배,0,0,https://www.google.com/maps/contrib/105784330409763098277/reviews?hl=ko-KR
ChZDSUhNMG9nS0VJQ0FnSURzd05uZUVREAE,,8달 전,2020-11-10 21:54:02.156639,임원희,0,0,https://www.google.com/maps/contrib/102338456526940351599/reviews?hl=ko-KR
ChdDSUhNMG9nS0VJQ0FnSUNzNi1URG1nRRAB,접근 못해요. 그냥 보기만 할 뿐.,8달 전,2020-11-10 21:54:02.158649,李基喆,0,0,https://www.google.com/maps/contrib/105685426372307373620/reviews?hl=ko-KR
ChZDSUhNMG9nS0VJQ0FnSUNzNF9udGZnEAE,근대사의 굴곡이 느껴지는 장소였습니다. 왕의 도피와 망국의 기억들..슬픈 역사가 되풀이되지 않았으면 하는 바램이네요.,8달 전,2020-11-10 21:54:02.160086,해무기,0,0,https://www.google.com/maps/contrib/102890329303225576644/reviews?hl=ko-KR
ChdDSUhNMG9nS0VJQ0FnSUNzeks2aXV3RRAB,달보러가기 좋은방소.그뭄엔 무서워,9달 전,2020-11-10 21:54:02.161064,이용곤,0,0,https://www.google.com/maps/contrib/104463586225091049783/reviews?hl=ko-KR
ChZDSUhNMG9nS0VJQ0FnSUNzbUlHOVB3EAE,역사적으로 슬픈장소~~~  니가 왜 거기서 나와~~~~,9달 전,2020-11-10 21:54:02.163057,정우준,0,0,https://www.google.com/maps/contrib/112851604980516464470/reviews?hl=ko-KR
ChdDSUhNMG9nS0VJQ0FnSURNMTlDOXhRRRAB,,9달 전,2020-11-10 21:54:09.159196,정현준,0,0,https://www.google.com/maps/contrib/103780679374420795109/reviews?hl=ko-KR
ChdDSUhNMG9nS0VJQ0FnSURNNWQtU3RnRRAB,,10달 전,2020-11-10 21:54:09.161191,돌문보이,0,0,https://www.google.com/maps/contrib/107439536124324707014/reviews?hl=ko-KR
ChZDSUhNMG9nS0VJQ0FnSURNaWFDSkNREAE,건물 밑에서 조명이 나올줄 알았는데 아니여서 조금 실망,10달 전,2020-11-10 21:54:09.162187,정윤서,0,0,https://www.google.com/maps/contrib/112370829629572509157/reviews?hl=ko-KR
ChZDSUhNMG9nS0VJQ0FnSUQwb3ZXc0hREAE,아관파천이라는 역사적 사건이 있었던 곳 구 러시아 대사관 밤에 오니 아름답네요,10달 전,2020-11-10 21:54:09.164184,함태웅,0,0,https://www.google.com/maps/contrib/100974865531334790227/reviews?hl=ko-KR
ChdDSUhNMG9nS0VJQ0FnSURNeHZiQzJBRRAB,,10달 전,2020-11-10 21:54:09.165186,Min-kyou Kim,0,0,https://www.google.com/maps/contrib/114847377246893179614/reviews?hl=ko-KR
ChdDSUhNMG9nS0VJQ0FnSURNdU12YTBnRRAB,,10달 전,2020-11-10 21:54:09.167185,이석우,0,0,https://www.google.com/maps/contrib/112904861000398659280/reviews?hl=ko-KR
ChZDSUhNMG9nS0VJQ0FnSUNNbVplZUVBEAE,"러시아공사관은 조선말 한로수호조약이 비준된 1885년 직후에 착공되어 1890년에 준공되었다. 르네상스식의 우아한 2층 벽돌집으로 러시아인 사바틴(Sabatine)이 설계하였다고 한다. 공사관이 건립된 일대는 연산군이 도성 밖으로 놀러가기 편리하도록 설치한 3개의 마장 중 하나였다. 고종이 일본을 견제하기 위하여 미국과 영국의 영사관과 함께 러시아 공사관을 덕수궁이 인접한 곳에 두었다는 이야기가 있다. 러시아 공사관은 아관(俄館)이라 불리는데,우리에게는 고종의 아관파천 사건으로 익숙한 이름이다.  을미사변으로 명성왕후가 일본군에 시해를 당한 후 친일내각에 들어서자 경복궁에 유폐된 상태에 놓여 있던 고종을 친러파의 범진 등과 러시아공사 베베르가 보호한다는 명분으로 1896년 2월 1일 세자와 함께 아관으로 옮겨오게 하였다. 그 결과 친일 김홍집내각을 무너뜨리고 친로 박정양내각을 조직하는 등의 국정을 처결하다가 다음해 2월 20일 경운궁으로 환궁하였던 일련의 과정을 아관파천이라고 한다. 이 곳에 있는 동안 고종은 음식을 담당하던 엄상궁과 사랑을 나누었는데, 엄상궁이 나은 아이가 영친왕이다.",11달 전,2020-11-10 21:54:09.168175,Un Hyeon Baik,0,0,https://www.google.com/maps/contrib/104328982531004600394/reviews?hl=ko-KR
ChdDSUhNMG9nS0VJQ0FnSUNNX2FXRjV3RRAB,,11달 전,2020-11-10 21:54:09.170159,김혜아,0,0,https://www.google.com/maps/contrib/106403089176990373331/reviews?hl=ko-KR
ChdDSUhNMG9nS0VJQ0FnSUNNM2R1VjJRRRAB,,11달 전,2020-11-10 21:54:09.172153,서근석,0,0,https://www.google.com/maps/contrib/100965829629184031345/reviews?hl=ko-KR
ChdDSUhNMG9nS0VJQ0FnSUNNcmQtbDZBRRAB,,11달 전,2020-11-10 21:54:09.173149,안영현,0,0,https://www.google.com/maps/contrib/116693896543256749556/reviews?hl=ko-KR
ChdDSUhNMG9nS0VJQ0FnSUNNMmZDcnRRRRAB,,11달 전,2020-11-10 21:54:16.055599,Haisang Chung,0,0,https://www.google.com/maps/contrib/112139439456909736980/reviews?hl=ko-KR
ChdDSUhNMG9nS0VJQ0FnSUNNNXZiRS13RRAB,가을에 예쁘요..,11달 전,2020-11-10 21:54:16.056597,KIM성훈,0,0,https://www.google.com/maps/contrib/116392899517482490610/reviews?hl=ko-KR
ChdDSUhNMG9nS0VJQ0FnSUQwMWZydHR3RRAB,,11달 전,2020-11-10 21:54:16.058588,최준홍,0,0,https://www.google.com/maps/contrib/103724033184335685588/reviews?hl=ko-KR
ChZDSUhNMG9nS0VJQ0FnSUQwLWNQTlJnEAE,,11달 전,2020-11-10 21:54:16.060585,최용식,0,0,https://www.google.com/maps/contrib/117602839570762829768/reviews?hl=ko-KR
ChZDSUhNMG9nS0VJQ0FnSUQwN29ha1lBEAE,지나가다가 한번 들릴만해요,1년 전,2020-11-10 21:54:16.061574,Yun Gwang Lee,0,0,https://www.google.com/maps/contrib/104534676418895418047/reviews?hl=ko-KR
ChZDSUhNMG9nS0VJQ0FnSUQwdHUyWE5BEAE,,1년 전,2020-11-10 21:54:16.063703,김세교,0,0,https://www.google.com/maps/contrib/116181826137553339735/reviews?hl=ko-KR
ChZDSUhNMG9nS0VJQ0FnSUQwaXBLR2JBEAE,독특한 건물 양식과 고종의 길이 있어 역사적 느낌까지 좋아요~~,1년 전,2020-11-10 21:54:16.065832,JAE-HONG PARK,0,0,https://www.google.com/maps/contrib/101516686297501398901/reviews?hl=ko-KR
ChdDSUhNMG9nS0VJQ0FnSUQwNHM2MnRnRRAB,,1년 전,2020-11-10 21:54:16.067782,정준태,0,0,https://www.google.com/maps/contrib/101167602796896638458/reviews?hl=ko-KR
ChZDSUhNMG9nS0VJQ0FnSUQwbEtmb1VBEAE,,1년 전,2020-11-10 21:54:16.069778,김동삼,0,0,https://www.google.com/maps/contrib/111167021972794503913/reviews?hl=ko-KR
ChdDSUhNMG9nS0VJQ0FnSUQwc0lUMGtRRRAB,고종의 길이새로생겼다 아관파천때 실제 이동거리라고한다 역사의 아픔을 느끼며...,1년 전,2020-11-10 21:54:16.070773,광이,0,0,https://www.google.com/maps/contrib/112604633944269455079/reviews?hl=ko-KR
ChZDSUhNMG9nS0VJQ0FnSUQwcE5uMkdREAE,,1년 전,2020-11-10 21:54:23.102898,임지성,0,0,https://www.google.com/maps/contrib/103925684953859982301/reviews?hl=ko-KR
ChdDSUhNMG9nS0VJQ0FnSUMwXy1maG13RRAB,,1년 전,2020-11-10 21:54:23.104892,이영주,0,0,https://www.google.com/maps/contrib/118443692630701224593/reviews?hl=ko-KR
ChZDSUhNMG9nS0VJQ0FnSUMwOTdUeFdnEAE,,1년 전,2020-11-10 21:54:23.106841,Hwankyu Chung,0,0,https://www.google.com/maps/contrib/103255498323327836881/reviews?hl=ko-KR
ChdDSUhNMG9nS0VJQ0FnSUMwbS1udXpnRRAB,,1년 전,2020-11-10 21:54:23.107897,Woo Jae Kwon,0,0,https://www.google.com/maps/contrib/110375349938833821926/reviews?hl=ko-KR
ChZDSUhNMG9nS0VJQ0FnSUMwaS1xeUxBEAE,,1년 전,2020-11-10 21:54:23.109874,홍성원,0,0,https://www.google.com/maps/contrib/109289617662131604228/reviews?hl=ko-KR
ChdDSUhNMG9nS0VJQ0FnSUMwODZtaDBBRRAB,,1년 전,2020-11-10 21:54:23.111880,임헌우,0,0,https://www.google.com/maps/contrib/102058845670779183735/reviews?hl=ko-KR
ChdDSUhNMG9nS0VJQ0FnSUMwMF9lVjB3RRAB,,1년 전,2020-11-10 21:54:23.112865,Inseon Jun,0,0,https://www.google.com/maps/contrib/105090552132889735349/reviews?hl=ko-KR
ChZDSUhNMG9nS0VJQ0FnSUMwM2FLOWVREAE,야경 산책하기 좋아요,1년 전,2020-11-10 21:54:23.114903,강양현,0,0,https://www.google.com/maps/contrib/109903239162018365282/reviews?hl=ko-KR
ChdDSUhNMG9nS0VJQ0FnSUMwMWFDVHNnRRAB,국난은 어떻게 찾아오는가? 대한민국의 미래는?,1년 전,2020-11-10 21:54:23.116022,박광혁,0,0,https://www.google.com/maps/contrib/115887866927231429824/reviews?hl=ko-KR
ChZDSUhNMG9nS0VJQ0FnSUMwbGJmSk1BEAE,구러시아 공사관 본관 건물은 모두 소실되고 타워 부분만 남아 있습니다.,1년 전,2020-11-10 21:54:23.118015,노시경,0,0,https://www.google.com/maps/contrib/109023966069568825508/reviews?hl=ko-KR
ChZDSUhNMG9nS0VJQ0FnSUMwNVpfWFZBEAE,,1년 전,2020-11-10 21:54:30.309430,홍신선,0,0,https://www.google.com/maps/contrib/107317561126385825123/reviews?hl=ko-KR
ChdDSUhNMG9nS0VJQ0FnSUMwcGNuRV9RRRAB,고종이 을미사변 이후 경복궁을 나와 자신의 안위와 일본 견제 목적으로 머물렀던 곳입니다.,1년 전,2020-11-10 21:54:30.311005,Jun Jung,0,0,https://www.google.com/maps/contrib/105245847597192549200/reviews?hl=ko-KR
ChZDSUhNMG9nS0VJQ0FnSUMwMFphS01BEAE,,1년 전,2020-11-10 21:54:30.312496,Park Iljin,0,0,https://www.google.com/maps/contrib/104965075728601933844/reviews?hl=ko-KR
ChdDSUhNMG9nS0VJQ0FnSUMwNnNTYWxnRRAB,,1년 전,2020-11-10 21:54:30.313493,이대연,0,0,https://www.google.com/maps/contrib/106302414706183709676/reviews?hl=ko-KR
ChdDSUhNMG9nS0VJQ0FnSUMwcXItX19BRRAB,,1년 전,2020-11-10 21:54:30.315516,이현우,0,0,https://www.google.com/maps/contrib/101935270734039754474/reviews?hl=ko-KR
ChdDSUhNMG9nS0VJQ0FnSUMwcW9QT2hBRRAB,"아관이어, 사바틴의 작품, 탑 부분만 남았지만 근대사의 격동을 말해주는 아이콘..",1년 전,2020-11-10 21:54:30.317559,Dazibao Kim,0,0,https://www.google.com/maps/contrib/115908869034412336099/reviews?hl=ko-KR
ChZDSUhNMG9nS0VJQ0FnSUMwc3JPOEhBEAE,,1년 전,2020-11-10 21:54:30.318616,SANGDEOK JEONG,0,0,https://www.google.com/maps/contrib/117103360018777587067/reviews?hl=ko-KR
ChdDSUhNMG9nS0VJQ0FnSUMwMHVPbS1RRRAB,,1년 전,2020-11-10 21:54:30.320664,Masta Jo,0,0,https://www.google.com/maps/contrib/116722378561075614944/reviews?hl=ko-KR
ChdDSUhNMG9nS0VJQ0FnSUMwX0x5ajB3RRAB,좋아요,1년 전,2020-11-10 21:54:30.322540,엄근섭,0,0,https://www.google.com/maps/contrib/103504657343012607684/reviews?hl=ko-KR
ChdDSUhNMG9nS0VJQ0FnSUMweklyWXV3RRAB,9월인데 지금 볼 건 없어요,1년 전,2020-11-10 21:54:30.323540,박영,0,0,https://www.google.com/maps/contrib/104448300507432555258/reviews?hl=ko-KR
ChdDSUhNMG9nS0VJQ0FnSUMwelBpTTNRRRAB,간단히 산책하기 좋아요,1년 전,2020-11-10 21:54:37.581097,taehun kim,0,0,https://www.google.com/maps/contrib/112208337411448699005/reviews?hl=ko-KR
ChdDSUhNMG9nS0VJQ0FnSUMwdUlhQ2xnRRAB,우연히 알게된 고종길 짧지만 역사를 기리는곳,1년 전,2020-11-10 21:54:37.583123,김선영,0,0,https://www.google.com/maps/contrib/110599176754056574113/reviews?hl=ko-KR
ChZDSUhNMG9nS0VJQ0FnSUMwNEpuTFdBEAE,,1년 전,2020-11-10 21:54:37.584087,김기운,0,0,https://www.google.com/maps/contrib/116371488977696190160/reviews?hl=ko-KR
ChRDSUhNMG9nS0VJQ0FnSUMwNEtaMxAB,,1년 전,2020-11-10 21:54:37.586092,김경희,0,0,https://www.google.com/maps/contrib/117625538337537605934/reviews?hl=ko-KR
ChdDSUhNMG9nS0VJQ0FnSURVbjVuaHNnRRAB,,1년 전,2020-11-10 21:54:37.588027,김옥현,0,0,https://www.google.com/maps/contrib/104631399484867920318/reviews?hl=ko-KR
ChdDSUhNMG9nS0VJQ0FnSURVa19hbjBRRRAB,,1년 전,2020-11-10 21:54:37.589077,Okdong Yoo,0,0,https://www.google.com/maps/contrib/105998645271766455172/reviews?hl=ko-KR
ChdDSUhNMG9nS0VJQ0FnSURVZzZPeXd3RRAB,,1년 전,2020-11-10 21:54:37.591076,이승필,0,0,https://www.google.com/maps/contrib/102506064417948609673/reviews?hl=ko-KR
ChdDSUhNMG9nS0VJQ0FnSURVM1pqSDhnRRAB,볼 것은 딱히 없지만 고종의길로 연결되어서 전보다 접근성이 좋아짐!!,1년 전,2020-11-10 21:54:37.592059,Sella La,0,0,https://www.google.com/maps/contrib/102869043983669250333/reviews?hl=ko-KR
ChdDSUhNMG9nS0VJQ0FnSURVOWVybHRnRRAB,한민족의 아픔을 기억할 수 있는 곳,1년 전,2020-11-10 21:54:37.594052,왕미자Tv행복한여행중독,0,0,https://www.google.com/maps/contrib/108590859404380577336/reviews?hl=ko-KR
ChZDSUhNMG9nS0VJQ0FnSURVdFlQTVlnEAE,,1년 전,2020-11-10 21:54:37.596044,서길제,0,0,https://www.google.com/maps/contrib/110508868005000430992/reviews?hl=ko-KR
ChdDSUhNMG9nS0VJQ0FnSURVeWVUWTNBRRAB,아관파천. 약소국의 슬픈 역사를 간직한  장소이기도 합니다.,1년 전,2020-11-10 21:54:44.957062,YC Kim,0,0,https://www.google.com/maps/contrib/113083557099559358751/reviews?hl=ko-KR
ChZDSUhNMG9nS0VJQ0FnSURVa2JfVUd3EAE,러시아의 길,1년 전,2020-11-10 21:54:44.959011,리재학,0,0,https://www.google.com/maps/contrib/103943906248553640902/reviews?hl=ko-KR
ChdDSUhNMG9nS0VJQ0FnSURVZ2FUeTNRRRAB,아쉬움,1년 전,2020-11-10 21:54:44.960027,suit leon,0,0,https://www.google.com/maps/contrib/100708567114131275517/reviews?hl=ko-KR
ChdDSUhNMG9nS0VJQ0FnSURVX292Q2lRRRAB,,1년 전,2020-11-10 21:54:44.962056,황지희,0,0,https://www.google.com/maps/contrib/110611997836896412679/reviews?hl=ko-KR
ChZDSUhNMG9nS0VJQ0FnSURVbnVHT0tBEAE,,1년 전,2020-11-10 21:54:44.962994,냥삐부계,0,0,https://www.google.com/maps/contrib/111924576893455379617/reviews?hl=ko-KR
ChdDSUhNMG9nS0VJQ0FnSURVdW9Xd3lnRRAB,,1년 전,2020-11-10 21:54:44.965033,이우진,0,0,https://www.google.com/maps/contrib/106485025417367797507/reviews?hl=ko-KR
ChZDSUhNMG9nS0VJQ0FnSURVc3FqQUl3EAE,(Google 번역 제공) 휴식하기 좋은 곳  (원문) Good place to rest,1년 전,2020-11-10 21:54:44.966984,J Hyun,0,0,https://www.google.com/maps/contrib/113823240688222711717/reviews?hl=ko-KR
ChZDSUhNMG9nS0VJQ0FnSURValBiRVdBEAE,,1년 전,2020-11-10 21:54:44.969019,김현우,0,0,https://www.google.com/maps/contrib/108514760294708309606/reviews?hl=ko-KR
ChdDSUhNMG9nS0VJQ0FnSURVbUtPOHFnRRAB,,1년 전,2020-11-10 21:54:44.970019,박희성,0,0,https://www.google.com/maps/contrib/111119370160540217504/reviews?hl=ko-KR
ChdDSUhNMG9nS0VJQ0FnSUNVel8tV2pRRRAB,,1년 전,2020-11-10 21:54:44.971974,이송근,0,0,https://www.google.com/maps/contrib/107291697670851251450/reviews?hl=ko-KR
ChZDSUhNMG9nS0VJQ0FnSUNVcmZMd05BEAE,,1년 전,2020-11-10 21:54:52.770370,김은아,0,0,https://www.google.com/maps/contrib/102636168465212915591/reviews?hl=ko-KR
ChZDSUhNMG9nS0VJQ0FnSUNVcmFqS1pnEAE,대한제국의 역사,1년 전,2020-11-10 21:54:52.772744,Ji Tae Choung,0,0,https://www.google.com/maps/contrib/102933124907182297656/reviews?hl=ko-KR
ChdDSUhNMG9nS0VJQ0FnSUNVLVoyanNBRRAB,,1년 전,2020-11-10 21:54:52.774363,김동석,0,0,https://www.google.com/maps/contrib/116830450407187517248/reviews?hl=ko-KR
ChdDSUhNMG9nS0VJQ0FnSUNVOU52bWd3RRAB,역사적인 장소 입니다,1년 전,2020-11-10 21:54:52.776214,최최용석,0,0,https://www.google.com/maps/contrib/109382846131011132099/reviews?hl=ko-KR
ChdDSUhNMG9nS0VJQ0FnSUNVdEtYUTJnRRAB,,1년 전,2020-11-10 21:54:52.777416,장성화,0,0,https://www.google.com/maps/contrib/103620263334042050038/reviews?hl=ko-KR
ChZDSUhNMG9nS0VJQ0FnSUNVcFBTUmVBEAE,,1년 전,2020-11-10 21:54:52.779668,k도원,0,0,https://www.google.com/maps/contrib/100537276419431844789/reviews?hl=ko-KR
ChdDSUhNMG9nS0VJQ0FnSUNVaU5qNWhBRRAB,,1년 전,2020-11-10 21:54:52.780967,Kyungjun Kim,0,0,https://www.google.com/maps/contrib/105067971723542634167/reviews?hl=ko-KR
ChZDSUhNMG9nS0VJQ0FnSUNVNExPMFFnEAE,6.25 전쟁당시 폭격으로 탑만 남아있는 장소,1년 전,2020-11-10 21:54:52.783114,JS Moon,0,0,https://www.google.com/maps/contrib/112111199496314527439/reviews?hl=ko-KR
ChZDSUhNMG9nS0VJQ0FnSUNVNE1hbEh3EAE,"(Google 번역 제공) 건물의 한 부분 만 서울의 조용한 동네에 남아 있습니다. 러시아가 고이즈미 총리가 대부분의 시대에 머물 렀던 궁전 옆에있는 이화 왕국의 마지막시기에 러시아에 한국에 가려고했다는 것을 알 수있다.  (원문) Just one part of the building is remained in a quiet neighborhood in Seoul.  One can tell that Russia wanted to get involved in Korea during last period of the Yi dynasty building its embassy right next to the palace where the last king, Kojong stayed mostly during his era.",1년 전,2020-11-10 21:54:52.784110,Kuiran Park,0,0,https://www.google.com/maps/contrib/109091609512161963649/reviews?hl=ko-KR
ChdDSUhNMG9nS0VJQ0FnSURreThPcmdnRRAB,,1년 전,2020-11-10 21:54:52.786104,최경호,0,0,https://www.google.com/maps/contrib/116874472173479642958/reviews?hl=ko-KR
ChdDSUhNMG9nS0VJQ0FnSURreTRPOTFnRRAB,,1년 전,2020-11-10 21:55:00.371359,남정 우,0,0,https://www.google.com/maps/contrib/115823169383805376174/reviews?hl=ko-KR
ChdDSUhNMG9nS0VJQ0FnSURrcFlmYWlnRRAB,,1년 전,2020-11-10 21:55:00.372351,Gimchi Poor,0,0,https://www.google.com/maps/contrib/114511648946238581792/reviews?hl=ko-KR
ChdDSUhNMG9nS0VJQ0FnSURraVpiVTlBRRAB,,1년 전,2020-11-10 21:55:00.374344,ho Lee,0,0,https://www.google.com/maps/contrib/117850711926512316541/reviews?hl=ko-KR
ChdDSUhNMG9nS0VJQ0FnSURrZ1luc3hnRRAB,,1년 전,2020-11-10 21:55:00.375341,박지운,0,0,https://www.google.com/maps/contrib/118224181492241040339/reviews?hl=ko-KR
ChdDSUhNMG9nS0VJQ0FnSURrX1BPLTlRRRAB,,1년 전,2020-11-10 21:55:00.377334,양성석,0,0,https://www.google.com/maps/contrib/117189560229311458382/reviews?hl=ko-KR
ChZDSUhNMG9nS0VJQ0FnSURrdk8tQkJBEAE,"(Google 번역 제공) 이것은 역사적인 장소입니다. 본관은 한국 내전 당시 파괴되었고, 상층 탑만 남았다.  (원문) This is a historical place. The main building was destroyed during the Korean civil war and only the upper tower remains.",1년 전,2020-11-10 21:55:00.379328,Ohwoong Kwon,0,0,https://www.google.com/maps/contrib/115312204980674318187/reviews?hl=ko-KR
ChZDSUhNMG9nS0VJQ0FnSUNrN1BQN0x3EAE,,1년 전,2020-11-10 21:55:00.380324,김재혁,0,0,https://www.google.com/maps/contrib/108939901514090369877/reviews?hl=ko-KR
ChdDSUhNMG9nS0VJQ0FnSURFcWZyZmtBRRAB,,1년 전,2020-11-10 21:55:00.382367,권도윤,0,0,https://www.google.com/maps/contrib/107743060129719891217/reviews?hl=ko-KR
ChZDSUhNMG9nS0VJQ0FnSUNFbW96T2NBEAE,그냥 휑함,1년 전,2020-11-10 21:55:00.384357,심재훈,0,0,https://www.google.com/maps/contrib/118313322735492588308/reviews?hl=ko-KR
ChZDSUhNMG9nS0VJQ0FnSUNFcW9UQWVnEAE,,1년 전,2020-11-10 21:55:00.386153,ilsung bang,0,0,https://www.google.com/maps/contrib/108261785106370014099/reviews?hl=ko-KR
ChZDSUhNMG9nS0VJQ0FnSUM0bEtmdVFBEAE,,1년 전,2020-11-10 21:55:08.240084,박장희,0,0,https://www.google.com/maps/contrib/114687538848402971285/reviews?hl=ko-KR
ChZDSUhNMG9nS0VJQ0FnSUM0bUpiMlV3EAE,일제강점기 아픈 역사를 반성하는 곳,1년 전,2020-11-10 21:55:08.242077,임정환,0,0,https://www.google.com/maps/contrib/113050659451508927280/reviews?hl=ko-KR
ChdDSUhNMG9nS0VJQ0FnSUM0NFBiaWpnRRAB,역사적 가치가 있는 공원,1년 전,2020-11-10 21:55:08.243091,Jun Kang,0,0,https://www.google.com/maps/contrib/105142264943430337128/reviews?hl=ko-KR
ChdDSUhNMG9nS0VJQ0FnSURZMjd2R3hBRRAB,우리나라의 부끄러운 역사지만 역사는 항상 교훈을 주므로 다시는 그런 치욕을 당하지 않도록 경제적 군사적 독립이 필요함을 알게해 주는 장소잉,1년 전,2020-11-10 21:55:08.245066,CHUNG SR,0,0,https://www.google.com/maps/contrib/103933240079410311274/reviews?hl=ko-KR
ChdDSUhNMG9nS0VJQ0FnSURZMjh1aTVRRRAB,조선왕조의 슬픈 역사가 깃들인 장소다.,1년 전,2020-11-10 21:55:08.247079,SD KIM,0,0,https://www.google.com/maps/contrib/117490413395984957722/reviews?hl=ko-KR
ChZDSUhNMG9nS0VJQ0FnSURZODZUVGJBEAE,,1년 전,2020-11-10 21:55:08.248057,이경환,0,0,https://www.google.com/maps/contrib/108008235712365347874/reviews?hl=ko-KR
ChZDSUhNMG9nS0VJQ0FnSURZczRpNGF3EAE,아픈 역사의 추억,1년 전,2020-11-10 21:55:08.250058,Prince Happy,0,0,https://www.google.com/maps/contrib/103013158309209613288/reviews?hl=ko-KR
ChdDSUhNMG9nS0VJQ0FnSURZa19hTGtRRRAB,산책하기좋다.,1년 전,2020-11-10 21:55:08.251574,고영훈,0,0,https://www.google.com/maps/contrib/108385119731103687241/reviews?hl=ko-KR
ChZDSUhNMG9nS0VJQ0FnSURZZzZmMFdREAE,역사적인 그리고 치욕적인 현장입니다.,1년 전,2020-11-10 21:55:08.253658,서M,0,0,https://www.google.com/maps/contrib/104634414144467871905/reviews?hl=ko-KR
ChZDSUhNMG9nS0VJQ0FnSURZM3VfM0xREAE,고종이 아관파천했던 곳입니다. 다른 부분은 소실되었고 보이는 곳은 탑부분입니다.,1년 전,2020-11-10 21:55:08.254676,Seungwoo Shin,0,0,https://www.google.com/maps/contrib/102492607590338900835/reviews?hl=ko-KR
ChZDSUhNMG9nS0VJQ0FnSURZN295S2VREAE,,1년 전,2020-11-10 21:55:16.033049,구본익,0,0,https://www.google.com/maps/contrib/114698710023576104748/reviews?hl=ko-KR
ChZDSUhNMG9nS0VJQ0FnSURZcHFMY1h3EAE,,1년 전,2020-11-10 21:55:16.035046,강수남,0,0,https://www.google.com/maps/contrib/100441687594799683669/reviews?hl=ko-KR
ChdDSUhNMG9nS0VJQ0FnSURZeHEyeHZ3RRAB,,1년 전,2020-11-10 21:55:16.036036,행백야,0,0,https://www.google.com/maps/contrib/106387487207041000076/reviews?hl=ko-KR
ChZDSUhNMG9nS0VJQ0FnSURZeHNYdENREAE,덕수궁 돌담길 걷다가 후문쪽으로 가시다보니 고종이 이전 러시아 대사관을 걸어가셨던 길이 있더군요 그래서 걷다보니 가게 된 곳인데요. 건물들이 많이 없어지고 2층건물 한동의 방한개내지 2개정도 크기만 남이있습니다. 역사적으로 아관파천같이 좋은쪽은 아니지만 그래도 의미가 있는곳인데 조금은 아쉬웠습니다.,1년 전,2020-11-10 21:55:16.038039,황동윤,0,0,https://www.google.com/maps/contrib/117634906878548765317/reviews?hl=ko-KR
ChdDSUhNMG9nS0VJQ0FnSURZbW9ydzNnRRAB,주변공원이 아늑해요,1년 전,2020-11-10 21:55:16.040139,HYONG IL KIM,0,0,https://www.google.com/maps/contrib/116789427899878227191/reviews?hl=ko-KR
ChdDSUhNMG9nS0VJQ0FnSURZNHY2TDh3RRAB,(Google 번역 제공) 보고 싶은 곳. 시험!  (원문) Good place to see. Try!,1년 전,2020-11-10 21:55:16.041132,표동현,0,0,https://www.google.com/maps/contrib/109284473376921492965/reviews?hl=ko-KR
ChdDSUhNMG9nS0VJQ0FnSURZNHQ2Sm1nRRAB,재미있는 시장 입니다  골목에 모시송편  부자떡집도 꼭 들려주세요,1년 전,2020-11-10 21:55:16.043127,윤재현,0,0,https://www.google.com/maps/contrib/108773216778165910281/reviews?hl=ko-KR
ChdDSUhNMG9nS0VJQ0FnSURZX1BESDRnRRAB,,1년 전,2020-11-10 21:55:16.045123,Hoo Ha,0,0,https://www.google.com/maps/contrib/113287256880034848343/reviews?hl=ko-KR
ChdDSUhNMG9nS0VJQ0FnSURZdUw3dHZBRRAB,,1년 전,2020-11-10 21:55:16.046066,박성훈,0,0,https://www.google.com/maps/contrib/108061786879072572282/reviews?hl=ko-KR
ChZDSUhNMG9nS0VJQ0FnSURZNk1TaUJREAE,덕수궁 옆에 공사관터와 탑만 남아있습니다 오래 머무를만한 컨텐츠는 없고 잠시 머무르면 역사 탐방하는 정도,1년 전,2020-11-10 21:55:16.048138,Kain Kim,0,0,https://www.google.com/maps/contrib/103730886385707543103/reviews?hl=ko-KR
ChdDSUhNMG9nS0VJQ0FnSUNZNTh5cDVBRRAB,고종이 아관파천으로 머물던 곳~~ 임시공관..,1년 전,2020-11-10 21:55:24.081105,Hakgyu Lee,0,0,https://www.google.com/maps/contrib/105216618130177821534/reviews?hl=ko-KR
ChdDSUhNMG9nS0VJQ0FnSUNZeDhtSi13RRAB,,1년 전,2020-11-10 21:55:24.082126,임보미,0,0,https://www.google.com/maps/contrib/104171862787947989036/reviews?hl=ko-KR
ChZDSUhNMG9nS0VJQ0FnSUNZaXNDeUxBEAE,,1년 전,2020-11-10 21:55:24.084152,염지원,0,0,https://www.google.com/maps/contrib/110786810402149221660/reviews?hl=ko-KR
ChdDSUhNMG9nS0VJQ0FnSUNZa295LTNRRRAB,,1년 전,2020-11-10 21:55:24.085149,양희찬,0,0,https://www.google.com/maps/contrib/113738895648347567878/reviews?hl=ko-KR
ChdDSUhNMG9nS0VJQ0FnSUNZdUktaWh3RRAB,,1년 전,2020-11-10 21:55:24.087138,이지별영란,0,0,https://www.google.com/maps/contrib/110271770051240134838/reviews?hl=ko-KR
ChdDSUhNMG9nS0VJQ0FnSUNZbUtiSXVBRRAB,#고종 #아관파천 #지금은탑만남은아픈기억 #고종의길,1년 전,2020-11-10 21:55:24.089135,김관수,0,0,https://www.google.com/maps/contrib/114639686605120499097/reviews?hl=ko-KR
ChdDSUhNMG9nS0VJQ0FnSURvbjhiS2xnRRAB,,1년 전,2020-11-10 21:55:24.090156,Minjoon Oh,0,0,https://www.google.com/maps/contrib/102129072217471452046/reviews?hl=ko-KR
ChdDSUhNMG9nS0VJQ0FnSURvci12R3RBRRAB,덕수궁 뒷편 고종의길을  따라 걷다보면 만나게 되는 옛 러시아 공사관 건물.,1년 전,2020-11-10 21:55:24.092294,yongho row,0,0,https://www.google.com/maps/contrib/102843125243315452684/reviews?hl=ko-KR
ChZDSUhNMG9nS0VJQ0FnSURvaUs3OVlBEAE,옛 역사를 돌아볼 수 있으며  이색적인 느낌의 공간이다 덕수궁과 연결 통로가 생겨서 산책하기 좋음,1년 전,2020-11-10 21:55:24.094287,용석정,0,0,https://www.google.com/maps/contrib/102187900785727762974/reviews?hl=ko-KR
ChZDSUhNMG9nS0VJQ0FnSURvc0szMFlREAE,,1년 전,2020-11-10 21:55:24.095283,하진효,0,0,https://www.google.com/maps/contrib/115139759086480938503/reviews?hl=ko-KR
ChdDSUhNMG9nS0VJQ0FnSUNvZzc3QjVnRRAB,예전 건물이 많이 남아있었으면 명소가 되었을텐데 하는 아쉬움이 있음 남은 건물이 별로 없음,1년 전,2020-11-10 21:55:32.561746,피디옴팽,0,0,https://www.google.com/maps/contrib/111214295502934586376/reviews?hl=ko-KR
ChZDSUhNMG9nS0VJQ0FnSUNvaXMyZU1nEAE,한적하고 산책하기좋음 규모는 크지않음 이상하게 경찰들이 있음 😲,1년 전,2020-11-10 21:55:32.563739,박영열,0,0,https://www.google.com/maps/contrib/117777860629739184394/reviews?hl=ko-KR
ChdDSUhNMG9nS0VJQ0FnSUNvMktPX3dnRRAB,,1년 전,2020-11-10 21:55:32.564736,Jin C. HYUN,0,0,https://www.google.com/maps/contrib/103805977397781420182/reviews?hl=ko-KR
ChZDSUhNMG9nS0VJQ0FnSUNvMkozX1l3EAE,(Google 번역 제공) 그것은 한국 전쟁까지 1890 년부터 러시아 legation이었다. 지금이 건물은 한국 전쟁의 비장을 구축하고 있습니다. 한국 정부는 2021 년까지 재건하기로 결정했다.  당신이 한국에 올 때 나는 당신을 권합니다.  (원문) It was a Russia legation Since 1890 until Korean war. Now This building have part of building beacause of Korean war. Korean goverment decide to rebuilt until 2021.  When you come to Korea I recomand you.,1년 전,2020-11-10 21:55:32.566729,GO. REscue,0,0,https://www.google.com/maps/contrib/105046114674403688844/reviews?hl=ko-KR
ChdDSUhNMG9nS0VJQ0FnSUNvcUotaTNBRRAB,"러시아 공사관의 추억은 백년 전이지만, 그 앞의 sig의 역사는 지금 이곳에서 시작된다!",1년 전,2020-11-10 21:55:32.567726,MitDoong Kim,0,0,https://www.google.com/maps/contrib/102879486165237614132/reviews?hl=ko-KR
ChZDSUhNMG9nS0VJQ0FnSURJcV9YcFpnEAE,정동길로 바로 갈 수도 있고 덕수궁 후문으로 나와서 “고종의 길(king’s road)”를 따라 가도 나옵니다. 을미사변과 아관파천의 근현대 역사가 이제는 한적한 공원으로 남아있습니다.,1년 전,2020-11-10 21:55:32.569719,Jason Carter,0,0,https://www.google.com/maps/contrib/105316154783229963091/reviews?hl=ko-KR
ChZDSUhNMG9nS0VJQ0FnSURJODRQQmZ3EAE,,1년 전,2020-11-10 21:55:32.571713,은진,0,0,https://www.google.com/maps/contrib/118002248908009133676/reviews?hl=ko-KR
ChdDSUhNMG9nS0VJQ0FnSURJcGVPMy1RRRAB,역사적 공간,1년 전,2020-11-10 21:55:32.572710,larzo brooks,0,0,https://www.google.com/maps/contrib/114233389817166346013/reviews?hl=ko-KR
ChZDSUhNMG9nS0VJQ0FnSURJM3VTWGJ3EAE,슬픈 역사도 역사입니다.,1년 전,2020-11-10 21:55:32.574703,백과사전선생님,0,0,https://www.google.com/maps/contrib/111355233963427818558/reviews?hl=ko-KR
ChdDSUhNMG9nS0VJQ0FnSURJdHE2enJRRRAB,복원하였으면 하는바램입니다,1년 전,2020-11-10 21:55:32.576696,이신라,0,0,https://www.google.com/maps/contrib/105740005294451383973/reviews?hl=ko-KR
ChdDSUhNMG9nS0VJQ0FnSURJbXZLcWpBRRAB,,1년 전,2020-11-10 21:55:40.790552,좌충우돌,0,0,https://www.google.com/maps/contrib/113272756763817648164/reviews?hl=ko-KR
ChdDSUhNMG9nS0VJQ0FnSURJN0luUDJBRRAB,역사적인장소 고종의 길~~,1년 전,2020-11-10 21:55:40.791549,송홀씨,0,0,https://www.google.com/maps/contrib/114899505737580106538/reviews?hl=ko-KR
ChdDSUhNMG9nS0VJQ0FnSURJcVBQdHB3RRAB,,1년 전,2020-11-10 21:55:40.793592,이재철,0,0,https://www.google.com/maps/contrib/117051737940057924106/reviews?hl=ko-KR
ChdDSUhNMG9nS0VJQ0FnSUNJNTdQSzR3RRAB,,1년 전,2020-11-10 21:55:40.795541,Arosa Park,0,0,https://www.google.com/maps/contrib/112611683957126483379/reviews?hl=ko-KR
ChZDSUhNMG9nS0VJQ0FnSUNJNTQ3RlBnEAE,역사적 가치가 높은 곳,1년 전,2020-11-10 21:55:40.796537,이광욱,0,0,https://www.google.com/maps/contrib/100572910885247899773/reviews?hl=ko-KR
ChdDSUhNMG9nS0VJQ0FnSUNJczVfTG1RRRAB,,1년 전,2020-11-10 21:55:40.798527,박명수,0,0,https://www.google.com/maps/contrib/107022033317767422404/reviews?hl=ko-KR
ChZDSUhNMG9nS0VJQ0FnSUNJdGU2WGNBEAE,울타리가 걷히면서 처음으로 방문했어요,1년 전,2020-11-10 21:55:40.799867,김영배,0,0,https://www.google.com/maps/contrib/116477451946151589076/reviews?hl=ko-KR
ChdDSUhNMG9nS0VJQ0FnSUNJMGFET2lnRRAB,구 러시아공관. 아픈 기억의 역사공간,1년 전,2020-11-10 21:55:40.801678,Barova바로바,0,0,https://www.google.com/maps/contrib/110381935712318993632/reviews?hl=ko-KR
