﻿id_review,caption,relative_date,retrieval_date,username,n_review_user,n_photo_user,url_user
ChZDSUhNMG9nS0VJQ0FnSUNpMWZ2WFZ3EAE,덕수궁과 함께 보기좋아요~,3시간 전,2020-11-10 19:03:41.258958,JM Park,0,0,https://www.google.com/maps/contrib/109861329102509024050/reviews?hl=ko-KR
ChdDSUhNMG9nS0VJQ0FnSUNpaWIyNHhRRRAB,,3일 전,2020-11-10 19:03:41.259953,김문경,0,0,https://www.google.com/maps/contrib/115489720705045274810/reviews?hl=ko-KR
ChZDSUhNMG9nS0VJQ0FnSUNpc2Y2VUlBEAE,Exhibition hall inside the area of historic Doksugung palace,4일 전,2020-11-10 19:03:41.260961,Irena Yu,0,0,https://www.google.com/maps/contrib/111940275362735040193/reviews?hl=ko-KR
ChZDSUhNMG9nS0VJQ0FnSUNpdXRQOUx3EAE,,1주 전,2020-11-10 19:03:41.260961,김명례,0,0,https://www.google.com/maps/contrib/101947222768588903639/reviews?hl=ko-KR
ChZDSUhNMG9nS0VJQ0FnSUNpdXRIQmFBEAE,(Google 번역 제공) 도시에서 가장 잘 보존 된 오래된 건물 중 하나입니다. 역사를 알기 위해 방문 할 가치가 있습니다.  (원문) One of the best preserved old buildings in the city. Worth visiting to know it's history.,1주 전,2020-11-10 19:03:41.261948,Alex Yul,0,0,https://www.google.com/maps/contrib/114555031428040629907/reviews?hl=ko-KR
ChZDSUhNMG9nS0VJQ0FnSUNpcXBQeWRREAE,"(Google 번역 제공) 왕립 도서관. 러시아 건축가 Seredin-Sabatin이 설계하고 지은 역사적인 건물입니다. 일본의 한국 통치권 이전에 관한 합의가 여기에서 체결되었습니다. 흥미로운 박람회. 2020 년 11 월 11 일까지 러시아 건축가에 대한 임시 전시회  (원문) Королевская библиотека. Историческое здание, спроектированное и построенное русским архитектором Серединым-Сабатиным. Здесь был подписан договор о передаче прав Японии на управление Кореей. Интересная экспозиция. До 11.11 2020 временная выставка о русском архитекторе",1주 전,2020-11-10 19:03:41.262944,Irina Pavlovskaya,0,0,https://www.google.com/maps/contrib/109770472003631495714/reviews?hl=ko-KR
ChdDSUhNMG9nS0VJQ0FnSUNpaXB5SWp3RRAB,구석진 곳에 있어 잘 눈에 띠지 않아 하낙해서 좋음. 실내화로 내부를 봐야 하는 것도. 아픈 역사의 흔적이 있는 곳. 을사 늑약이 이뤄진 곳이기도 합니다.,1주 전,2020-11-10 19:03:41.262944,양병남,0,0,https://www.google.com/maps/contrib/100870763689435746997/reviews?hl=ko-KR
ChdDSUhNMG9nS0VJQ0FnSUNpaXNpZDZ3RRAB,"중명전. 을사늑약을 을사오적과 이토히로부미가 체결하였던 장소 최근 1883 러시아청녀뉴사바틴, 조선에오다 특별전 전시중",1주 전,2020-11-10 19:03:41.263951,Dongwook Lee,0,0,https://www.google.com/maps/contrib/104446138656758193314/reviews?hl=ko-KR
ChdDSUhNMG9nS0VJQ0FnSUNpMHVEUG13RRAB,을사늑약이 체결된 곳. 역사의 울분을 느끼려면 필수코스,2주 전,2020-11-10 19:03:41.263951,_tookoom뚜꿈,0,0,https://www.google.com/maps/contrib/116408053249430860485/reviews?hl=ko-KR
ChdDSUhNMG9nS0VJQ0FnSUNpa3VlR3V3RRAB,이 곳 중명전은 을사늑약이 체결된 곳이고 덕수궁 안에 포함되어 있습니다 11월11일까지 2층에서 을사조약을 목격한 러시아인 사바틴 전시회 하고 있습니다,2주 전,2020-11-10 19:03:41.264938,지현우,0,0,https://www.google.com/maps/contrib/104547695705304212042/reviews?hl=ko-KR
ChdDSUhNMG9nS0VJQ0FnSUNpN0w2Q2xRRRAB,잘 돼있다.,2주 전,2020-11-10 19:03:41.264938,박정현,0,0,https://www.google.com/maps/contrib/116656699335993674707/reviews?hl=ko-KR
ChdDSUhNMG9nS0VJQ0FnSUNpNE9xdDZRRRAB,,3주 전,2020-11-10 19:03:41.265934,이병수,0,0,https://www.google.com/maps/contrib/115347147694158956558/reviews?hl=ko-KR
ChZDSUhNMG9nS0VJQ0FnSUQ4ODRmdldBEAE,역사적인장소. 역사를 되새기자. 고종의 독서실,3달 전,2020-11-10 19:03:41.265934,Ju In kim,0,0,https://www.google.com/maps/contrib/104944367168092057039/reviews?hl=ko-KR
ChZDSUhNMG9nS0VJQ0FnSURjekl2aGV3EAE,,5달 전,2020-11-10 19:03:41.266931,Hyungseob Kim,0,0,https://www.google.com/maps/contrib/108024285380739448576/reviews?hl=ko-KR
ChdDSUhNMG9nS0VJQ0FnSURjdEt6Q2tBRRAB,,5달 전,2020-11-10 19:03:41.266931,김석수,0,0,https://www.google.com/maps/contrib/104120354661260545767/reviews?hl=ko-KR
ChdDSUhNMG9nS0VJQ0FnSURjbUwyaTdBRRAB,우리나라역사의 쓴부분을 엿볼수있었던곳 다시한번 국격의힘이 중요하단사실을 느꼈다ㅠ,5달 전,2020-11-10 19:03:41.267936,gee s. baek,0,0,https://www.google.com/maps/contrib/103425666945699113877/reviews?hl=ko-KR
ChdDSUhNMG9nS0VJQ0FnSUNjcjVxQmtRRRAB,,6달 전,2020-11-10 19:03:41.268924,박홍철,0,0,https://www.google.com/maps/contrib/106766090144113099870/reviews?hl=ko-KR
ChdDSUhNMG9nS0VJQ0FnSUNjc0kzSGtnRRAB,,7달 전,2020-11-10 19:03:41.268924,용석정,0,0,https://www.google.com/maps/contrib/102187900785727762974/reviews?hl=ko-KR
ChdDSUhNMG9nS0VJQ0FnSURzcWVEZF9BRRAB,,8달 전,2020-11-10 19:03:41.269922,홍영도,0,0,https://www.google.com/maps/contrib/115605541047897737201/reviews?hl=ko-KR
ChdDSUhNMG9nS0VJQ0FnSURzb2NLa2dBRRAB,,8달 전,2020-11-10 19:03:41.269922,Shiba Sen,0,0,https://www.google.com/maps/contrib/106268268136895842002/reviews?hl=ko-KR
ChZDSUhNMG9nS0VJQ0FnSURzN3MzN0J3EAE,서울시내에 이런곳이 있는줄 이제야 알게 되었습니다.,8달 전,2020-11-10 19:03:47.567908,윤연승,0,0,https://www.google.com/maps/contrib/107463106573703454190/reviews?hl=ko-KR
ChdDSUhNMG9nS0VJQ0FnSURzeVB1d2pBRRAB,,8달 전,2020-11-10 19:03:47.567908,Jude Jung,0,0,https://www.google.com/maps/contrib/109878583818032104543/reviews?hl=ko-KR
ChZDSUhNMG9nS0VJQ0FnSURzb0tmZWNnEAE,,8달 전,2020-11-10 19:03:47.568903,김영호,0,0,https://www.google.com/maps/contrib/103963492235423708066/reviews?hl=ko-KR
ChdDSUhNMG9nS0VJQ0FnSUNzbi1hQ3lBRRAB,,8달 전,2020-11-10 19:03:47.568903,의외,0,0,https://www.google.com/maps/contrib/117141689957811123878/reviews?hl=ko-KR
ChZDSUhNMG9nS0VJQ0FnSUNzbDVMUE5BEAE,,8달 전,2020-11-10 19:03:47.569900,서동석,0,0,https://www.google.com/maps/contrib/113917329582024032383/reviews?hl=ko-KR
ChZDSUhNMG9nS0VJQ0FnSUNzNjhieGRREAE,조아여,8달 전,2020-11-10 19:03:47.569900,강희영,0,0,https://www.google.com/maps/contrib/114358809007336563680/reviews?hl=ko-KR
ChdDSUhNMG9nS0VJQ0FnSUNzemEyVl9BRRAB,,8달 전,2020-11-10 19:03:47.570896,Heui-Kyung Yoo,0,0,https://www.google.com/maps/contrib/113701972889120030393/reviews?hl=ko-KR
ChZDSUhNMG9nS0VJQ0FnSUNzOWVIUFR3EAE,,9달 전,2020-11-10 19:03:47.570896,최동운,0,0,https://www.google.com/maps/contrib/106120521161323354189/reviews?hl=ko-KR
ChdDSUhNMG9nS0VJQ0FnSUNzLWQ2VnR3RRAB,,9달 전,2020-11-10 19:03:47.571893,Suck Hun Lee,0,0,https://www.google.com/maps/contrib/102572490326364088715/reviews?hl=ko-KR
ChZDSUhNMG9nS0VJQ0FnSUNzaWRtTE93EAE,,9달 전,2020-11-10 19:03:47.571893,SAN-JINN κ,0,0,https://www.google.com/maps/contrib/100122248248678888278/reviews?hl=ko-KR
ChdDSUhNMG9nS0VJQ0FnSUNzMGI3cHp3RRAB,을사늑약의 역사 현장. 꼭 들려볼만 한 곳.,9달 전,2020-11-10 19:03:53.887821,지지성,0,0,https://www.google.com/maps/contrib/108982263317426678746/reviews?hl=ko-KR
ChdDSUhNMG9nS0VJQ0FnSUNzb2NHYzFBRRAB,,9달 전,2020-11-10 19:03:53.888814,조형훈,0,0,https://www.google.com/maps/contrib/108203497831990666686/reviews?hl=ko-KR
ChdDSUhNMG9nS0VJQ0FnSUNzdXV1WDdRRRAB,역사문화관,9달 전,2020-11-10 19:03:53.888814,김이헌,0,0,https://www.google.com/maps/contrib/115746094148404611093/reviews?hl=ko-KR
ChdDSUhNMG9nS0VJQ0FnSUNzcXMyMHBnRRAB,의미있는 곳.,9달 전,2020-11-10 19:03:53.889822,NURI LEE,0,0,https://www.google.com/maps/contrib/118195939777959666985/reviews?hl=ko-KR
ChdDSUhNMG9nS0VJQ0FnSUNzMU1UVTNRRRAB,,9달 전,2020-11-10 19:03:53.889822,유기선,0,0,https://www.google.com/maps/contrib/108877068590095800502/reviews?hl=ko-KR
ChZDSUhNMG9nS0VJQ0FnSUNzbU9lVFpnEAE,,9달 전,2020-11-10 19:03:53.890808,Tae Young Kang,0,0,https://www.google.com/maps/contrib/112897743161587440983/reviews?hl=ko-KR
ChZDSUhNMG9nS0VJQ0FnSUNzcU9Da1lBEAE,,9달 전,2020-11-10 19:03:53.890808,David Lee,0,0,https://www.google.com/maps/contrib/100713467936668041542/reviews?hl=ko-KR
ChdDSUhNMG9nS0VJQ0FnSUNzc0tXNDJnRRAB,"덕수궁 안에 있는 줄 알았는데, 정동극장 옆으로 돌아들어가는 데에 입구가 있습니다. 역사적인 장소이지만 재현해 놓은 자료수준은 그리 높지 않습니다. 겨울인데도 노숙자(?) 냄새로 머리가 지끈거릴 정도여서 천천히 둘러보지 못할 정도였습니다.",9달 전,2020-11-10 19:03:53.891805,Daesik Leigh,0,0,https://www.google.com/maps/contrib/106559743711356265111/reviews?hl=ko-KR
ChZDSUhNMG9nS0VJQ0FnSUNzd01McFBREAE,,9달 전,2020-11-10 19:03:53.891805,Joseph Rim,0,0,https://www.google.com/maps/contrib/105833096515395536948/reviews?hl=ko-KR
ChdDSUhNMG9nS0VJQ0FnSURNai1tbGd3RRAB,,9달 전,2020-11-10 19:03:53.892821,신혜정,0,0,https://www.google.com/maps/contrib/115443965221632338239/reviews?hl=ko-KR
ChZDSUhNMG9nS0VJQ0FnSURNdDVhbk5nEAE,종로 안국역 일대를 돌아다니는걸 좋아합니다. 안쪽에 들어가시면 박물관으로 작게 꾸며두셔서 유익했네요,9달 전,2020-11-10 19:04:00.253577,j야호,0,0,https://www.google.com/maps/contrib/102474419870568118304/reviews?hl=ko-KR
ChZDSUhNMG9nS0VJQ0FnSURNeC1LeUFnEAE,,9달 전,2020-11-10 19:04:00.254593,Jacobs M,0,0,https://www.google.com/maps/contrib/109659232707168188203/reviews?hl=ko-KR
ChdDSUhNMG9nS0VJQ0FnSURNeTVMZ2hBRRAB,,9달 전,2020-11-10 19:04:00.254593,비둘기감별사,0,0,https://www.google.com/maps/contrib/113650342597554666339/reviews?hl=ko-KR
ChdDSUhNMG9nS0VJQ0FnSURNaTVlcW5BRRAB,,9달 전,2020-11-10 19:04:00.255580,김형진,0,0,https://www.google.com/maps/contrib/114196877989960195194/reviews?hl=ko-KR
ChdDSUhNMG9nS0VJQ0FnSURNdmRxLTB3RRAB,,10달 전,2020-11-10 19:04:00.255580,Young-Je Lim,0,0,https://www.google.com/maps/contrib/114402510202678788520/reviews?hl=ko-KR
ChZDSUhNMG9nS0VJQ0FnSURNaGQyV01nEAE,종합적인 공개를해서 역사를 바로 알려야 할것 같은데 너무 폐쇄적인. 모든것은 알여서 공개를 해야하는데 우리나라는 속이는 비밀이 너무많다. 외국을 참고바랍니다.,10달 전,2020-11-10 19:04:00.256567,우상권,0,0,https://www.google.com/maps/contrib/115739146595512081716/reviews?hl=ko-KR
ChZDSUhNMG9nS0VJQ0FnSURNNmNhOUdREAE,,10달 전,2020-11-10 19:04:00.256567,SAN-JINN Κ,0,0,https://www.google.com/maps/contrib/105247485577414732716/reviews?hl=ko-KR
ChdDSUhNMG9nS0VJQ0FnSURNOGFHWDRRRRAB,처음 알았습니다. 이런 역사적인 곳을.,10달 전,2020-11-10 19:04:00.257563,신수잔,0,0,https://www.google.com/maps/contrib/113345334185545189332/reviews?hl=ko-KR
ChZDSUhNMG9nS0VJQ0FnSURNNGZDT1ZBEAE,"정동길 안쪽에 있어서 사람들이 잘 안 가지만 을사늑약과 헤이그특사 파견, 덕수궁 주변 풍경 등을 소개하는 전시가 잘 되어있어요. 신발 벗고 실내화로 갈아신고 볼 수 있어요.",10달 전,2020-11-10 19:04:00.257563,정호용,0,0,https://www.google.com/maps/contrib/114491859746266811801/reviews?hl=ko-KR
ChdDSUhNMG9nS0VJQ0FnSURNenA2YTd3RRAB,을사늑약의 현장... 의미있는 방문 가능,10달 전,2020-11-10 19:04:00.258570,편성국,0,0,https://www.google.com/maps/contrib/110519241459731945719/reviews?hl=ko-KR
ChZDSUhNMG9nS0VJQ0FnSURNMXBia1dnEAE,마침 비가 세차게 내려서 가져 온 차를 여기서 마셨네요. 을사늑약의 과정을 고스란히 피부로 느낄 수 있는 곳!,10달 전,2020-11-10 19:04:06.625315,sophie shim,0,0,https://www.google.com/maps/contrib/115990145953640168704/reviews?hl=ko-KR
ChZDSUhNMG9nS0VJQ0FnSURNbHMtNUpBEAE,"우리의 역사가 서려있는 곳이에요, 꼭 가보시길 바래요!",10달 전,2020-11-10 19:04:06.626312,김창우,0,0,https://www.google.com/maps/contrib/104062834796151633810/reviews?hl=ko-KR
ChdDSUhNMG9nS0VJQ0FnSURNeG96bjNRRRAB,,10달 전,2020-11-10 19:04:06.626312,성한슬,0,0,https://www.google.com/maps/contrib/110609053768474751347/reviews?hl=ko-KR
ChZDSUhNMG9nS0VJQ0FnSURNaHUtVGRnEAE,,10달 전,2020-11-10 19:04:06.627308,김봉주,0,0,https://www.google.com/maps/contrib/103364323637775743259/reviews?hl=ko-KR
ChdDSUhNMG9nS0VJQ0FnSURNMHJ2dXZnRRAB,"""옛날에는 이렇게 살았구나""라고 생각할수 있는 곳입니다. 시간이 된다면 가볼만한 장소입니다~",10달 전,2020-11-10 19:04:06.627308,최은채,0,0,https://www.google.com/maps/contrib/106267819971512217754/reviews?hl=ko-KR
ChdDSUhNMG9nS0VJQ0FnSURNZ3J6OTN3RRAB,,10달 전,2020-11-10 19:04:06.628317,김병규,0,0,https://www.google.com/maps/contrib/107241596399235276508/reviews?hl=ko-KR
ChdDSUhNMG9nS0VJQ0FnSURNX1BlTXF3RRAB,유익합니다,10달 전,2020-11-10 19:04:06.628317,홍채정,0,0,https://www.google.com/maps/contrib/114441024074548561287/reviews?hl=ko-KR
ChZDSUhNMG9nS0VJQ0FnSURNM0tyQWJBEAE,,10달 전,2020-11-10 19:04:06.629302,문학에미치다,0,0,https://www.google.com/maps/contrib/112913844957549248096/reviews?hl=ko-KR
ChdDSUhNMG9nS0VJQ0FnSURNek16OTBnRRAB,조선말의 역사를 배울 수 있는 곳입니다.,10달 전,2020-11-10 19:04:06.629302,Jeonghun Han,0,0,https://www.google.com/maps/contrib/112880433351220250964/reviews?hl=ko-KR
ChdDSUhNMG9nS0VJQ0FnSUNNXzVlRDBRRRAB,,10달 전,2020-11-10 19:04:06.630298,sung kyu Won,0,0,https://www.google.com/maps/contrib/116433344582925675841/reviews?hl=ko-KR
ChdDSUhNMG9nS0VJQ0FnSUNNMzhUUTJnRRAB,역사를 좋아하고 드라마를 좋아하다보니 꼭 가보고 싶었던 장소였어요. 해설사의 해설 들으며 구석구석 잘 둘러봤습니다.,10달 전,2020-11-10 19:04:13.092745,최후경,0,0,https://www.google.com/maps/contrib/111346005896787875400/reviews?hl=ko-KR
ChZDSUhNMG9nS0VJQ0FnSUNNcDZyLWRBEAE,,11달 전,2020-11-10 19:04:13.093742,minjung choi,0,0,https://www.google.com/maps/contrib/103049236768314056120/reviews?hl=ko-KR
ChZDSUhNMG9nS0VJQ0FnSUNNeDl5bkFnEAE,,11달 전,2020-11-10 19:04:13.093742,홍다연,0,0,https://www.google.com/maps/contrib/102149400142264236179/reviews?hl=ko-KR
ChZDSUhNMG9nS0VJQ0FnSUNNaDlPMUpREAE,,11달 전,2020-11-10 19:04:13.094738,Juhee Shon,0,0,https://www.google.com/maps/contrib/113552758741115154039/reviews?hl=ko-KR
ChdDSUhNMG9nS0VJQ0FnSUNNMjV6NDlnRRAB,,11달 전,2020-11-10 19:04:13.094738,송은석,0,0,https://www.google.com/maps/contrib/112786118209295378612/reviews?hl=ko-KR
ChZDSUhNMG9nS0VJQ0FnSUNNcTdXTktREAE,"덕수궁 돌담길을 가게 될 때, 들려보세요. 꼭 가야할 슬픈 역사적 장소입니다.",11달 전,2020-11-10 19:04:13.095735,김연희,0,0,https://www.google.com/maps/contrib/102606916644533162336/reviews?hl=ko-KR
ChZDSUhNMG9nS0VJQ0FnSUNNMDhhVU9BEAE,대한사람 만세!!,11달 전,2020-11-10 19:04:13.095735,김범서,0,0,https://www.google.com/maps/contrib/107583651511053209189/reviews?hl=ko-KR
ChdDSUhNMG9nS0VJQ0FnSUNNdzRIbTB3RRAB,,11달 전,2020-11-10 19:04:13.096729,조기행,0,0,https://www.google.com/maps/contrib/101767688300694100837/reviews?hl=ko-KR
ChdDSUhNMG9nS0VJQ0FnSUNNemZycnRRRRAB,,11달 전,2020-11-10 19:04:13.096729,우우형제tv,0,0,https://www.google.com/maps/contrib/118418766819524738932/reviews?hl=ko-KR
ChdDSUhNMG9nS0VJQ0FnSUNNMWJ6anFnRRAB,슬픔과 분노의 현장.,11달 전,2020-11-10 19:04:13.097726,박찬병,0,0,https://www.google.com/maps/contrib/115022727166734789697/reviews?hl=ko-KR
ChdDSUhNMG9nS0VJQ0FnSUNNaGVLd3NRRRAB,아이들 교육에 좋아요,11달 전,2020-11-10 19:04:19.535295,Young chur Song,0,0,https://www.google.com/maps/contrib/108946139240201278086/reviews?hl=ko-KR
ChdDSUhNMG9nS0VJQ0FnSUQwMy03QTNnRRAB,역사적인 곳인만큼 꼭 들려보시길,11달 전,2020-11-10 19:04:19.535295,jina kim,0,0,https://www.google.com/maps/contrib/116439838386316134505/reviews?hl=ko-KR
ChdDSUhNMG9nS0VJQ0FnSUQwX2JEbG9RRRAB,,11달 전,2020-11-10 19:04:19.536292,Seoul Metro,0,0,https://www.google.com/maps/contrib/118133403667650278571/reviews?hl=ko-KR
ChZDSUhNMG9nS0VJQ0FnSUQwN2NuQlJ3EAE,,11달 전,2020-11-10 19:04:19.536292,화홍문,0,0,https://www.google.com/maps/contrib/114514685841120228815/reviews?hl=ko-KR
ChdDSUhNMG9nS0VJQ0FnSUQwN2ZHNV93RRAB,,11달 전,2020-11-10 19:04:19.537289,문준수,0,0,https://www.google.com/maps/contrib/103604757394684970507/reviews?hl=ko-KR
ChdDSUhNMG9nS0VJQ0FnSUQwN2RMUWd3RRAB,,11달 전,2020-11-10 19:04:19.537289,hyunjung kim,0,0,https://www.google.com/maps/contrib/110742551707327483883/reviews?hl=ko-KR
ChZDSUhNMG9nS0VJQ0FnSUQwdGNqQ1BnEAE,부끄러운 우리의 역사를 후손들에게 알려서 반복되지 않도록 교육시킬 수 있는 장소입니다.,11달 전,2020-11-10 19:04:19.538281,신동찬,0,0,https://www.google.com/maps/contrib/117849448073411055439/reviews?hl=ko-KR
ChdDSUhNMG9nS0VJQ0FnSUQwMWMzU25BRRAB,대한민국 근현대사 바로알기,11달 전,2020-11-10 19:04:19.538281,정은미,0,0,https://www.google.com/maps/contrib/117137118352626301480/reviews?hl=ko-KR
ChZDSUhNMG9nS0VJQ0FnSUQwMWMyR2VBEAE,,11달 전,2020-11-10 19:04:19.539278,김경심,0,0,https://www.google.com/maps/contrib/111979056558826017246/reviews?hl=ko-KR
ChdDSUhNMG9nS0VJQ0FnSUQweFktQ2l3RRAB,치욕역사의 자리에서 숙연해지고 안타끼움이,11달 전,2020-11-10 19:04:19.539278,김명화,0,0,https://www.google.com/maps/contrib/110859481869144645631/reviews?hl=ko-KR
ChdDSUhNMG9nS0VJQ0FnSUQwLWNPRHJnRRAB,,11달 전,2020-11-10 19:04:25.977741,최용식,0,0,https://www.google.com/maps/contrib/117602839570762829768/reviews?hl=ko-KR
ChZDSUhNMG9nS0VJQ0FnSUQwMmJISFNBEAE,"덕수궁 돌담길을 걷다 정동길로 들어서면 나타나는 중명전. 이름만 본다면 궁궐의 어느 한 전각쯤 되는 곳인가? 하는 착각이 들지만, 알고보면 우리 대한제국 역사의 가장 치욕적이고 가슴아픈 사건이 이 곳에서 벌어졌다는 사실을 알게된다. 을사오적! 나라를 팔아먹은 일본  앞잡이들이 중명전에서 날인을 했다는것이다. 지금의 우리는 고풍스럽고 아름다운 길을 산책하며 지나치게 되는 그곳 중명전을 꼭 한번 들러 치욕의 순간을 간접으로나마 들여다 보며 적개심을 공고히 하길 기대하는바다.",11달 전,2020-11-10 19:04:25.977741,박미희,0,0,https://www.google.com/maps/contrib/113497488220838656494/reviews?hl=ko-KR
ChZDSUhNMG9nS0VJQ0FnSUQwcWJQMVF3EAE,"가슴아픈 역사지만 우리의 잊지 말아야할 역사를 품고 있는곳, 그사실을을 다시 한번 가슴 새겨주는곳~~~",11달 전,2020-11-10 19:04:25.978737,Minho Lee,0,0,https://www.google.com/maps/contrib/112623071939779365186/reviews?hl=ko-KR
ChZDSUhNMG9nS0VJQ0FnSUQwcWRMVVlREAE,월요일 휴무입니다 아이들 체험학습장소,11달 전,2020-11-10 19:04:25.978737,임크리스티나,0,0,https://www.google.com/maps/contrib/107771798037647710166/reviews?hl=ko-KR
ChZDSUhNMG9nS0VJQ0FnSUQweVliLUZBEAE,,1년 전,2020-11-10 19:04:25.979734,엄수빈,0,0,https://www.google.com/maps/contrib/115133417500856808970/reviews?hl=ko-KR
ChZDSUhNMG9nS0VJQ0FnSUQwc2VXRExREAE,,1년 전,2020-11-10 19:04:25.979734,여연희,0,0,https://www.google.com/maps/contrib/115735402763862883129/reviews?hl=ko-KR
ChZDSUhNMG9nS0VJQ0FnSUQwc2JueURBEAE,어린이 뿐 아니라 어른들도 역사를 되새길 수 있으며 밀랍인형이 진짜 사람 같아서 너무 놀랐음,1년 전,2020-11-10 19:04:25.980731,김완범,0,0,https://www.google.com/maps/contrib/117214575308326483157/reviews?hl=ko-KR
ChZDSUhNMG9nS0VJQ0FnSUQwc2ZMbk53EAE,들어가서 볼게 없음,1년 전,2020-11-10 19:04:25.980731,최태환,0,0,https://www.google.com/maps/contrib/105419505782017364098/reviews?hl=ko-KR
ChZDSUhNMG9nS0VJQ0FnSUQwX3RQNUVREAE,,1년 전,2020-11-10 19:04:25.981728,곽성이,0,0,https://www.google.com/maps/contrib/108815714457803984424/reviews?hl=ko-KR
ChZDSUhNMG9nS0VJQ0FnSUQwbnR2VkxnEAE,,1년 전,2020-11-10 19:04:25.981728,呉世京,0,0,https://www.google.com/maps/contrib/104812581228159683855/reviews?hl=ko-KR
ChdDSUhNMG9nS0VJQ0FnSUQwbnNLRW13RRAB,,1년 전,2020-11-10 19:04:32.586688,Ed Gh,0,0,https://www.google.com/maps/contrib/107471820289427068611/reviews?hl=ko-KR
ChdDSUhNMG9nS0VJQ0FnSUQwenFIbnNnRRAB,도심 속 역사 명소,1년 전,2020-11-10 19:04:32.586688,오석진,0,0,https://www.google.com/maps/contrib/105339465665482421441/reviews?hl=ko-KR
ChZDSUhNMG9nS0VJQ0FnSUQwbHNtaVlnEAE,,1년 전,2020-11-10 19:04:32.587746,박준,0,0,https://www.google.com/maps/contrib/108075060981206366248/reviews?hl=ko-KR
ChdDSUhNMG9nS0VJQ0FnSUQwcHI2VGhnRRAB,,1년 전,2020-11-10 19:04:32.588736,gim gim,0,0,https://www.google.com/maps/contrib/109660144853024514613/reviews?hl=ko-KR
ChdDSUhNMG9nS0VJQ0FnSUQwdXVxZ2hnRRAB,,1년 전,2020-11-10 19:04:32.588736,강산,0,0,https://www.google.com/maps/contrib/100421960872604693049/reviews?hl=ko-KR
ChZDSUhNMG9nS0VJQ0FnSUQwMHFMY2Z3EAE,,1년 전,2020-11-10 19:04:32.589679,김영란,0,0,https://www.google.com/maps/contrib/117520512059739936493/reviews?hl=ko-KR
ChZDSUhNMG9nS0VJQ0FnSUQwM01MaFpBEAE,,1년 전,2020-11-10 19:04:32.590732,Sukhyun Yun,0,0,https://www.google.com/maps/contrib/108970297062676034323/reviews?hl=ko-KR
ChdDSUhNMG9nS0VJQ0FnSUQwM0t6ZXV3RRAB,(Google 번역 제공) 한약을 사려고까지 시장이 생선과 야채 한방 만들기 재료 등 많이 팔고있었습니다  (원문) 漢方薬を買いに行くまでに 市場があり魚や野菜漢方を作る 材料などたくさん売ってました,1년 전,2020-11-10 19:04:32.590732,勝美松原,0,0,https://www.google.com/maps/contrib/103911631031012471434/reviews?hl=ko-KR
ChZDSUhNMG9nS0VJQ0FnSUQwbkwzcEtBEAE,,1년 전,2020-11-10 19:04:32.591672,NakHyung Jo,0,0,https://www.google.com/maps/contrib/108718302376460432470/reviews?hl=ko-KR
ChdDSUhNMG9nS0VJQ0FnSUQwekszZnpnRRAB,,1년 전,2020-11-10 19:04:32.592726,조재현,0,0,https://www.google.com/maps/contrib/108508008564758605764/reviews?hl=ko-KR
ChZDSUhNMG9nS0VJQ0FnSUQwOUxURE5BEAE,건물도 이쁘고 역사적인 내용을 알 수 있어서 좋았던 곳,1년 전,2020-11-10 19:04:39.175762,SoonJoo Park,0,0,https://www.google.com/maps/contrib/117646906425568850779/reviews?hl=ko-KR
ChdDSUhNMG9nS0VJQ0FnSUQwOU9DMC1RRRAB,,1년 전,2020-11-10 19:04:39.176760,전병택,0,0,https://www.google.com/maps/contrib/102563016976766668306/reviews?hl=ko-KR
ChZDSUhNMG9nS0VJQ0FnSUQwbExTUEJ3EAE,진실된 역사를 아는 민족은 굳건한 나라이다,1년 전,2020-11-10 19:04:39.176760,한마음Seo,0,0,https://www.google.com/maps/contrib/103428535241211675627/reviews?hl=ko-KR
ChdDSUhNMG9nS0VJQ0FnSUQwc0xqUHlBRRAB,,1년 전,2020-11-10 19:04:39.176760,이지연,0,0,https://www.google.com/maps/contrib/114309292830344487687/reviews?hl=ko-KR
ChZDSUhNMG9nS0VJQ0FnSUQwMEltR2VBEAE,중명전에 처음 가봤어요. 넘 좋았어요. 역사적인 장소!,1년 전,2020-11-10 19:04:39.177751,Hana Lee,0,0,https://www.google.com/maps/contrib/116779601644481106535/reviews?hl=ko-KR
ChdDSUhNMG9nS0VJQ0FnSUQwMEtINDhRRRAB,,1년 전,2020-11-10 19:04:39.177751,Seungoh Seo,0,0,https://www.google.com/maps/contrib/112655397500997052739/reviews?hl=ko-KR
ChdDSUhNMG9nS0VJQ0FnSUQwcEk2eWh3RRAB,역사적인 장소이다. 을사늑약이 체결된 장소이고 순종과 윤비가 가례를 거행한 곳이라고 한다.,1년 전,2020-11-10 19:04:39.178749,이채민,0,0,https://www.google.com/maps/contrib/113544596585758946822/reviews?hl=ko-KR
ChdDSUhNMG9nS0VJQ0FnSUQwZ1BpYXFBRRAB,,1년 전,2020-11-10 19:04:39.179749,김승현,0,0,https://www.google.com/maps/contrib/111917630706852978904/reviews?hl=ko-KR
ChZDSUhNMG9nS0VJQ0FnSUQwZ05DMkh3EAE,중명전  대한제국 시절 덕수궁의 부속 건물로 지어져서 도서관으로 사용되다가 덕수궁이 불타자 고종의 집무실인 편전이자 외국사절 알현실로 사용되었고 이후에 을사늑약이 체결된 장소가 여기라고 하네요  역사를 잊은 민족에게 미래는 없다 -단재 신채호,1년 전,2020-11-10 19:04:39.179749,김태진,0,0,https://www.google.com/maps/contrib/103249989848805762923/reviews?hl=ko-KR
ChZDSUhNMG9nS0VJQ0FnSUMwbjdiZFl3EAE,을사늑약이 체결된 장소여서 가슴아프고 왕궁이 일제에 훼손된게 슬프고 한많은 장소네요,1년 전,2020-11-10 19:04:39.180744,Juhong Song,0,0,https://www.google.com/maps/contrib/110741616979968753504/reviews?hl=ko-KR
ChdDSUhNMG9nS0VJQ0FnSUMwcjZQdXd3RRAB,을사늑약에 대해 잘알게되었습니다,1년 전,2020-11-10 19:04:45.849493,Grim Rocket,0,0,https://www.google.com/maps/contrib/104658144773862178879/reviews?hl=ko-KR
ChZDSUhNMG9nS0VJQ0FnSUMwejd1QVFnEAE,,1년 전,2020-11-10 19:04:45.849493,유다,0,0,https://www.google.com/maps/contrib/106471714276659279200/reviews?hl=ko-KR
ChZDSUhNMG9nS0VJQ0FnSUMwdDc3ZlJ3EAE,,1년 전,2020-11-10 19:04:45.850480,KEUNYOUNG KIM,0,0,https://www.google.com/maps/contrib/102720208512067574996/reviews?hl=ko-KR
ChdDSUhNMG9nS0VJQ0FnSUMwNTVqYzJ3RRAB,,1년 전,2020-11-10 19:04:45.851427,유상우,0,0,https://www.google.com/maps/contrib/103530692984350857107/reviews?hl=ko-KR
ChdDSUhNMG9nS0VJQ0FnSUMwNTZEbTV3RRAB,,1년 전,2020-11-10 19:04:45.851427,J Y,0,0,https://www.google.com/maps/contrib/102890718119286421603/reviews?hl=ko-KR
ChdDSUhNMG9nS0VJQ0FnSUMwLTZ5SXZBRRAB,,1년 전,2020-11-10 19:04:45.852422,류웅열,0,0,https://www.google.com/maps/contrib/103650415374670946548/reviews?hl=ko-KR
ChdDSUhNMG9nS0VJQ0FnSUMwbTZpb2xBRRAB,,1년 전,2020-11-10 19:04:45.853470,박진병,0,0,https://www.google.com/maps/contrib/110622834507227228327/reviews?hl=ko-KR
ChdDSUhNMG9nS0VJQ0FnSUMwNjczSnRnRRAB,,1년 전,2020-11-10 19:04:45.853470,Daniel Shin,0,0,https://www.google.com/maps/contrib/100457312871106978804/reviews?hl=ko-KR
ChZDSUhNMG9nS0VJQ0FnSUMwaTZqZ1lREAE,관리아저씨가 자꾸 조용히 하라고만 해요. 해설사가 설명하기 힘들어요.,1년 전,2020-11-10 19:04:45.854467,ChangHyun Kim,0,0,https://www.google.com/maps/contrib/101869178158659630610/reviews?hl=ko-KR
ChdDSUhNMG9nS0VJQ0FnSUMwODZ2SG9nRRAB,,1년 전,2020-11-10 19:04:45.854467,Aejeong park,0,0,https://www.google.com/maps/contrib/116174592532344576373/reviews?hl=ko-KR
ChdDSUhNMG9nS0VJQ0FnSUMwMF9majF3RRAB,,1년 전,2020-11-10 19:04:52.521227,Inseon Jun,0,0,https://www.google.com/maps/contrib/105090552132889735349/reviews?hl=ko-KR
ChZDSUhNMG9nS0VJQ0FnSUMwazVIWUJBEAE,을사늑약이 강제로 체결된 곳,1년 전,2020-11-10 19:04:52.521227,임길호,0,0,https://www.google.com/maps/contrib/111282506040732034827/reviews?hl=ko-KR
ChdDSUhNMG9nS0VJQ0FnSUMwX2QybXFnRRAB,치욕의 장소에서 다시 쓰는 역사. 가을에 최고예요.,1년 전,2020-11-10 19:04:52.522230,Soojin Choi,0,0,https://www.google.com/maps/contrib/101311101342494965852/reviews?hl=ko-KR
ChdDSUhNMG9nS0VJQ0FnSUMwX1pXNDhRRRAB,,1년 전,2020-11-10 19:04:52.522230,언제나 영화처럼,0,0,https://www.google.com/maps/contrib/105803753050968940656/reviews?hl=ko-KR
ChZDSUhNMG9nS0VJQ0FnSUMwemJuOERREAE,,1년 전,2020-11-10 19:04:52.523221,Diana Gimenez,0,0,https://www.google.com/maps/contrib/110720770195168593416/reviews?hl=ko-KR
ChZDSUhNMG9nS0VJQ0FnSUMwMWJtallnEAE,역사를  더 한층  알고나니  넘 맘이 아프고 쓸고  일본인들의 악랄하고 치가 떨리는 분노 앞에 독립 운동가들의  나라 사랑애국에 고개가 숙여집니다....,1년 전,2020-11-10 19:04:52.524162,K별 이맘,0,0,https://www.google.com/maps/contrib/105128505364957947507/reviews?hl=ko-KR
ChZDSUhNMG9nS0VJQ0FnSUMwcGUyT05nEAE,,1년 전,2020-11-10 19:04:52.524162,고현종,0,0,https://www.google.com/maps/contrib/104809955288222130631/reviews?hl=ko-KR
ChZDSUhNMG9nS0VJQ0FnSUMweGEtNlZ3EAE,,1년 전,2020-11-10 19:04:52.525213,밤규야,0,0,https://www.google.com/maps/contrib/104057129141113454163/reviews?hl=ko-KR
ChZDSUhNMG9nS0VJQ0FnSUMwb1lpRklBEAE,,1년 전,2020-11-10 19:04:52.526154,김남욱,0,0,https://www.google.com/maps/contrib/102496015119877430361/reviews?hl=ko-KR
ChZDSUhNMG9nS0VJQ0FnSUMwdnFpekZREAE,"길따라걸으면 분위기, 건물, 사람들이 3박자로 조화를 이룸. 단점은 인근 나무들이 다 은행나무들인데 나무가똥을쌈",1년 전,2020-11-10 19:04:52.526154,갓겜하는파파굉,0,0,https://www.google.com/maps/contrib/100081920868638519073/reviews?hl=ko-KR
ChZDSUhNMG9nS0VJQ0FnSUMwc0kyX1FBEAE,(Google 번역 제공) 내부 무료 입장. 한국 역사의 2 층 박물관.  (원문) Free entrance inside.  A two floor museum of a glimpes of Korean history...,1년 전,2020-11-10 19:04:59.293574,iche esteban,0,0,https://www.google.com/maps/contrib/106858064326823892626/reviews?hl=ko-KR
ChZDSUhNMG9nS0VJQ0FnSUMwcnJuVmRREAE,,1년 전,2020-11-10 19:04:59.294571,NO HA,0,0,https://www.google.com/maps/contrib/112851548276367739803/reviews?hl=ko-KR
ChZDSUhNMG9nS0VJQ0FnSUMwbHF6YWJnEAE,,1년 전,2020-11-10 19:04:59.294571,민경원,0,0,https://www.google.com/maps/contrib/114011331095694693047/reviews?hl=ko-KR
ChdDSUhNMG9nS0VJQ0FnSUMwbXJPOXJnRRAB,,1년 전,2020-11-10 19:04:59.295567,عبدالله الغامدي,0,0,https://www.google.com/maps/contrib/108667121087693330671/reviews?hl=ko-KR
ChZDSUhNMG9nS0VJQ0FnSUMwOHNxQUJ3EAE,역사의 현장. 밀랍인형들이 실제처럼 정교하게 잘 만들어져 있습니다 덕수궁 돌담길 따라 걷다보면 바로 찾을수 있어요. 입장도 무료이니 들러보시길,1년 전,2020-11-10 19:04:59.295567,배성진,0,0,https://www.google.com/maps/contrib/104632776311463493083/reviews?hl=ko-KR
ChZDSUhNMG9nS0VJQ0FnSUMwc29pdVp3EAE,"을사늑약이 체결되던 모습을 마네킹으로 재연해둔 모습이 인상적이었다. 관련 자료 전시도 잘 되어있고, 대한제국 시기의 덕수궁과 주변 지역의 모습이 변화하는 모델을 구현해 놓아 이해를 돕고있다.",1년 전,2020-11-10 19:04:59.295567,점선경,0,0,https://www.google.com/maps/contrib/100053846342575113782/reviews?hl=ko-KR
ChZDSUhNMG9nS0VJQ0FnSUMwZ3FYYUtBEAE,"가슴아픈 역사의 현장을 보고왔어요. 우리가 더 힘을 가져야하는 이유, 미래세대 교육을 더잘해야하는 이유를 다시 새기고 왔습니다",1년 전,2020-11-10 19:04:59.296564,이다연,0,0,https://www.google.com/maps/contrib/114641122960503368766/reviews?hl=ko-KR
ChdDSUhNMG9nS0VJQ0FnSUMwX05YWXFBRRAB,,1년 전,2020-11-10 19:04:59.297561,_히 설,0,0,https://www.google.com/maps/contrib/112218521142834745861/reviews?hl=ko-KR
ChZDSUhNMG9nS0VJQ0FnSUMwbk42U1dnEAE,,1년 전,2020-11-10 19:04:59.297561,배영복,0,0,https://www.google.com/maps/contrib/107326371792515425180/reviews?hl=ko-KR
ChdDSUhNMG9nS0VJQ0FnSUMwckp5cGxnRRAB,"황실 도서관으로 시작(수옥헌)-1899 화재로 소실-1901 2층으로 재건축 덕수궁 화재로 고종이 중명전을 편전으로 삼음-1904 을사늑약 체결-1905 이 준, 김란사 등 헤이그 밀사 파견-1907",1년 전,2020-11-10 19:04:59.298557,Dazibao Kim,0,0,https://www.google.com/maps/contrib/115908869034412336099/reviews?hl=ko-KR
ChZDSUhNMG9nS0VJQ0FnSUMweklUeUpBEAE,,1년 전,2020-11-10 19:05:06.100912,Park Iljin,0,0,https://www.google.com/maps/contrib/104965075728601933844/reviews?hl=ko-KR
ChdDSUhNMG9nS0VJQ0FnSUMwakwtWmdRRRAB,덕수궁만 늘 가다가 가게되었는데 가볼만한 장소입니다 선을넘는 녀석들애서도 나오더군요,1년 전,2020-11-10 19:05:06.101914,Hee BL,0,0,https://www.google.com/maps/contrib/100964729058863642559/reviews?hl=ko-KR
ChdDSUhNMG9nS0VJQ0FnSUMwcE1HN293RRAB,뼈아픈 역사,1년 전,2020-11-10 19:05:06.101914,Sj Choi,0,0,https://www.google.com/maps/contrib/112598387626728625087/reviews?hl=ko-KR
ChZDSUhNMG9nS0VJQ0FnSUMwcEphT1J3EAE,,1년 전,2020-11-10 19:05:06.102910,Suil Park,0,0,https://www.google.com/maps/contrib/116894394754961086332/reviews?hl=ko-KR
ChdDSUhNMG9nS0VJQ0FnSUMwc1BtbTFRRRAB,대한제국 근대사에 중요한 역사의 현장,1년 전,2020-11-10 19:05:06.102910,문지란,0,0,https://www.google.com/maps/contrib/101763488489820341873/reviews?hl=ko-KR
ChZDSUhNMG9nS0VJQ0FnSUMwd092V1hBEAE,꼭 가봐야할 역사의 현장,1년 전,2020-11-10 19:05:06.103907,이건상,0,0,https://www.google.com/maps/contrib/102118306932816042787/reviews?hl=ko-KR
ChZDSUhNMG9nS0VJQ0FnSURVajVYSGRnEAE,너무나 아픈역사의 현장ㅠㅠ,1년 전,2020-11-10 19:05:06.103907,유니의 일상별,0,0,https://www.google.com/maps/contrib/103641637654161620143/reviews?hl=ko-KR
ChZDSUhNMG9nS0VJQ0FnSURVOC1YUkFnEAE,,1년 전,2020-11-10 19:05:06.104903,김정범,0,0,https://www.google.com/maps/contrib/113603315315018277704/reviews?hl=ko-KR
ChdDSUhNMG9nS0VJQ0FnSURVay1yTi1RRRAB,,1년 전,2020-11-10 19:05:06.104903,JOON HOE AN,0,0,https://www.google.com/maps/contrib/110483924482090313789/reviews?hl=ko-KR
ChZDSUhNMG9nS0VJQ0FnSURVM2Vpck1BEAE,전시도 잘 해놓고 깔끔함. 외국인 친구데려가면 참 좋을듯. 덕수궁하고도 가까워서 좋음! 정동야행할때 방문 추천,1년 전,2020-11-10 19:05:06.105900,Sella La,0,0,https://www.google.com/maps/contrib/102869043983669250333/reviews?hl=ko-KR
ChdDSUhNMG9nS0VJQ0FnSURVOWRMNHdRRRAB,산교육장,1년 전,2020-11-10 19:05:13.090536,Moder atio,0,0,https://www.google.com/maps/contrib/108188995366017834466/reviews?hl=ko-KR
ChdDSUhNMG9nS0VJQ0FnSURVbWQ3cnlBRRAB,,1년 전,2020-11-10 19:05:13.091531,신승화,0,0,https://www.google.com/maps/contrib/117699587443850232513/reviews?hl=ko-KR
ChdDSUhNMG9nS0VJQ0FnSURVbWFEemdBRRAB,,1년 전,2020-11-10 19:05:13.091531,Jiho Park,0,0,https://www.google.com/maps/contrib/103607839955655875569/reviews?hl=ko-KR
ChdDSUhNMG9nS0VJQ0FnSURVMGFXQnp3RRAB,역사적으로 많은것을 느낄수 있는장소! 잠깐 들려서 한번 보고 가면 좋을것같습니다!!,1년 전,2020-11-10 19:05:13.092529,Highlight,0,0,https://www.google.com/maps/contrib/108200480011447714555/reviews?hl=ko-KR
ChZDSUhNMG9nS0VJQ0FnSURVZ2FQakRnEAE,을사늑약의 장소,1년 전,2020-11-10 19:05:13.092529,cathy cho,0,0,https://www.google.com/maps/contrib/113839625663679362419/reviews?hl=ko-KR
ChZDSUhNMG9nS0VJQ0FnSURVZ2RTVFRBEAE,않좋음,1년 전,2020-11-10 19:05:13.093547,곽민준,0,0,https://www.google.com/maps/contrib/109869954871562584496/reviews?hl=ko-KR
ChdDSUhNMG9nS0VJQ0FnSURVaHF6Q3BBRRAB,덕수궁 중명전이다.  1904년  경운궁의 대화재로  고종이  거처로  사용되면서 대한제국의 역사현장이  되다. 1905년  을사늑약이  있었던  장소이며 1907년 헤이그 특사로 이준열사를  파견한  것도  여기서  이루어진 사건으로  고종이 횡제를 강제  퇴위 시키게 된 것이다.  서양 선교사들의 거주지였던 곳을 1896년 경운궁이 확장되면서 궁궐로 편입되었다. 이때 당호를  수옥현이라고 짓고 황실 도서관으로  사용되다가 1901년  화재로 전소된 후  재건되여 현재에  2층 벽돌 건물로  완공되었다. 건물의  설계는 독립문.정관헌  등을  설계한  러시아 건축가 사바찐(A.I . Sabatin)이 하였다.  1925년 외벽만  남기고 화재 발생. 1963년 박정희 정부가  영친왕과 이방자여사에  기거하다 . 1977 민간에  매각. 2003년  정동극장이 매입 2007년 덕수궁 재편입. 2009년  재복원  전시관 운영.,1년 전,2020-11-10 19:05:13.093547,최장환,0,0,https://www.google.com/maps/contrib/111969762866883438328/reviews?hl=ko-KR
ChZDSUhNMG9nS0VJQ0FnSURVeXUzUGRREAE,,1년 전,2020-11-10 19:05:13.094522,Andy Woo,0,0,https://www.google.com/maps/contrib/115444660531289208942/reviews?hl=ko-KR
ChZDSUhNMG9nS0VJQ0FnSURVa3E2Z053EAE,아이들과 꼭 가보세요. 관리자분의 설명과 함께 을사늑약을 당한 장소 느끼는게 많습니다.,1년 전,2020-11-10 19:05:13.094522,박용성,0,0,https://www.google.com/maps/contrib/115310211485849849654/reviews?hl=ko-KR
ChZDSUhNMG9nS0VJQ0FnSURVM01hNEpnEAE,아픈 역사의 현장을 잘 기억해야겠습니다,1년 전,2020-11-10 19:05:13.095528,김재문,0,0,https://www.google.com/maps/contrib/101835451970421218889/reviews?hl=ko-KR
ChdDSUhNMG9nS0VJQ0FnSURVbElxVnh3RRAB,,1년 전,2020-11-10 19:05:19.972625,"Km 46,286",0,0,https://www.google.com/maps/contrib/103531264725148284512/reviews?hl=ko-KR
ChdDSUhNMG9nS0VJQ0FnSURVbUtQOHZnRRAB,,1년 전,2020-11-10 19:05:19.973569,박희성,0,0,https://www.google.com/maps/contrib/111119370160540217504/reviews?hl=ko-KR
ChZDSUhNMG9nS0VJQ0FnSUNVMzVINFJREAE,근대식 건축양식이 돋보였다,1년 전,2020-11-10 19:05:19.973569,Gimchi Poor,0,0,https://www.google.com/maps/contrib/114511648946238581792/reviews?hl=ko-KR
ChZDSUhNMG9nS0VJQ0FnSUNVcjZ1bUpnEAE,,1년 전,2020-11-10 19:05:19.974622,yk Lim,0,0,https://www.google.com/maps/contrib/116282482023827386284/reviews?hl=ko-KR
ChZDSUhNMG9nS0VJQ0FnSUNVcy12VGZBEAE,좋아요~^^,1년 전,2020-11-10 19:05:19.974622,kte819,0,0,https://www.google.com/maps/contrib/117574327815145022971/reviews?hl=ko-KR
ChdDSUhNMG9nS0VJQ0FnSUNVbzdiSHdnRRAB,,1년 전,2020-11-10 19:05:19.975616,이준희,0,0,https://www.google.com/maps/contrib/115051644442393397749/reviews?hl=ko-KR
ChdDSUhNMG9nS0VJQ0FnSUNVbzZ5bTBBRRAB,을사늑약의 현장. 가슴 아픈 역사의 현장. 잊지말자 한일역사. 다크투어리즘의 추천 장소.,1년 전,2020-11-10 19:05:19.975616,하남칠,0,0,https://www.google.com/maps/contrib/105551845232774340340/reviews?hl=ko-KR
ChZDSUhNMG9nS0VJQ0FnSUNVbmJqbkd3EAE,,1년 전,2020-11-10 19:05:19.976613,홍영주,0,0,https://www.google.com/maps/contrib/117349489189449646077/reviews?hl=ko-KR
ChZDSUhNMG9nS0VJQ0FnSUNVN2NyamF3EAE,,1년 전,2020-11-10 19:05:19.976613,Yeri Youn,0,0,https://www.google.com/maps/contrib/100827291967892550521/reviews?hl=ko-KR
ChdDSUhNMG9nS0VJQ0FnSUNVcmFqT2lBRRAB,대한제국의 종말이 시작된 곳,1년 전,2020-11-10 19:05:19.977624,Ji Tae Choung,0,0,https://www.google.com/maps/contrib/102933124907182297656/reviews?hl=ko-KR
ChdDSUhNMG9nS0VJQ0FnSUNVcFlPZzdRRRAB,,1년 전,2020-11-10 19:05:26.945360,Hyu _,0,0,https://www.google.com/maps/contrib/112751013020216201094/reviews?hl=ko-KR
ChdDSUhNMG9nS0VJQ0FnSUNVcVltMzJnRRAB,,1년 전,2020-11-10 19:05:26.946358,Kimgoldhand김금손,0,0,https://www.google.com/maps/contrib/111121466284721202485/reviews?hl=ko-KR
ChdDSUhNMG9nS0VJQ0FnSUNVM3V1amx3RRAB,근현대역사를 볼 수 있는 몇안되는 장소이다.,1년 전,2020-11-10 19:05:26.946358,최규만,0,0,https://www.google.com/maps/contrib/108860986225420141589/reviews?hl=ko-KR
ChZDSUhNMG9nS0VJQ0FnSUNVa292TUFnEAE,안쪽이라 잘 안보이지만 꼭 가봐야하는곳!! 역사를 다시금 기억하자,1년 전,2020-11-10 19:05:26.948361,Jun-chul Lee,0,0,https://www.google.com/maps/contrib/113960808866102632039/reviews?hl=ko-KR
ChZDSUhNMG9nS0VJQ0FnSUNVZ3VIMVVnEAE,"덕수궁만 가봤지, 중명전이 있는지 몰랐어요. 들어가보니 퀼리티 높은 전시에 깜짝놀랐습니다. 주변인들에게 추천하고 싶은 장소에요.",1년 전,2020-11-10 19:05:26.948361,eunjeong Park,0,0,https://www.google.com/maps/contrib/110521511214014456182/reviews?hl=ko-KR
ChdDSUhNMG9nS0VJQ0FnSUNVX0p2anN3RRAB,(Google 번역 제공) 한국 역사를 알고 싶다면 방문해야합니다.  (원문) Uou must visit if you want to know Korean history,1년 전,2020-11-10 19:05:26.949389,Joohyun Song,0,0,https://www.google.com/maps/contrib/118197419629021930041/reviews?hl=ko-KR
ChZDSUhNMG9nS0VJQ0FnSUNVdk1lYlNBEAE,짱 덥다,1년 전,2020-11-10 19:05:26.949389,감규르,0,0,https://www.google.com/maps/contrib/100585191196738809827/reviews?hl=ko-KR
ChdDSUhNMG9nS0VJQ0FnSUNVN1B2VHB3RRAB,(Google 번역 제공) 나는이 구조의 디자인을 좋아한다. 그 기간 동안 한국과 일본의 역사를 아는 것이 좋다.  (원문) I like the design of this structure. Good to know the history between Korea and Japan during that period.,1년 전,2020-11-10 19:05:26.950343,Abbie Suh,0,0,https://www.google.com/maps/contrib/101160847535147035341/reviews?hl=ko-KR
ChdDSUhNMG9nS0VJQ0FnSUNVck1mMGxnRRAB,,1년 전,2020-11-10 19:05:26.951346,최쩨리,0,0,https://www.google.com/maps/contrib/109143821990538336913/reviews?hl=ko-KR
ChdDSUhNMG9nS0VJQ0FnSUNVcklPZG1nRRAB,"오늘은 젊은이들과 같이 오게 되었다. 100년전 이 땅에서 일어난 일들을 새겨본다. 오늘날도 반복되는 역사가 아닌가? 한국과 일본 사이는 그때와 비슷하게 전개되고있다. 강제징용배상을 두고 경제보복조치를 취한 현재의 사건 말이다. 다만 우리가 백년전과 다르게 그렇게 무력하지 않다. 열강들에게 인정받지 못하고 외면당했던 무력한 주권국의 비애, 다시는 반복하지 않아야겠다. 역사 산교육의 장으로서 이 곳을 특히 젊은친구들이 다녀가길 바란다.",1년 전,2020-11-10 19:05:26.951346,Jun Jung,0,0,https://www.google.com/maps/contrib/105245847597192549200/reviews?hl=ko-KR
ChdDSUhNMG9nS0VJQ0FnSUNVekl2ZnNnRRAB,,1년 전,2020-11-10 19:05:33.887197,Jungwoo Hur,0,0,https://www.google.com/maps/contrib/106401001178418315035/reviews?hl=ko-KR
ChZDSUhNMG9nS0VJQ0FnSUNVdEtXWURREAE,,1년 전,2020-11-10 19:05:33.888193,장성화,0,0,https://www.google.com/maps/contrib/103620263334042050038/reviews?hl=ko-KR
ChdDSUhNMG9nS0VJQ0FnSUNVbE56UzlRRRAB,,1년 전,2020-11-10 19:05:33.889135,Nari Ella Kim,0,0,https://www.google.com/maps/contrib/117052946822856893798/reviews?hl=ko-KR
ChdDSUhNMG9nS0VJQ0FnSUNVdUttSHVRRRAB,,1년 전,2020-11-10 19:05:33.889135,석병배,0,0,https://www.google.com/maps/contrib/104709964893023873357/reviews?hl=ko-KR
ChdDSUhNMG9nS0VJQ0FnSUNVaUlUVW5BRRAB,"역사적으로 중요한 곳인데, 유익하게 잘 꾸며놓았더라구요. 정동 산책하며 들렸는데 꼭 한번 가볼 만 합니다.",1년 전,2020-11-10 19:05:33.890185,YH JS,0,0,https://www.google.com/maps/contrib/107495026010190078041/reviews?hl=ko-KR
ChZDSUhNMG9nS0VJQ0FnSUNVNElQYUx3EAE,을사늑약이 체결된 장소.. 그 굴욕적인 역사적 사건을 기억해야...,1년 전,2020-11-10 19:05:33.890185,JS Moon,0,0,https://www.google.com/maps/contrib/112111199496314527439/reviews?hl=ko-KR
ChZDSUhNMG9nS0VJQ0FnSURrdjd6dGRnEAE,역사 속 경험을 통해 배울수 있는곳 한국 근대사의 슬픈 역사적 공간 덕수궁 중명전,1년 전,2020-11-10 19:05:33.891195,Hansang KIM,0,0,https://www.google.com/maps/contrib/106113178419160173765/reviews?hl=ko-KR
ChZDSUhNMG9nS0VJQ0FnSURrdjVDc1ZREAE,,1년 전,2020-11-10 19:05:33.891195,손석호,0,0,https://www.google.com/maps/contrib/101631369820860968941/reviews?hl=ko-KR
ChZDSUhNMG9nS0VJQ0FnSURrcjg2TEN3EAE,역사를 바로 알수 있는 중명전 마음 아픈곳이네요,1년 전,2020-11-10 19:05:33.892179,경민이,0,0,https://www.google.com/maps/contrib/105379934637277142486/reviews?hl=ko-KR
ChZDSUhNMG9nS0VJQ0FnSURrMjRuYVN3EAE,,1년 전,2020-11-10 19:05:33.892179,Cindy Choi,0,0,https://www.google.com/maps/contrib/102016419214195773072/reviews?hl=ko-KR
ChZDSUhNMG9nS0VJQ0FnSURreTVQMmJREAE,증명전은 원래 덕수궁안에 위치해있었으나 도시개발로 외부에 있어 신기했다 증명전옆에 미대사관저가 자리잡고있었던것도 오늘알었다,1년 전,2020-11-10 19:05:40.950574,생강GINGER,0,0,https://www.google.com/maps/contrib/102527620184935511977/reviews?hl=ko-KR
ChZDSUhNMG9nS0VJQ0FnSURrMDQtOE1BEAE,을사늑약이 체결된 슬픈 장소. 안내 프로그램 소리가 조금 더 크면 좋겠다.,1년 전,2020-11-10 19:05:40.950574,J N,0,0,https://www.google.com/maps/contrib/107519954478752103624/reviews?hl=ko-KR
ChdDSUhNMG9nS0VJQ0FnSURrZy12TzVRRRAB,,1년 전,2020-11-10 19:05:40.951571,Joon-Seok Lee,0,0,https://www.google.com/maps/contrib/105026215827216216077/reviews?hl=ko-KR
ChdDSUhNMG9nS0VJQ0FnSURrcGNyeW5BRRAB,,1년 전,2020-11-10 19:05:40.952565,마운희,0,0,https://www.google.com/maps/contrib/114335897310599595503/reviews?hl=ko-KR
ChZDSUhNMG9nS0VJQ0FnSURrZ2Y3MEZ3EAE,,1년 전,2020-11-10 19:05:40.952565,야바이강광배,0,0,https://www.google.com/maps/contrib/117097001625732297748/reviews?hl=ko-KR
ChdDSUhNMG9nS0VJQ0FnSURrbnZYNzVBRRAB,,1년 전,2020-11-10 19:05:40.953562,삼토,0,0,https://www.google.com/maps/contrib/111758566478964395108/reviews?hl=ko-KR
ChdDSUhNMG9nS0VJQ0FnSUNrOS1uU3h3RRAB,,1년 전,2020-11-10 19:05:40.953562,이종규,0,0,https://www.google.com/maps/contrib/104223571635957824757/reviews?hl=ko-KR
ChZDSUhNMG9nS0VJQ0FnSUNrNGNieEVnEAE,아픈역사의 장소라서 마음이 아팟습니다.,1년 전,2020-11-10 19:05:40.954558,남박정규,0,0,https://www.google.com/maps/contrib/104791983977915838074/reviews?hl=ko-KR
ChZDSUhNMG9nS0VJQ0FnSUNrMXBuSFp3EAE,"중명전 바로 앞에 추어탕집 옆에 단독주택이 있어요. 거기 지하에 새로 생긴"" varisonic""라는 악세서리, 리빙편집샵인데정말 너무나 맘에 들어 올립니다. 이 집 상호명으로는 올려지지가 않네요.",1년 전,2020-11-10 19:05:40.954558,doll&me doll&me,0,0,https://www.google.com/maps/contrib/103570579254178378395/reviews?hl=ko-KR
ChdDSUhNMG9nS0VJQ0FnSUNFLV83WXB3RRAB,,1년 전,2020-11-10 19:05:40.955555,"Frank, Suk-Hun Ha",0,0,https://www.google.com/maps/contrib/101853018332096645434/reviews?hl=ko-KR
ChZDSUhNMG9nS0VJQ0FnSUNFZ0tXdUZBEAE,,1년 전,2020-11-10 19:05:47.992076,Daniel Seung Lee,0,0,https://www.google.com/maps/contrib/104734132520529548894/reviews?hl=ko-KR
ChdDSUhNMG9nS0VJQ0FnSUM0bzhHN19RRRAB,,1년 전,2020-11-10 19:05:47.993073,슬기,0,0,https://www.google.com/maps/contrib/113604472369263690772/reviews?hl=ko-KR
ChdDSUhNMG9nS0VJQ0FnSUM0dzc2dDJRRRAB,역사의 아픔을 느낄수 있다,1년 전,2020-11-10 19:05:47.993073,HM kim,0,0,https://www.google.com/maps/contrib/108558515698865455004/reviews?hl=ko-KR
ChdDSUhNMG9nS0VJQ0FnSUM0aGZfdzJ3RRAB,을사늑약의 치욕적 현장. 친일파 청산!,1년 전,2020-11-10 19:05:47.994080,jun bak,0,0,https://www.google.com/maps/contrib/105193430900129638765/reviews?hl=ko-KR
ChZDSUhNMG9nS0VJQ0FnSUM0Z1lYdENnEAE,,1년 전,2020-11-10 19:05:47.995068,김정국,0,0,https://www.google.com/maps/contrib/115242226164227991985/reviews?hl=ko-KR
ChdDSUhNMG9nS0VJQ0FnSUM0Z2FiUzBBRRAB,,1년 전,2020-11-10 19:05:47.995068,전태영,0,0,https://www.google.com/maps/contrib/106215224585195738568/reviews?hl=ko-KR
ChZDSUhNMG9nS0VJQ0FnSUM0M3Myb2VBEAE,,1년 전,2020-11-10 19:05:47.996063,Sake Kim,0,0,https://www.google.com/maps/contrib/111575316683211892524/reviews?hl=ko-KR
ChZDSUhNMG9nS0VJQ0FnSUM0cm9EdE5BEAE,작전명소원 체험하면서 찾기는 힘들었지만 이곳으로 가면서 고종황제께서 일본의 눈을 피해 이동하신 길도 직접걸어보고 을사늑약을 재현해놓은 모형과 그에대해 다시 한번 알게되었어요^^,1년 전,2020-11-10 19:05:47.996063,hyun Sik hwang,0,0,https://www.google.com/maps/contrib/101416810771187021955/reviews?hl=ko-KR
ChZDSUhNMG9nS0VJQ0FnSURZMl82MFR3EAE,슬픈 조선의 역사가 이 곳에 있었다. 을사늑약 매국노들이 나라를 팔아먹기로 결정한 장소라고한다,1년 전,2020-11-10 19:05:47.997070,SD KIM,0,0,https://www.google.com/maps/contrib/117490413395984957722/reviews?hl=ko-KR
ChZDSUhNMG9nS0VJQ0FnSUM0dUpfdENBEAE,,1년 전,2020-11-10 19:05:47.997070,김장현,0,0,https://www.google.com/maps/contrib/102669731372758556602/reviews?hl=ko-KR
ChZDSUhNMG9nS0VJQ0FnSUM0NklmN1BBEAE,,1년 전,2020-11-10 19:05:55.099360,노서현,0,0,https://www.google.com/maps/contrib/117637663283654188224/reviews?hl=ko-KR
ChdDSUhNMG9nS0VJQ0FnSUM0b05mMWx3RRAB,,1년 전,2020-11-10 19:05:55.100357,大野智史,0,0,https://www.google.com/maps/contrib/117653061774655474129/reviews?hl=ko-KR
ChdDSUhNMG9nS0VJQ0FnSUM0b1BHS2lnRRAB,,1년 전,2020-11-10 19:05:55.101354,jihyun kim,0,0,https://www.google.com/maps/contrib/114049726076680851950/reviews?hl=ko-KR
ChdDSUhNMG9nS0VJQ0FnSURZajlxTmd3RRAB,을사늑약이 있었던 곳 장소의 상징성이...,1년 전,2020-11-10 19:05:55.101354,SEOUNG WO JO,0,0,https://www.google.com/maps/contrib/111932960143491339548/reviews?hl=ko-KR
ChZDSUhNMG9nS0VJQ0FnSURZbDlLU1hnEAE,,1년 전,2020-11-10 19:05:55.102351,김준서,0,0,https://www.google.com/maps/contrib/110633663164252231962/reviews?hl=ko-KR
ChZDSUhNMG9nS0VJQ0FnSURZZzdfSk1REAE,역사에 대한 지식을 얻을 수 있어서 좋은 곳입니다,1년 전,2020-11-10 19:05:55.103347,YouTube빛나,0,0,https://www.google.com/maps/contrib/106987517234848988916/reviews?hl=ko-KR
ChZDSUhNMG9nS0VJQ0FnSURZdllqR0F3EAE,,1년 전,2020-11-10 19:05:55.103347,오세상에,0,0,https://www.google.com/maps/contrib/116453541139906289203/reviews?hl=ko-KR
ChdDSUhNMG9nS0VJQ0FnSURZM2RYUDhRRRAB,,1년 전,2020-11-10 19:05:55.104344,Miyah EN,0,0,https://www.google.com/maps/contrib/113060285431309331453/reviews?hl=ko-KR
ChZDSUhNMG9nS0VJQ0FnSURZdGRubFV3EAE,을샂늑약이 이루서진 장소입니다. 역사적인 장소라 한번 쯤 방문해도 좋을것같습니다.,1년 전,2020-11-10 19:05:55.105380,Seungwoo Shin,0,0,https://www.google.com/maps/contrib/102492607590338900835/reviews?hl=ko-KR
ChdDSUhNMG9nS0VJQ0FnSURZcGFhRzhnRRAB,을사늑약의 장소.,1년 전,2020-11-10 19:05:55.105380,Younghwan Kim,0,0,https://www.google.com/maps/contrib/104801706018896915344/reviews?hl=ko-KR
ChZDSUhNMG9nS0VJQ0FnSURZM3UzeU1nEAE,,1년 전,2020-11-10 19:06:02.327242,JaeKi Kim,0,0,https://www.google.com/maps/contrib/106329716271173784883/reviews?hl=ko-KR
ChdDSUhNMG9nS0VJQ0FnSURZbHZLeHRRRRAB,,1년 전,2020-11-10 19:06:02.328299,박미선,0,0,https://www.google.com/maps/contrib/102993850784828475308/reviews?hl=ko-KR
ChdDSUhNMG9nS0VJQ0FnSURZbHRpSTdnRRAB,,1년 전,2020-11-10 19:06:02.328299,이상한,0,0,https://www.google.com/maps/contrib/106727434696086575880/reviews?hl=ko-KR
ChdDSUhNMG9nS0VJQ0FnSURZcHNHTHpnRRAB,,1년 전,2020-11-10 19:06:02.330300,Jungwoo Han,0,0,https://www.google.com/maps/contrib/113386674582694119059/reviews?hl=ko-KR
ChdDSUhNMG9nS0VJQ0FnSURZcHZ6UXlRRRAB,,1년 전,2020-11-10 19:06:02.331319,Jungeun Cha,0,0,https://www.google.com/maps/contrib/112234774105721931381/reviews?hl=ko-KR
ChZDSUhNMG9nS0VJQ0FnSURZeHY3OWVBEAE,꼭 가이드 설명을 들어보세요. 역사교육에 도움이 많이 되요,1년 전,2020-11-10 19:06:02.331319,OHKI SON,0,0,https://www.google.com/maps/contrib/101876231609791428824/reviews?hl=ko-KR
ChdDSUhNMG9nS0VJQ0FnSURZdXFQOGx3RRAB,을사늑약의 장소...,1년 전,2020-11-10 19:06:02.331319,김현희,0,0,https://www.google.com/maps/contrib/108273146326300757448/reviews?hl=ko-KR
ChZDSUhNMG9nS0VJQ0FnSURZdXIydUdBEAE,"C 뜬금없는 장소에 있지만, 원래 덕수궁 내에 있던 장소라면 이해가 됨. 아픈 역사의 장소이기도 하며, 많진 않지만 역사적 내용을 잘 볼 수 있음. 무료이며, 근처 방문시 들러보는 것도 좋을 듯 함.",1년 전,2020-11-10 19:06:02.332284,한주영,0,0,https://www.google.com/maps/contrib/104915702498953425009/reviews?hl=ko-KR
ChdDSUhNMG9nS0VJQ0FnSURZc3VENndBRRAB,한번쯤은 아픈역사의 현장이지만 둘러보기를 추천합니다.,1년 전,2020-11-10 19:06:02.332284,김득용,0,0,https://www.google.com/maps/contrib/109948843031361607092/reviews?hl=ko-KR
ChRDSUhNMG9nS0VJQ0FnSURZMHRNZRAB,,1년 전,2020-11-10 19:06:02.333282,집사지망생,0,0,https://www.google.com/maps/contrib/102495709984256857154/reviews?hl=ko-KR
ChdDSUhNMG9nS0VJQ0FnSURZNG9pRnZRRRAB,,1년 전,2020-11-10 19:06:09.555125,ceestar 001,0,0,https://www.google.com/maps/contrib/103508659805508520122/reviews?hl=ko-KR
ChdDSUhNMG9nS0VJQ0FnSURZb29HTjlBRRAB,매월 마지막주 수요일 무료개방,1년 전,2020-11-10 19:06:09.556122,이삭,0,0,https://www.google.com/maps/contrib/112774273293046205143/reviews?hl=ko-KR
ChdDSUhNMG9nS0VJQ0FnSURZZ3JyVnZBRRAB,,1년 전,2020-11-10 19:06:09.556122,오현정,0,0,https://www.google.com/maps/contrib/111186787702041867888/reviews?hl=ko-KR
ChZDSUhNMG9nS0VJQ0FnSURZX09ySElREAE,과거의 치욕적인 역사교육의 장소로 좋습니다. 다시는 그런 일이 없어야 겠죠. 입장료도 없고.,1년 전,2020-11-10 19:06:09.557118,Jangyeon Cho,0,0,https://www.google.com/maps/contrib/102954155070781319826/reviews?hl=ko-KR
ChZDSUhNMG9nS0VJQ0FnSURZcEszV1JBEAE,,1년 전,2020-11-10 19:06:09.558139,Heejoo Lee,0,0,https://www.google.com/maps/contrib/110305530060660541723/reviews?hl=ko-KR
ChdDSUhNMG9nS0VJQ0FnSURZdUxlSnB3RRAB,,1년 전,2020-11-10 19:06:09.559112,Tae Jin Kim,0,0,https://www.google.com/maps/contrib/110058444533894700571/reviews?hl=ko-KR
ChZDSUhNMG9nS0VJQ0FnSURZOFBPN1FREAE,을사늑약의 아픈 역사가 있는 서양식 건물~,1년 전,2020-11-10 19:06:09.560108,슬기투어 SeulKiTour,0,0,https://www.google.com/maps/contrib/102654859414502619539/reviews?hl=ko-KR
ChZDSUhNMG9nS0VJQ0FnSUNZMjYzbU9REAE,역사 공부 딱!,1년 전,2020-11-10 19:06:09.561105,J W,0,0,https://www.google.com/maps/contrib/118139471662131998398/reviews?hl=ko-KR
ChZDSUhNMG9nS0VJQ0FnSURnMHB5aWNnEAE,을사늑약이 체결된 곳 시설 잘되있고 무료입니다 이런 곳을 이제 알아서 부끄럽네요,1년 전,2020-11-10 19:06:09.562101,그림풍경,0,0,https://www.google.com/maps/contrib/113944920578778431188/reviews?hl=ko-KR
ChdDSUhNMG9nS0VJQ0FnSUNZNDRxajd3RRAB,역사적인 사실을 잘표현한거 같아요.정원에 잔디도 잘 조성되여 있고 잡초하나  없는것보니  관리 하시는분들의 노력이 돋보여요.,1년 전,2020-11-10 19:06:09.562101,고시덕,0,0,https://www.google.com/maps/contrib/106093002108581464587/reviews?hl=ko-KR
ChdDSUhNMG9nS0VJQ0FnSUNRMGFQeXZRRRAB,문화유산국민신탁 12주년 기념식,1년 전,2020-11-10 19:06:16.863782,소나무한그루,0,0,https://www.google.com/maps/contrib/103064886454053946174/reviews?hl=ko-KR
ChdDSUhNMG9nS0VJQ0FnSUNZNnRmSWdRRRAB,역사의 현장! 필히 방문해보시기를 추천합니다~,1년 전,2020-11-10 19:06:16.863782,배정민,0,0,https://www.google.com/maps/contrib/100698163814776766508/reviews?hl=ko-KR
ChdDSUhNMG9nS0VJQ0FnSUNZck5lQW5RRRAB,덕수궁과 연국장 에 가려져 잘 모르는 곳. 한번쯤 둘러볼 만한 곳. 을사늑약이 체결된 역사적으로 중요한 장소. 주변 맛집도 있어 데이트 코스로도 적절,1년 전,2020-11-10 19:06:16.864772,이영웅,0,0,https://www.google.com/maps/contrib/117581163518354500006/reviews?hl=ko-KR
ChdDSUhNMG9nS0VJQ0FnSUNZeEkyV29RRRAB,대한제국 황실 도서관.,1년 전,2020-11-10 19:06:16.864772,황민하,0,0,https://www.google.com/maps/contrib/110967307527007235133/reviews?hl=ko-KR
ChdDSUhNMG9nS0VJQ0FnSUNZdU9mQnhBRRAB,태어나  한번은 가봐야죠,1년 전,2020-11-10 19:06:16.865777,to ranni,0,0,https://www.google.com/maps/contrib/104838645520961132853/reviews?hl=ko-KR
ChdDSUhNMG9nS0VJQ0FnSURvXzh1bzlBRRAB,덕수궁 뒤편으로 별관처럼 자리한 멋진 근대건물입니다,1년 전,2020-11-10 19:06:16.865777,이안희,0,0,https://www.google.com/maps/contrib/100237744109364612754/reviews?hl=ko-KR
ChZDSUhNMG9nS0VJQ0FnSURvNTRmZVRBEAE,을사늑약의 체결 장소로 이토 히로부미와 을사오적들의 모습을 볼 수 있다.  믿었던 신하들도 등을 돌리고 통조림으로 끼니를 때우던 고종황제는 비밀리에 여러나라에 조선의 상황을 일본 몰래 알리려고 노력한 어새도 함께 기억하는 시간이었다.,1년 전,2020-11-10 19:06:16.866763,나보은,0,0,https://www.google.com/maps/contrib/110296278152944424788/reviews?hl=ko-KR
ChdDSUhNMG9nS0VJQ0FnSURvNTliXzZ3RRAB,을사늑약 체결장소,1년 전,2020-11-10 19:06:16.866763,정직영,0,0,https://www.google.com/maps/contrib/109405310969497934813/reviews?hl=ko-KR
ChZDSUhNMG9nS0VJQ0FnSURvcTdhS2RnEAE,,1년 전,2020-11-10 19:06:16.866763,이광진,0,0,https://www.google.com/maps/contrib/117405786857382156747/reviews?hl=ko-KR
ChdDSUhNMG9nS0VJQ0FnSURvaTdTcXhRRRAB,자연경관있는 곳은 좋으나 홀은 별로~ 맛도 그냥 쏘쏘,1년 전,2020-11-10 19:06:16.867759,김현주,0,0,https://www.google.com/maps/contrib/113468051456956672491/reviews?hl=ko-KR
ChZDSUhNMG9nS0VJQ0FnSURvam9PZVF3EAE,"조선말기 격동의 역사가 아련히 세겨져 있는 곳. 생각보다 규모는 작았으나, 세심하게 관리되고 있습니다.",1년 전,2020-11-10 19:06:24.238189,tae-hyun kim,0,0,https://www.google.com/maps/contrib/114624625106444536291/reviews?hl=ko-KR
ChZDSUhNMG9nS0VJQ0FnSURvenMyeWZBEAE,,1년 전,2020-11-10 19:06:24.239180,loulou鏤鏤 li,0,0,https://www.google.com/maps/contrib/106592981850370192266/reviews?hl=ko-KR
ChZDSUhNMG9nS0VJQ0FnSURvNFBibE9REAE,,1년 전,2020-11-10 19:06:24.239180,신관섭,0,0,https://www.google.com/maps/contrib/105374429047915637705/reviews?hl=ko-KR
ChdDSUhNMG9nS0VJQ0FnSUNvXzdDUmdRRRAB,을사는약이 체결된장소로 덕수궁근처 산책하다가 들러보시면 좋을것같아요. 골목을 들어서면 고풍스러운 벽돌건물이 운치있게 자리잡고있습니다.,1년 전,2020-11-10 19:06:24.240186,조성희,0,0,https://www.google.com/maps/contrib/110955209410206092795/reviews?hl=ko-KR
ChdDSUhNMG9nS0VJQ0FnSUNvdDhyTjZ3RRAB,한국의 안타까운 역사의 현장 작지만 전시가잘되어있어 교육목적으로 방문해도좋음 정동길 작은 골목을 들어가야있어 모르고 지나가기쉬움,1년 전,2020-11-10 19:06:24.240186,함태웅,0,0,https://www.google.com/maps/contrib/100974865531334790227/reviews?hl=ko-KR
ChdDSUhNMG9nS0VJQ0FnSUNvX2NTM19RRRAB,,1년 전,2020-11-10 19:06:24.241157,양재성,0,0,https://www.google.com/maps/contrib/106877358355404676253/reviews?hl=ko-KR
ChZDSUhNMG9nS0VJQ0FnSUNvM29Ic0V3EAE,,1년 전,2020-11-10 19:06:24.241157,Taeseok Park,0,0,https://www.google.com/maps/contrib/111332565440506784989/reviews?hl=ko-KR
ChdDSUhNMG9nS0VJQ0FnSUNvbW9UTi1nRRAB,을사늑약..,1년 전,2020-11-10 19:06:24.242162,김윤호,0,0,https://www.google.com/maps/contrib/103011445074834064753/reviews?hl=ko-KR
ChZDSUhNMG9nS0VJQ0FnSUNvc3ZHd1JnEAE,예쁘지만 아픈곳.,1년 전,2020-11-10 19:06:24.242162,GGYU KIM,0,0,https://www.google.com/maps/contrib/117146833251823425380/reviews?hl=ko-KR
ChdDSUhNMG9nS0VJQ0FnSUNva0w2NW93RRAB,(Google 번역 제공) 좋은 역사적 장소. 한국의 마지막 왕이 여기에 머무르고있었습니다.  (원문) Nice historical place. The last king of Korea was staying here.,1년 전,2020-11-10 19:06:24.243159,Anton Fauser,0,0,https://www.google.com/maps/contrib/111197035967627303828/reviews?hl=ko-KR
ChdDSUhNMG9nS0VJQ0FnSURJNy1HZjZ3RRAB,,1년 전,2020-11-10 19:06:31.623545,Inil KIM,0,0,https://www.google.com/maps/contrib/118142268752695107349/reviews?hl=ko-KR
ChZDSUhNMG9nS0VJQ0FnSURJNjlEc0RREAE,,1년 전,2020-11-10 19:06:31.623545,이정웅,0,0,https://www.google.com/maps/contrib/102060136406081545728/reviews?hl=ko-KR
ChZDSUhNMG9nS0VJQ0FnSURJODkzQ05REAE,,1년 전,2020-11-10 19:06:31.624528,은진,0,0,https://www.google.com/maps/contrib/118002248908009133676/reviews?hl=ko-KR
ChdDSUhNMG9nS0VJQ0FnSURJczRHdzdRRRAB,,1년 전,2020-11-10 19:06:31.624528,Jinseok Yi,0,0,https://www.google.com/maps/contrib/115659378147397105559/reviews?hl=ko-KR
ChdDSUhNMG9nS0VJQ0FnSURnNzc2bGd3RRAB,을사늑약의 현장을 내부에 잘 구현해두었습니다. 추천합니다.,1년 전,2020-11-10 19:06:31.625524,최인석,0,0,https://www.google.com/maps/contrib/103557279795842010148/reviews?hl=ko-KR
ChdDSUhNMG9nS0VJQ0FnSURJemVPLXJBRRAB,,1년 전,2020-11-10 19:06:31.625524,Yongo Kwon,0,0,https://www.google.com/maps/contrib/113296636856291097585/reviews?hl=ko-KR
ChZDSUhNMG9nS0VJQ0FnSURJMVlmZkdnEAE,,1년 전,2020-11-10 19:06:31.626519,오혜영,0,0,https://www.google.com/maps/contrib/108904145234503274771/reviews?hl=ko-KR
ChZDSUhNMG9nS0VJQ0FnSURJMWYyd1FBEAE,,1년 전,2020-11-10 19:06:31.626519,JG,0,0,https://www.google.com/maps/contrib/108481086876735310773/reviews?hl=ko-KR
ChdDSUhNMG9nS0VJQ0FnSURJcGRTUHFBRRAB,고즈넉하고 운치있어요,1년 전,2020-11-10 19:06:31.627518,Jayo Cha,0,0,https://www.google.com/maps/contrib/107589799088963084112/reviews?hl=ko-KR
ChZDSUhNMG9nS0VJQ0FnSURJcGFqekV3EAE,한국사람은 누구나 한번쯤 방문해봐야 할곳..,1년 전,2020-11-10 19:06:31.627518,yoon gj,0,0,https://www.google.com/maps/contrib/102539114765691635488/reviews?hl=ko-KR
ChZDSUhNMG9nS0VJQ0FnSURJM3BTVWR3EAE,을사늑약 강제 체결~☆,1년 전,2020-11-10 19:06:39.076688,백과사전선생님,0,0,https://www.google.com/maps/contrib/111355233963427818558/reviews?hl=ko-KR
ChdDSUhNMG9nS0VJQ0FnSURJOXViLV9RRRAB,,1년 전,2020-11-10 19:06:39.076688,임기윤,0,0,https://www.google.com/maps/contrib/112909854477937267931/reviews?hl=ko-KR
ChdDSUhNMG9nS0VJQ0FnSURJaXJlNTFBRRAB,잊혀져선 안되는 치욕의 장소 덕수궁에서 석조전 뒷 문으로 나와서 5분 거리(대한문 옆으로는 7분 거리),1년 전,2020-11-10 19:06:39.077672,정T,0,0,https://www.google.com/maps/contrib/100449971748670002978/reviews?hl=ko-KR
ChdDSUhNMG9nS0VJQ0FnSURJMUpDMG1nRRAB,많이 자신을 생각하게 하는 중명전 이었습니다. 을사늑약의 현장 가슴아픈 역사의 현장 입니다,1년 전,2020-11-10 19:06:39.077672,서M,0,0,https://www.google.com/maps/contrib/104634414144467871905/reviews?hl=ko-KR
ChZDSUhNMG9nS0VJQ0FnSUNJdjcyUUNREAE,을사늑약이라는 대한제국의 슬픈 역사를 지닌장소,1년 전,2020-11-10 19:06:39.078671,해피유희열,0,0,https://www.google.com/maps/contrib/106880484757676582424/reviews?hl=ko-KR
ChZDSUhNMG9nS0VJQ0FnSUNJbjZfelFREAE,을사늑약의 슬픈역사 장소입니다,1년 전,2020-11-10 19:06:39.078671,김원범,0,0,https://www.google.com/maps/contrib/116067305870090629448/reviews?hl=ko-KR
ChZDSUhNMG9nS0VJQ0FnSUNJNTdhSGZBEAE,,1년 전,2020-11-10 19:06:39.079666,[25현 가야금]조은성,0,0,https://www.google.com/maps/contrib/100893925770372790877/reviews?hl=ko-KR
ChZDSUhNMG9nS0VJQ0FnSUNJaDltcFNBEAE,,1년 전,2020-11-10 19:06:39.079666,지동배,0,0,https://www.google.com/maps/contrib/107221646198449743282/reviews?hl=ko-KR
ChZDSUhNMG9nS0VJQ0FnSUNJdTgyZGFnEAE,우리가 영원히 보존해야할 유산,1년 전,2020-11-10 19:06:39.080660,전형호,0,0,https://www.google.com/maps/contrib/110282835764396626832/reviews?hl=ko-KR
ChdDSUhNMG9nS0VJQ0FnSUNJMjh2V29nRRAB,잘 해놓았음. 예전 거대했을 덕수궁 모습이 그려짐.,1년 전,2020-11-10 19:06:39.080660,구서희,0,0,https://www.google.com/maps/contrib/108158861711720485932/reviews?hl=ko-KR
ChdDSUhNMG9nS0VJQ0FnSUNJbHRHSHpBRRAB,슬픈 역사의 현장..,1년 전,2020-11-10 19:06:46.854720,Murian Song,0,0,https://www.google.com/maps/contrib/109230548238768806046/reviews?hl=ko-KR
ChZDSUhNMG9nS0VJQ0FnSUNJdG9fVERnEAE,,1년 전,2020-11-10 19:06:46.854720,화이팅올리브,0,0,https://www.google.com/maps/contrib/116001227634968763769/reviews?hl=ko-KR
ChZDSUhNMG9nS0VJQ0FnSUNJNW9pWFFBEAE,역사를 잊은 민족에게 미래는 없다.,1년 전,2020-11-10 19:06:46.855726,chul hwan park,0,0,https://www.google.com/maps/contrib/106896565088142211985/reviews?hl=ko-KR
ChdDSUhNMG9nS0VJQ0FnSUNJektHUTRRRRAB,"중명전은 1901년 지어진 황실도서관으로 처음 이름은 수옥헌(漱玉軒)이었다. 1904년덕수궁이 불타자 고종의 집무실인 편전이면서 외국사절 알현실로 사용되었다. 1906년에 황태자(순종)와 윤비(尹妃)와의 가례(嘉禮)가 여기에서 거행되었으며, 을사조약(乙巳條約)이 체결되었던 비운(悲運)의 장소이기도 하다. 중명전은 ‘광명이 계속 이어져 그치지 않는 전각’이라는 뜻으로, 덕수궁이 아직 경운궁(慶運宮)일 당시, 우리나라에 궁중에 지어진 최초의 서양식 건물 중 하나이다. 대지 2,399㎡(727평), 건축면적 877.8㎡(236평)의 양식(洋式) 2층 벽돌집이다.  서울시 유형문화재 제53호로 지정되어 서울시에서 관리하였으나 문화재청으로 소유권이 이전 등기 되고(2006년 9월) 2007년 2월에 사적 제124호로 덕수궁에 포함되면서 서울시 유형문화재 제53호에서 지정 해제되었다.  지하1층, 지상2층의 단순한 벽돌집이지만 1층의 아치형 창과 2층 서쪽에 베란다가 꾸며져 있는 것이 특이하다. 원래 이 자리는 경운궁 안 평성문(平成門) 밖이었다.",2년 전,2020-11-10 19:06:46.855726,Gowan Soo Juen,0,0,https://www.google.com/maps/contrib/111742169612838154579/reviews?hl=ko-KR
ChdDSUhNMG9nS0VJQ0FnSUR3Z0pxQWd3RRAB,새로운 역사 경험,2년 전,2020-11-10 19:06:46.856712,김수종,0,0,https://www.google.com/maps/contrib/115018300620343978996/reviews?hl=ko-KR
ChZDSUhNMG9nS0VJQ0FnSUR3OXUtaUh3EAE,고종이 강제 폐위되기 전까지 사용하던 거처이며 을사늑약이 체결된 비운의 장소이다. 덕수궁 뒤편에 이런곳이 있는줄 모르고 지내왔는데 이날 처음으로 찾아본 이곳은 조용하지만 어딘지 모르게 쓸쓸한 분위기의 기운이 느껴졌다. 내부는 2층으로 구성되어있으나 1층만 둘러볼 수 있다.,2년 전,2020-11-10 19:06:46.856712,양병철,0,0,https://www.google.com/maps/contrib/104498787827768618179/reviews?hl=ko-KR
ChdDSUhNMG9nS0VJQ0FnSUNRMzhfa193RRAB,을사늑약에 대해 확실히 보고 배울수 있는 좋은 장소입니다 도슨트설명 듣는것을 강추합니다,2년 전,2020-11-10 19:06:46.857711,김지연,0,0,https://www.google.com/maps/contrib/114462803117033802679/reviews?hl=ko-KR
ChZDSUhNMG9nS0VJQ0FnSUNndjlITVFREAE,,2년 전,2020-11-10 19:06:46.857711,돈키,0,0,https://www.google.com/maps/contrib/108643927816901984762/reviews?hl=ko-KR
ChZDSUhNMG9nS0VJQ0FnSUNnMUk2UERREAE,(Google 번역 제공) 제국 경비 변경 의식 (2pm).  (원문) Imperial Guard Changing Ceremony (2pm).,2년 전,2020-11-10 19:06:46.858712,Komodo Tuấn Đại Ca,0,0,https://www.google.com/maps/contrib/114619865594254875472/reviews?hl=ko-KR
ChdDSUhNMG9nS0VJQ0FnSUNBbk9mY19nRRAB,반드시 가야 하는 곳,2년 전,2020-11-10 19:06:46.858712,진경,0,0,https://www.google.com/maps/contrib/112547226610483053334/reviews?hl=ko-KR
ChZDSUhNMG9nS0VJQ0FnSURnNTl5a1ZBEAE,을사늑약이 강제체결된곳이죠 가슴아픈 장소 입니다 중명전은 원래 이름은 왕실 도서관인 수옥헌이었습니다 1904년 덕수궁 화재로 고종께서 덕수궁을 다시 지을때 까지 머물렀고 그후 중명전으로 분이었습니다,2년 전,2020-11-10 19:06:54.453311,함경희,0,0,https://www.google.com/maps/contrib/114323589376892202841/reviews?hl=ko-KR
ChdDSUhNMG9nS0VJQ0FnSUNRb3V5cXh3RRAB,,2년 전,2020-11-10 19:06:54.454318,박효원,0,0,https://www.google.com/maps/contrib/109825190724586851693/reviews?hl=ko-KR
ChZDSUhNMG9nS0VJQ0FnSURnNUx5dVVREAE,우리에겐 뼈아픈 장소입니다. 덕수궁을 뺀질나게 들락거려도 여기 한번 안가본 사람 많을 겁니다. 꼭 찾아가셔서 아픈 역사를 기억합시다.,2년 전,2020-11-10 19:06:54.454318,오월십이일,0,0,https://www.google.com/maps/contrib/104219055529102387985/reviews?hl=ko-KR
ChZDSUhNMG9nS0VJQ0FnSUNBbTdqTUVREAE,,2년 전,2020-11-10 19:06:54.455304,리키,0,0,https://www.google.com/maps/contrib/118003893446399872619/reviews?hl=ko-KR
ChdDSUhNMG9nS0VJQ0FnSURnOUlUS21BRRAB,,2년 전,2020-11-10 19:06:54.455304,Leo Lim,0,0,https://www.google.com/maps/contrib/105498797205611969668/reviews?hl=ko-KR
ChdDSUhNMG9nS0VJQ0FnSUNRaWM2LWpBRRAB,,2년 전,2020-11-10 19:06:54.456310,자두지두,0,0,https://www.google.com/maps/contrib/101560995770404302851/reviews?hl=ko-KR
ChZDSUhNMG9nS0VJQ0FnSURBcWJ6NVZREAE,,2년 전,2020-11-10 19:06:54.456310,윤소은,0,0,https://www.google.com/maps/contrib/101213946743833829826/reviews?hl=ko-KR
ChZDSUhNMG9nS0VJQ0FnSUNnazhEWE93EAE,,2년 전,2020-11-10 19:06:54.457306,jaehan an,0,0,https://www.google.com/maps/contrib/103110112012322688162/reviews?hl=ko-KR
ChdDSUhNMG9nS0VJQ0FnSURRay1uMXZ3RRAB,,2년 전,2020-11-10 19:06:54.457306,J Park,0,0,https://www.google.com/maps/contrib/110470933374383157656/reviews?hl=ko-KR
ChZDSUhNMG9nS0VJQ0FnSURRXzdMb0hnEAE,역사가 담긴 곳,2년 전,2020-11-10 19:06:54.458294,황현용,0,0,https://www.google.com/maps/contrib/117381859939496813112/reviews?hl=ko-KR
ChZDSUhNMG9nS0VJQ0FnSUNnczU3a0dREAE,,2년 전,2020-11-10 19:07:02.083906,Heidi Chen,0,0,https://www.google.com/maps/contrib/109302803134736717101/reviews?hl=ko-KR
ChZDSUhNMG9nS0VJQ0FnSUNRX2JMd1ZBEAE,,2년 전,2020-11-10 19:07:02.084910,이상훈,0,0,https://www.google.com/maps/contrib/114037507047405842501/reviews?hl=ko-KR
ChZDSUhNMG9nS0VJQ0FnSUNROWUyRVFBEAE,,2년 전,2020-11-10 19:07:02.084910,박성희,0,0,https://www.google.com/maps/contrib/113306252546684406594/reviews?hl=ko-KR
ChdDSUhNMG9nS0VJQ0FnSUNRcG9HOTl3RRAB,,2년 전,2020-11-10 19:07:02.085844,11 Pro,0,0,https://www.google.com/maps/contrib/104426388987497804409/reviews?hl=ko-KR
ChdDSUhNMG9nS0VJQ0FnSURRd3FuU3p3RRAB,,2년 전,2020-11-10 19:07:02.085844,Bernal Fernandez,0,0,https://www.google.com/maps/contrib/100030751224310401328/reviews?hl=ko-KR
ChZDSUhNMG9nS0VJQ0FnSURBZ3UzS0RBEAE,숨은 역사 속의 공간,2년 전,2020-11-10 19:07:02.086896,Lee Minwoo,0,0,https://www.google.com/maps/contrib/118386967613268708430/reviews?hl=ko-KR
ChdDSUhNMG9nS0VJQ0FnSUNBOEwzRTZ3RRAB,,2년 전,2020-11-10 19:07:02.086896,Jason Koo,0,0,https://www.google.com/maps/contrib/104898012400768930532/reviews?hl=ko-KR
ChZDSUhNMG9nS0VJQ0FnSUNneTRuekh3EAE,아이들과 가도 좋은곳~~~,2년 전,2020-11-10 19:07:02.087903,심준숙,0,0,https://www.google.com/maps/contrib/102489073979862069437/reviews?hl=ko-KR
ChZDSUhNMG9nS0VJQ0FnSUNnLTkyYVlREAE,,2년 전,2020-11-10 19:07:02.088887,Jeffrey Kim,0,0,https://www.google.com/maps/contrib/101556656696347114502/reviews?hl=ko-KR
ChZDSUhNMG9nS0VJQ0FnSURnb2RhelhBEAE,수치의 역사현장,2년 전,2020-11-10 19:07:02.088887,이광욱,0,0,https://www.google.com/maps/contrib/100572910885247899773/reviews?hl=ko-KR
ChZDSUhNMG9nS0VJQ0FnSUNneTZHM1FBEAE,내부 공간에 들어가면 을사조약과 관련 된 전시를 볼 수 있어요. 공간이 작지만 전시 내용이 괜찮아요.,2년 전,2020-11-10 19:07:09.751319,Eun-ji LEE,0,0,https://www.google.com/maps/contrib/102884961018259576445/reviews?hl=ko-KR
ChZDSUhNMG9nS0VJQ0FnSUNRdk1uUFdBEAE,,2년 전,2020-11-10 19:07:09.751319,최지안,0,0,https://www.google.com/maps/contrib/100126008090340134970/reviews?hl=ko-KR
ChdDSUhNMG9nS0VJQ0FnSUN3MmR6WjZBRRAB,,2년 전,2020-11-10 19:07:09.751319,오란희,0,0,https://www.google.com/maps/contrib/100683122398733523550/reviews?hl=ko-KR
ChZDSUhNMG9nS0VJQ0FnSURnanJLOWFBEAE,,2년 전,2020-11-10 19:07:09.752319,엄해영,0,0,https://www.google.com/maps/contrib/100624589900844442633/reviews?hl=ko-KR
ChdDSUhNMG9nS0VJQ0FnSURRenJMb3hBRRAB,슬픈 역사의 한 장면. 고종의 서재였다고 합니다,2년 전,2020-11-10 19:07:09.753259,ji young won,0,0,https://www.google.com/maps/contrib/112712515380751706618/reviews?hl=ko-KR
ChdDSUhNMG9nS0VJQ0FnSUNRMFozT25RRRAB,,2년 전,2020-11-10 19:07:09.753259,유승현,0,0,https://www.google.com/maps/contrib/108126439920731343338/reviews?hl=ko-KR
ChdDSUhNMG9nS0VJQ0FnSUNRNTVhRzlnRRAB,을사늑약이 체결된 곳. 관리가 무척 잘 되고 있고 아이들의 방문이 많다.,2년 전,2020-11-10 19:07:09.754315,TY,0,0,https://www.google.com/maps/contrib/113804388278363444505/reviews?hl=ko-KR
ChdDSUhNMG9nS0VJQ0FnSUNRbXRlSTBnRRAB,해설을 너무 잘 해주셨어요,2년 전,2020-11-10 19:07:09.754315,ji yu,0,0,https://www.google.com/maps/contrib/108454483829137399054/reviews?hl=ko-KR
ChZDSUhNMG9nS0VJQ0FnSUNnamRXNGVBEAE,근현대사 공부는 꼭 해야겠어요.,2년 전,2020-11-10 19:07:09.755315,람지니어,0,0,https://www.google.com/maps/contrib/113898513123164410887/reviews?hl=ko-KR
ChdDSUhNMG9nS0VJQ0FnSUN3NC0yOC1BRRAB,,2년 전,2020-11-10 19:07:09.755315,Myungun Park,0,0,https://www.google.com/maps/contrib/113396607051692437410/reviews?hl=ko-KR
ChdDSUhNMG9nS0VJQ0FnSUNBeDRuZjh3RRAB,,2년 전,2020-11-10 19:07:17.587172,Jeong Min Park,0,0,https://www.google.com/maps/contrib/113090692447245560082/reviews?hl=ko-KR
ChZDSUhNMG9nS0VJQ0FnSURBdkplbGNnEAE,,2년 전,2020-11-10 19:07:17.587172,썬도그,0,0,https://www.google.com/maps/contrib/101835565598990001043/reviews?hl=ko-KR
ChZDSUhNMG9nS0VJQ0FnSUNnci1QMFd3EAE,세종대왕 즉위 600주년기념 기간에 다녀왔습니다. 방문객이 거의 없을 때 가서 여유있게 둘러봤습니다. 을사늑약이 체결 장소라 생각하면 마음이 언짢지만 제 1전시관 자료가 잘 되어 있고 관리도 잘 되어 있어서 한 번 쯤 방문할 곳이라고 생각합니다. (제 2전시실 모형이 너무 실물같아서 놀라기도 해요..),2년 전,2020-11-10 19:07:17.588176,안혜진,0,0,https://www.google.com/maps/contrib/117777555176312354217/reviews?hl=ko-KR
ChZDSUhNMG9nS0VJQ0FnSURnNDdMZ1lnEAE,,2년 전,2020-11-10 19:07:17.588176,구충모,0,0,https://www.google.com/maps/contrib/107442694402035789797/reviews?hl=ko-KR
ChZDSUhNMG9nS0VJQ0FnSUNBNktPbFNREAE,"역사의 한페이지를 장식한 곳. 잘 알려져있지 않은 만큼 더 소중한 곳. 무료개방이지만 안내 및 내외부 관리가 매우 잘되어있어서 연인, 어린학생이 있는 가족에게는 꼭 가길 강추한다. 모두에게 만족한 장소가 될것이라고 자신합니다. 주말 운영시간은 조금 짧은듯 하니 서두르면 좋을듯 해요.",2년 전,2020-11-10 19:07:17.589172,CHOI DR,0,0,https://www.google.com/maps/contrib/100866189964407606617/reviews?hl=ko-KR
ChdDSUhNMG9nS0VJQ0FnSUN3allxdjVBRRAB,,2년 전,2020-11-10 19:07:17.589172,Edward Kang,0,0,https://www.google.com/maps/contrib/102943704414763250968/reviews?hl=ko-KR
ChZDSUhNMG9nS0VJQ0FnSUNBbThpVUJnEAE,,2년 전,2020-11-10 19:07:17.590165,장성호,0,0,https://www.google.com/maps/contrib/114537042047916180833/reviews?hl=ko-KR
ChZDSUhNMG9nS0VJQ0FnSURBOU1lTGNREAE,,2년 전,2020-11-10 19:07:17.591171,Gurn Joh,0,0,https://www.google.com/maps/contrib/100251190957747071475/reviews?hl=ko-KR
ChdDSUhNMG9nS0VJQ0FnSUNBbWJMZzRBRRAB,,2년 전,2020-11-10 19:07:17.591171,Keith Klutho,0,0,https://www.google.com/maps/contrib/107679259392231438572/reviews?hl=ko-KR
ChZDSUhNMG9nS0VJQ0FnSURRM3FhQk1BEAE,,2년 전,2020-11-10 19:07:17.592156,백종열,0,0,https://www.google.com/maps/contrib/111915854440442442423/reviews?hl=ko-KR
ChdDSUhNMG9nS0VJQ0FnSUNnM2Y2dTJnRRAB,,2년 전,2020-11-10 19:07:25.411012,김대훈,0,0,https://www.google.com/maps/contrib/101353826161256966505/reviews?hl=ko-KR
ChZDSUhNMG9nS0VJQ0FnSUNBbXMtY0RBEAE,숨겨진 덕수궁. 아픔의 덕수궁,2년 전,2020-11-10 19:07:25.412008,김여유,0,0,https://www.google.com/maps/contrib/104888948197427596436/reviews?hl=ko-KR
