﻿id_review,caption,relative_date,retrieval_date,username,n_review_user,n_photo_user,url_user
ChZDSUhNMG9nS0VJQ0FnSUNpNVlpaEd3EAE,,1일 전,04:20.6,나무수건,0,0,https://www.google.com/maps/contrib/114380927788015866469/reviews?hl=ko-KR
ChZDSUhNMG9nS0VJQ0FnSUNpLVpQUUx3EAE,시설좋고  친절한안내 다 마음에 들었음,2일 전,04:20.6,김경자,0,0,https://www.google.com/maps/contrib/104043873249128269949/reviews?hl=ko-KR
ChZDSUhNMG9nS0VJQ0FnSURDNjQtOUtnEAE,,4주 전,04:20.6,dd dd,0,0,https://www.google.com/maps/contrib/116173410597518708497/reviews?hl=ko-KR
ChdDSUhNMG9nS0VJQ0FnSURDM3V5VzRRRRAB,좋은 작품,1달 전,04:20.6,Yeong-Jun JEONG,0,0,https://www.google.com/maps/contrib/115412599526521909334/reviews?hl=ko-KR
ChdDSUhNMG9nS0VJQ0FnSURjanJpOWl3RRAB,예술인들이 있는 공간,4달 전,04:20.6,보더콜리롭,0,0,https://www.google.com/maps/contrib/104071517536481649618/reviews?hl=ko-KR
ChdDSUhNMG9nS0VJQ0FnSUNjMDYzcnRRRRAB,,7달 전,04:20.6,靑大洋,0,0,https://www.google.com/maps/contrib/110676468810238660965/reviews?hl=ko-KR
ChdDSUhNMG9nS0VJQ0FnSUNjelltWXFRRRAB,,7달 전,04:20.6,루이스TV,0,0,https://www.google.com/maps/contrib/110546875385360861739/reviews?hl=ko-KR
ChdDSUhNMG9nS0VJQ0FnSURzcFBYanRRRRAB,"서울역 바로 앞에 있어서 교통이 편하며, 수준 높은 시대극 또는 정극을 볼 수 있습니다.",8달 전,04:20.6,Hong ha,0,0,https://www.google.com/maps/contrib/112132862360040677686/reviews?hl=ko-KR
ChZDSUhNMG9nS0VJQ0FnSURNcnBIZ1BREAE,,10달 전,04:20.6,Borghini LAM,0,0,https://www.google.com/maps/contrib/103945254498758210386/reviews?hl=ko-KR
ChdDSUhNMG9nS0VJQ0FnSUQwOUpDd2pBRRAB,,1년 전,04:20.6,Seung-mok Oh,0,0,https://www.google.com/maps/contrib/109990932013114237703/reviews?hl=ko-KR
ChdDSUhNMG9nS0VJQ0FnSUMwci1iWjlnRRAB,연극 한번 봤는데.. 연극이라 그런지 다리 한번 피기 힘드네요 ㅜㅜ,1년 전,04:20.6,조병진,0,0,https://www.google.com/maps/contrib/102243451044230061712/reviews?hl=ko-KR
ChdDSUhNMG9nS0VJQ0FnSUMwNDlLVGtnRRAB,"즐거운날 되소서. 일일시호일 (日日是好日, Every Day a Good Day) 感謝드립니다. 健康하시고 幸福하세요. 海天 合掌",1년 전,04:20.6,해천bonze,0,0,https://www.google.com/maps/contrib/102063053688671599610/reviews?hl=ko-KR
ChZDSUhNMG9nS0VJQ0FnSUMwN3JIVUp3EAE,좋은 위치로 접근성이 편리하고 국립극단의 공연에 대체로 만족 인근에 식당도 많아 이용에 편리  주차도 가능 단 의자가 다소 불편 무대시야등은 좋음,1년 전,04:20.6,sen lee,0,0,https://www.google.com/maps/contrib/117325610376927589774/reviews?hl=ko-KR
ChZDSUhNMG9nS0VJQ0FnSUMwckszSlZBEAE,멋지고 실험적인 공연이 가득한 곳 ~ 늘 기대되고 설레는 곳이다,1년 전,04:20.6,비단,0,0,https://www.google.com/maps/contrib/108374001758965383710/reviews?hl=ko-KR
ChdDSUhNMG9nS0VJQ0FnSURVaDRlTXdnRRAB,,1년 전,04:20.6,하승현,0,0,https://www.google.com/maps/contrib/110500831912170705993/reviews?hl=ko-KR
ChZDSUhNMG9nS0VJQ0FnSURVNjc2d1JREAE,(Google 번역 제공) 서울 중심부에 위치.  (원문) Central location in Seoul.,1년 전,04:20.6,Ian P. Hamilton,0,0,https://www.google.com/maps/contrib/105274151687070272745/reviews?hl=ko-KR
ChdDSUhNMG9nS0VJQ0FnSURVMFlqOHV3RRAB,연극은 재밌을때도 있고 재미없을때도 있어요 극장 시설 자체는 좋습니다,1년 전,04:20.6,케이지 케이지,0,0,https://www.google.com/maps/contrib/113871319314232557444/reviews?hl=ko-KR
ChZDSUhNMG9nS0VJQ0FnSURVbnRTS05REAE,,1년 전,04:20.6,이경훈,0,0,https://www.google.com/maps/contrib/104317200855729460603/reviews?hl=ko-KR
ChdDSUhNMG9nS0VJQ0FnSUNVNDhpbXBnRRAB,,1년 전,04:20.6,As3 Rose,0,0,https://www.google.com/maps/contrib/113552245321881345450/reviews?hl=ko-KR
ChdDSUhNMG9nS0VJQ0FnSUNVdm9uSS13RRAB,,1년 전,04:20.6,SeungYuop Lee,0,0,https://www.google.com/maps/contrib/109729688062803128682/reviews?hl=ko-KR
ChdDSUhNMG9nS0VJQ0FnSUNrc1lQZXRRRRAB,,1년 전,04:27.3,Tristan S,0,0,https://www.google.com/maps/contrib/101980715511523518261/reviews?hl=ko-KR
ChdDSUhNMG9nS0VJQ0FnSURFd0xudC1RRRAB,쾌적한 공연장입니다. 다만 객석 의자가 조금 불편 하네요,1년 전,04:27.3,Youngkoo Lee,0,0,https://www.google.com/maps/contrib/108759912059583716883/reviews?hl=ko-KR
ChZDSUhNMG9nS0VJQ0FnSUM0eGF5ZE93EAE,,1년 전,04:27.4,윤정현,0,0,https://www.google.com/maps/contrib/104909090780106466513/reviews?hl=ko-KR
ChZDSUhNMG9nS0VJQ0FnSURZM2ZMcEpBEAE,,1년 전,04:27.4,Matteo Ferretti,0,0,https://www.google.com/maps/contrib/110269791444865793793/reviews?hl=ko-KR
ChZDSUhNMG9nS0VJQ0FnSUNZNm9iTlpBEAE,,1년 전,04:27.4,곽용윤,0,0,https://www.google.com/maps/contrib/111186423240465848714/reviews?hl=ko-KR
ChdDSUhNMG9nS0VJQ0FnSUNZME5uOXl3RRAB,,1년 전,04:27.4,진단비,0,0,https://www.google.com/maps/contrib/111866495289498858864/reviews?hl=ko-KR
ChZDSUhNMG9nS0VJQ0FnSURvejVibWF3EAE,고독한 목욕 보러 갔다왔다. 극장은 컨테이너 적재장 같이 생겼는데 색감도 그렇고 예뻤다. 대기실과 화장실이 있다. 의자는 플라스틱 빌트인(?) 조금 불편하다. 연극은 좋았음.,1년 전,04:27.4,B 93,0,0,https://www.google.com/maps/contrib/116228815127193672131/reviews?hl=ko-KR
ChZDSUhNMG9nS0VJQ0FnSURvdF9pTFNREAE,"너무나 멋진 곳~ 늘 좋은 작품이 올라오고 햇살 좋은 봄, 가을엔 특히 더 좋아요~~",1년 전,04:27.4,Kyungju Lee,0,0,https://www.google.com/maps/contrib/114698340433101776943/reviews?hl=ko-KR
ChZDSUhNMG9nS0VJQ0FnSURvdTRPT0J3EAE,,1년 전,04:27.4,김민영,0,0,https://www.google.com/maps/contrib/111836526708378348395/reviews?hl=ko-KR
ChdDSUhNMG9nS0VJQ0FnSURvazlERWtnRRAB,,1년 전,04:27.4,이지연,0,0,https://www.google.com/maps/contrib/114309292830344487687/reviews?hl=ko-KR
ChZDSUhNMG9nS0VJQ0FnSURveWVMaUpREAE,객석 단차차이가 높아서 앞열 방해안되고  무대가 잘보이네요,1년 전,04:34.2,young jeon park,0,0,https://www.google.com/maps/contrib/114193964123828243853/reviews?hl=ko-KR
ChdDSUhNMG9nS0VJQ0FnSURBbTdidzVnRRAB,공연이 재미있는 곳.,1년 전,04:34.2,하루의꿈,0,0,https://www.google.com/maps/contrib/104229559195700573655/reviews?hl=ko-KR
ChdDSUhNMG9nS0VJQ0FnSURJcTVldS1RRRAB,(Google 번역 제공) 좋은 가게  (원문) Nice shop,1년 전,04:34.2,Tiong Meng Sih,0,0,https://www.google.com/maps/contrib/107913033193540104409/reviews?hl=ko-KR
ChZDSUhNMG9nS0VJQ0FnSURJcU91VVJ3EAE,,1년 전,04:34.2,규휴,0,0,https://www.google.com/maps/contrib/114223827215283868057/reviews?hl=ko-KR
ChZDSUhNMG9nS0VJQ0FnSUNJaGVxbmN3EAE,텍사스 고모 맨 앞에서 봤는데 너무 재밌었습니다,1년 전,04:34.2,Moomin Blanc,0,0,https://www.google.com/maps/contrib/108789287856677844887/reviews?hl=ko-KR
ChdDSUhNMG9nS0VJQ0FnSUNJLWFIdTVRRRAB,,1년 전,04:34.2,김미혜,0,0,https://www.google.com/maps/contrib/107359124062371671397/reviews?hl=ko-KR
ChZDSUhNMG9nS0VJQ0FnSUNJMmRxeERnEAE,,1년 전,04:34.2,박지수,0,0,https://www.google.com/maps/contrib/109523753010202753557/reviews?hl=ko-KR
ChdDSUhNMG9nS0VJQ0FnSUR3eHVPTHlBRRAB,서울역사를 통과해서 올라가는 게 편해요! 빨간 건물이 인상적입니다. 좌석은 얼마 전에 갔을 때 쿠션이 있는 걸로 바뀌었어요. 예전보다 더 편합니다.,2년 전,04:34.2,김은빈,0,0,https://www.google.com/maps/contrib/101699248112066416648/reviews?hl=ko-KR
ChZDSUhNMG9nS0VJQ0FnSUR3NkllUkRnEAE,,2년 전,04:34.2,Meursault Gray,0,0,https://www.google.com/maps/contrib/109659163150835168801/reviews?hl=ko-KR
ChZDSUhNMG9nS0VJQ0FnSUNpd1pIbUp3EAE,,5일 전,02:37.5,Paul Jang,0,0,https://www.google.com/maps/contrib/107105546572722455212/reviews?hl=ko-KR
ChZDSUhNMG9nS0VJQ0FnSURjdHJpc1hnEAE,,4달 전,02:37.5,도현김,0,0,https://www.google.com/maps/contrib/114132465771867921672/reviews?hl=ko-KR
ChdDSUhNMG9nS0VJQ0FnSURjcEp1bF93RRAB,,5달 전,02:37.5,Joonhyung Jo,0,0,https://www.google.com/maps/contrib/101034765444145947195/reviews?hl=ko-KR
ChdDSUhNMG9nS0VJQ0FnSUNjMVlUV21RRRAB,시내에 있는 이상한 분위기의 빌딩,7달 전,02:37.5,아재부장,0,0,https://www.google.com/maps/contrib/106473938199750264661/reviews?hl=ko-KR
ChZDSUhNMG9nS0VJQ0FnSURzdWFXZ09REAE,,8달 전,02:37.5,Jinse Jeong,0,0,https://www.google.com/maps/contrib/100658075719523093768/reviews?hl=ko-KR
ChdDSUhNMG9nS0VJQ0FnSURzX1AtVmlRRRAB,,8달 전,02:37.6,kyungs,0,0,https://www.google.com/maps/contrib/110119169070068428849/reviews?hl=ko-KR
ChdDSUhNMG9nS0VJQ0FnSUNzajVUVXdnRRAB,,8달 전,02:37.6,효천장,0,0,https://www.google.com/maps/contrib/109041205940607419410/reviews?hl=ko-KR
ChdDSUhNMG9nS0VJQ0FnSUNzbzZUNmxnRRAB,(Google 번역 제공) 서울역 근처  (원문) Close to Seoul Stn,8달 전,02:37.6,김광종Matt,0,0,https://www.google.com/maps/contrib/113198889784935478219/reviews?hl=ko-KR
ChZDSUhNMG9nS0VJQ0FnSUNzMnUtalBREAE,온통 빨간 건물이 유니크하다 인생샷 건지기 좋은 장소,9달 전,02:37.6,Cal Kim,0,0,https://www.google.com/maps/contrib/106770440297534992058/reviews?hl=ko-KR
ChdDSUhNMG9nS0VJQ0FnSUNzb1BLQV9nRRAB,,9달 전,02:37.6,송재일,0,0,https://www.google.com/maps/contrib/111455151041213625033/reviews?hl=ko-KR
ChdDSUhNMG9nS0VJQ0FnSURNbl9meDZ3RRAB,,9달 전,02:37.6,김호준,0,0,https://www.google.com/maps/contrib/104561116101496814556/reviews?hl=ko-KR
ChZDSUhNMG9nS0VJQ0FnSURNaS1YbVFBEAE,,9달 전,02:37.6,John Park,0,0,https://www.google.com/maps/contrib/106733473267459960072/reviews?hl=ko-KR
ChZDSUhNMG9nS0VJQ0FnSURNdzlPYWFnEAE,좋은공연관람,10달 전,02:37.6,이수정,0,0,https://www.google.com/maps/contrib/100329339201492757406/reviews?hl=ko-KR
ChdDSUhNMG9nS0VJQ0FnSURNd2FqN2lnRRAB,항상 새로운 연극을 선보이는 국립극단의 소극장들. 재미있을때도 어려울때도 있지만 수준은 높다,10달 전,02:37.6,케이지 케이지,0,0,https://www.google.com/maps/contrib/113871319314232557444/reviews?hl=ko-KR
ChZDSUhNMG9nS0VJQ0FnSURNcHBQQ0hBEAE,일딴 소극장을 봤는데 소극징 치곤 컸고 배우분들도 다 돌면서 연기 해주시고 해서 좋았고 안에와 밖에 모두 다 깨끗하며 좋은거 같았다,10달 전,02:37.6,잉뿅삥뿅,0,0,https://www.google.com/maps/contrib/115606232539375409559/reviews?hl=ko-KR
ChdDSUhNMG9nS0VJQ0FnSURNMUw2OHZ3RRAB,,10달 전,02:37.6,안효종,0,0,https://www.google.com/maps/contrib/106883186868380641063/reviews?hl=ko-KR
ChdDSUhNMG9nS0VJQ0FnSUNNOThfTTRRRRAB,,11달 전,02:37.6,Ryan,0,0,https://www.google.com/maps/contrib/104338318892433478917/reviews?hl=ko-KR
ChdDSUhNMG9nS0VJQ0FnSUNNX2MzRXpRRRAB,,11달 전,02:37.6,김경자,0,0,https://www.google.com/maps/contrib/104043873249128269949/reviews?hl=ko-KR
ChdDSUhNMG9nS0VJQ0FnSUQwZ2VuODNRRRAB,,1년 전,02:37.6,Christopher Hong,0,0,https://www.google.com/maps/contrib/111769119680510825851/reviews?hl=ko-KR
ChZDSUhNMG9nS0VJQ0FnSUQwLU9qM1N3EAE,,1년 전,02:37.6,이원희,0,0,https://www.google.com/maps/contrib/105722408933903844089/reviews?hl=ko-KR
ChZDSUhNMG9nS0VJQ0FnSUMwNTZidENnEAE,,1년 전,02:44.3,김기범,0,0,https://www.google.com/maps/contrib/112331108231087636799/reviews?hl=ko-KR
ChZDSUhNMG9nS0VJQ0FnSUMwLTRDVExREAE,레드 미학,1년 전,02:44.3,WJ KIM,0,0,https://www.google.com/maps/contrib/111262872245156357888/reviews?hl=ko-KR
ChZDSUhNMG9nS0VJQ0FnSUMwdTVXY0VnEAE,빨간건물이 매력이 있어요,1년 전,02:44.3,강강진구,0,0,https://www.google.com/maps/contrib/107906799455483493283/reviews?hl=ko-KR
ChdDSUhNMG9nS0VJQ0FnSUMwNjR1QTZBRRAB,,1년 전,02:44.3,J2N 제이투앤,0,0,https://www.google.com/maps/contrib/100909867338203776413/reviews?hl=ko-KR
ChZDSUhNMG9nS0VJQ0FnSUMwMWE3YkVREAE,,1년 전,02:44.3,GW L,0,0,https://www.google.com/maps/contrib/114320420888169645356/reviews?hl=ko-KR
ChdDSUhNMG9nS0VJQ0FnSUMwLU96SV9nRRAB,,1년 전,02:44.3,TaeJune Kwak,0,0,https://www.google.com/maps/contrib/102386020512694791572/reviews?hl=ko-KR
ChdDSUhNMG9nS0VJQ0FnSURVdl8yc19nRRAB,,1년 전,02:44.3,Jong-cheul Ahn,0,0,https://www.google.com/maps/contrib/116756297835304809787/reviews?hl=ko-KR
ChZDSUhNMG9nS0VJQ0FnSURVc3B6d1hnEAE,,1년 전,02:44.3,곽용윤,0,0,https://www.google.com/maps/contrib/111186423240465848714/reviews?hl=ko-KR
ChdDSUhNMG9nS0VJQ0FnSUNVbzkyeDB3RRAB,건물이 예쁘고 내부가 포스터로 가득했다,1년 전,02:44.3,김상민,0,0,https://www.google.com/maps/contrib/112957958676598808005/reviews?hl=ko-KR
ChdDSUhNMG9nS0VJQ0FnSUNVb183ZWtnRRAB,문체부 회의실,1년 전,02:44.3,HS Y,0,0,https://www.google.com/maps/contrib/103071274319018969326/reviews?hl=ko-KR
ChZDSUhNMG9nS0VJQ0FnSUNVZ29PSExREAE,국립극단 - #한여름밤의작은극장,1년 전,02:51.0,김은미,0,0,https://www.google.com/maps/contrib/114066233367054089036/reviews?hl=ko-KR
ChdDSUhNMG9nS0VJQ0FnSUNVN0wtMTdnRRAB,소중한 공연들♡,1년 전,02:51.0,소나기,0,0,https://www.google.com/maps/contrib/109531231937236046114/reviews?hl=ko-KR
ChZDSUhNMG9nS0VJQ0FnSUNVN09XYkxBEAE,,1년 전,02:51.0,Hyuk Kim,0,0,https://www.google.com/maps/contrib/115254125547017940021/reviews?hl=ko-KR
ChdDSUhNMG9nS0VJQ0FnSUNVN0tuVDhBRRAB,,1년 전,02:51.0,김문식,0,0,https://www.google.com/maps/contrib/106311004086817350794/reviews?hl=ko-KR
ChdDSUhNMG9nS0VJQ0FnSUNVOU1YZDhnRRAB,인상적이에요,1년 전,02:51.0,강비,0,0,https://www.google.com/maps/contrib/104049235228084829494/reviews?hl=ko-KR
ChZDSUhNMG9nS0VJQ0FnSURrdFlqcEp3EAE,신기한 빨강세상  정신의 생산소,1년 전,02:51.0,최정은,0,0,https://www.google.com/maps/contrib/103604726929815921249/reviews?hl=ko-KR
ChZDSUhNMG9nS0VJQ0FnSURrcGJhM093EAE,,1년 전,02:51.0,Teo Yoo,0,0,https://www.google.com/maps/contrib/106364399258425798922/reviews?hl=ko-KR
ChdDSUhNMG9nS0VJQ0FnSURrb2F2UW13RRAB,,1년 전,02:51.0,IEYASU SHIMIZU,0,0,https://www.google.com/maps/contrib/109536577057252022800/reviews?hl=ko-KR
ChdDSUhNMG9nS0VJQ0FnSURrN3Nfcm1RRRAB,,1년 전,02:51.0,최인욱,0,0,https://www.google.com/maps/contrib/101167651022527106898/reviews?hl=ko-KR
ChdDSUhNMG9nS0VJQ0FnSURrX0lxLTlnRRAB,깔끔함. 카페는 공연 시작 전에 간단한 음료만 판매함. 생수 자판기 있음.,1년 전,02:51.0,박건배,0,0,https://www.google.com/maps/contrib/116032842113885028625/reviews?hl=ko-KR
ChdDSUhNMG9nS0VJQ0FnSUNrNGZDaDJ3RRAB,,1년 전,02:57.6,Hong J,0,0,https://www.google.com/maps/contrib/115251604614274900184/reviews?hl=ko-KR
ChdDSUhNMG9nS0VJQ0FnSUM0cnFiVjFBRRAB,,1년 전,02:57.6,최현용,0,0,https://www.google.com/maps/contrib/100523287861482174342/reviews?hl=ko-KR
ChZDSUhNMG9nS0VJQ0FnSUM0bUs2SGVnEAE,널찍한 마당과 벤치 음식 싸와서 노닥거리기  좋음,1년 전,02:57.6,신승훈,0,0,https://www.google.com/maps/contrib/114093863604464373149/reviews?hl=ko-KR
ChdDSUhNMG9nS0VJQ0FnSUM0NEpYc3RnRRAB,,1년 전,02:57.6,쁘모,0,0,https://www.google.com/maps/contrib/107858003548284507356/reviews?hl=ko-KR
ChZDSUhNMG9nS0VJQ0FnSURZdjlxa1hBEAE,,1년 전,02:57.6,정우빈,0,0,https://www.google.com/maps/contrib/110063966749158413185/reviews?hl=ko-KR
ChdDSUhNMG9nS0VJQ0FnSURZbDkya3F3RRAB,,1년 전,02:57.6,JURI_쥬리,0,0,https://www.google.com/maps/contrib/113040474619071715970/reviews?hl=ko-KR
ChZDSUhNMG9nS0VJQ0FnSURZNk9YY0Z3EAE,최고의 공연을 보여주는 최고의 공연장,1년 전,02:57.6,Youngpyo Jang,0,0,https://www.google.com/maps/contrib/100683712822395084264/reviews?hl=ko-KR
ChdDSUhNMG9nS0VJQ0FnSURvbjd1OXZnRRAB,연극의 산실 ᆢ좋은 공연이 만들어지고 공연 되는곳 입니다 ᆢ,1년 전,02:57.6,박상종,0,0,https://www.google.com/maps/contrib/114451699989827204914/reviews?hl=ko-KR
ChZDSUhNMG9nS0VJQ0FnSUNvOWQ3WUx3EAE,,1년 전,02:57.6,junhee kim,0,0,https://www.google.com/maps/contrib/111223676957862979414/reviews?hl=ko-KR
ChdDSUhNMG9nS0VJQ0FnSURJajRXZzRnRRAB,연극 <텍사스 고모> 잘 봤읍니다아,1년 전,02:57.6,Moomin Blanc,0,0,https://www.google.com/maps/contrib/108789287856677844887/reviews?hl=ko-KR
ChZDSUhNMG9nS0VJQ0FnSURJbmVtbEpnEAE,서울역 뒤쪽 바로앞이라 찾기쉽고 깨끗하고 공연도좋았음,1년 전,03:04.4,신미혜,0,0,https://www.google.com/maps/contrib/113818119498862223440/reviews?hl=ko-KR
ChZDSUhNMG9nS0VJQ0FnSURJOXRuUUtnEAE,,1년 전,03:04.4,김영찬,0,0,https://www.google.com/maps/contrib/110307846318788853997/reviews?hl=ko-KR
ChdDSUhNMG9nS0VJQ0FnSURJak11TW1RRRAB,지인의 제보에 따르면 방음 장치가 허약한 고로 가끔 오토바이 소리가 들린다고 한다지만 난 좋았다,1년 전,03:04.4,신광수,0,0,https://www.google.com/maps/contrib/105133091752095229587/reviews?hl=ko-KR
ChZDSUhNMG9nS0VJQ0FnSURJcU1malRREAE,,1년 전,03:04.4,히히극장,0,0,https://www.google.com/maps/contrib/103146069162497578528/reviews?hl=ko-KR
ChZDSUhNMG9nS0VJQ0FnSUNBcjktM09nEAE,좋아요,1년 전,03:04.4,클레오,0,0,https://www.google.com/maps/contrib/110292729489367987085/reviews?hl=ko-KR
ChdDSUhNMG9nS0VJQ0FnSUNJMWRLOWd3RRAB,,1년 전,03:04.4,이건원,0,0,https://www.google.com/maps/contrib/113489915173811146884/reviews?hl=ko-KR
ChdDSUhNMG9nS0VJQ0FnSUNJdHN1My1BRRAB,,1년 전,03:04.4,K CHANG,0,0,https://www.google.com/maps/contrib/103669926154630881663/reviews?hl=ko-KR
ChZDSUhNMG9nS0VJQ0FnSUNJdHVIb1dREAE,문화예술의 산실 국립극단,1년 전,03:04.4,해천bonze,0,0,https://www.google.com/maps/contrib/102063053688671599610/reviews?hl=ko-KR
ChdDSUhNMG9nS0VJQ0FnSUNJMXFYenhBRRAB,리모델링하고 대기석도 생기도 화장실도 깨끗한편. 비오는 날에는 야외에 못 앉기 때문에 조금 일찍 가 있는 걸 추천합니다. 극장은 대체로 작은 편. 특히 소극장 좌석 의자는 매우 불편.. 공연 시간이 조금 길면 허리가 좀 아플정도.....ㅜㅜ,1년 전,03:04.4,EZ이지,0,0,https://www.google.com/maps/contrib/115765984465849241823/reviews?hl=ko-KR
ChZDSUhNMG9nS0VJQ0FnSUNJNHNHcEFnEAE,,2년 전,03:04.4,최환종,0,0,https://www.google.com/maps/contrib/109678169926571242810/reviews?hl=ko-KR
ChZDSUhNMG9nS0VJQ0FnSUR3Z00yX0FREAE,,2년 전,03:11.8,이주원,0,0,https://www.google.com/maps/contrib/102832938858054374317/reviews?hl=ko-KR
ChdDSUhNMG9nS0VJQ0FnSUR3c3RqU3FRRRAB,공연보기 좋은 곳입니다.,2년 전,03:11.8,하루의꿈,0,0,https://www.google.com/maps/contrib/104229559195700573655/reviews?hl=ko-KR
ChdDSUhNMG9nS0VJQ0FnSUR3bnNLaDBBRRAB,국립극장이라 깨끗하고 쾌적하다. 주로 비상업극 공연이 잦다,2년 전,03:11.8,Jam Peach,0,0,https://www.google.com/maps/contrib/106591041109949822866/reviews?hl=ko-KR
ChZDSUhNMG9nS0VJQ0FnSUNBNEkydk1nEAE,,2년 전,03:11.8,이갑용,0,0,https://www.google.com/maps/contrib/117234898623099491443/reviews?hl=ko-KR
ChZDSUhNMG9nS0VJQ0FnSURnNGZfZUxREAE,넓음,2년 전,03:11.8,이재승,0,0,https://www.google.com/maps/contrib/101029254446979939110/reviews?hl=ko-KR
ChdDSUhNMG9nS0VJQ0FnSUN3d1lxcTNRRRAB,,2년 전,03:11.8,301 Theater Company,0,0,https://www.google.com/maps/contrib/106045995917944875637/reviews?hl=ko-KR
ChdDSUhNMG9nS0VJQ0FnSUNBcllfZzZnRRAB,1. 서울역 1번으로 올라와서 서울역사를 위로 관통해서 지나가는 게 더 가까움.  2. 근처에 카페나 식당이 없으니 서울역사에서 해결하는 게 훨씬 좋음. 소화아동병원 옆에 해장국집 등이 있고 그 위로 가면 술집 카페가 있음.  3. 백성희장민호극장은 입구에서 왼쪽에 위치. 매표소도 왼쪽에 있음. 로비가 안에 있고 물품보관소 및 작은 카페도 있음. 화장실은 공연 시작 전 붐비므로 일찍 가는 것 추천. 깨끗함. 백장극장은 보통 객석이 한쪽 면에만 있을 땐 1~9열정도까지 있음. 5열 뒤로 통로가 있음. 다리 뻗고 보고 싶으면 통로 바로 뒷쪽이 좋음. 팔걸이 없고 의자 아래가 막혀 있어 큰 짐은 맡기는 것이 관람시 편리함.  4. 소극장 판은 오른쪽에 위치. 연습실과 붙어 있는 듯. 화장실은 백장극장보다 약간 작음. 안에 들어가서 기다릴 만한 공간이 별로 없음. 마당에 테이블이 있어서 외부에서 기다리는 것이 좋음. 극장 내부는 보통 1~3열 내외고 비지정석으로 운영되니 약간 일찍 도착해서 입장하는 것이 좋음.  5. 빨간 외부가 예쁨. 사진도 잘 나오는 편. 밤에 가면 외부 세계와 단절된 느낌? 빌딩 숲 사이에 아기자기한 극장이 있는 듯함.,2년 전,03:11.8,김은빈,0,0,https://www.google.com/maps/contrib/101699248112066416648/reviews?hl=ko-KR
ChdDSUhNMG9nS0VJQ0FnSUN3cUsyeDRnRRAB,공연장,2년 전,03:11.8,Youngkoo Lee,0,0,https://www.google.com/maps/contrib/108759912059583716883/reviews?hl=ko-KR
ChdDSUhNMG9nS0VJQ0FnSURRb1A3b3ZnRRAB,,2년 전,03:11.8,Doohyon Kim,0,0,https://www.google.com/maps/contrib/113435875244871718870/reviews?hl=ko-KR
ChZDSUhNMG9nS0VJQ0FnSUNnLTVlbVlREAE,,2년 전,03:11.8,이근열,0,0,https://www.google.com/maps/contrib/111426163316730421253/reviews?hl=ko-KR
ChZDSUhNMG9nS0VJQ0FnSURReDQyR0JnEAE,참 생각을 많이하게 하면서 정말 국립극단이 국립극단으로서 가장 가치있게 하는 공간. 공간감으로서. 국립극단이 가치로 추구하는 점으로서도 최고!!!!!,2년 전,03:19.0,Mulyongtae Choi,0,0,https://www.google.com/maps/contrib/113828563078350361825/reviews?hl=ko-KR
ChZDSUhNMG9nS0VJQ0FnSUNnX19YQWJnEAE,빨간색 건물이 인상적이지요.  근데 공연장 내부는 별로입니다,2년 전,03:19.0,carn L,0,0,https://www.google.com/maps/contrib/100449044804529630060/reviews?hl=ko-KR
ChZDSUhNMG9nS0VJQ0FnSUN3OGZyQ1RnEAE,예전에 군 수송대로 쓰던 곳을 벽을 허물고 예쁘게 색칠해서 꾸민곳,2년 전,03:19.0,배호성,0,0,https://www.google.com/maps/contrib/108538403216245316749/reviews?hl=ko-KR
ChZDSUhNMG9nS0VJQ0FnSUN3Ml92U1VnEAE,,2년 전,03:19.0,mc눈누,0,0,https://www.google.com/maps/contrib/114132826781838521390/reviews?hl=ko-KR
ChdDSUhNMG9nS0VJQ0FnSURnM2Izc29nRRAB,,2년 전,03:19.0,내모든것,0,0,https://www.google.com/maps/contrib/114371794006316552782/reviews?hl=ko-KR
ChdDSUhNMG9nS0VJQ0FnSURBNGNEZjRBRRAB,,2년 전,03:19.0,leonard Eo,0,0,https://www.google.com/maps/contrib/103117750327497647203/reviews?hl=ko-KR
ChZDSUhNMG9nS0VJQ0FnSUNRMWI2UUZREAE,,2년 전,03:19.0,IJ Park,0,0,https://www.google.com/maps/contrib/114121127638055685010/reviews?hl=ko-KR
ChZDSUhNMG9nS0VJQ0FnSUNRdGYtM1JnEAE,,2년 전,03:19.0,soyeon park,0,0,https://www.google.com/maps/contrib/106594418895094118950/reviews?hl=ko-KR
,평이 좋네요,,,,,,
,재미있는 연극,,,,,,
,마지막 공연이어서 너무 아쉬웠어요! 다시보고 싶어지네요,,,,,,
,배우들의 연기와 몸에서 뿜어져나오는 에너지로 객석에 가만히 앉아있는 저의 몸에 대해 새로 생각하게 되었습니다. 같이 춤추고 싶었어요,,,,,,
,"이해하려고 노력하지 않을 때 비로소 마음이 열리고, 박수를 칠 수 있게 된다. 청소년을 주제라고 했을때 떠오르는 몇가지가 있는데 그것들이 이미 무대에 가득 적힌 낙서로 드러나있어 사실 적잖이 실망했다. 하지만 그것을 춤 혹은 어떠한 몸짓으로 표현해낸다는 방법에는 절로 웃음이 나고 박수가 터졌다.",,,,,,
,행복했어용 몸이 들썩들썩!!!,,,,,,
,일단 정말 신나고 재미있고 같이 무대에 뛰어나가서 춤추고싶게 만드는 연극이였다. 배우 각각의 능력도 훌륭했지만 연출과 잘 맞아떨어져서 엄청난 씨너지를 발휘한거 같다. 모든 순간들을 잊을 수 없게 만드는 연극이였다,,,,,,
,네이버 예약은 처음이었는데 개인 비서 둔 것처럼 너무 친절하게 체크해 주셔서 너무 좋았습니다~,,,,,,
,예약확인 미리미리 해 주시고 전화상담도 친절히 해 주시니 너무 좋았습니다.,,,,,,
,"미쳤다!! 멋졌고 사랑스러웠고 부러웠다. 살고싶어졌고 자유롭고싶어졌다. 무대에선 미친듯한 움직임으로 내 온 몸의 감각을 깨워놓고, 프로그램북 가득 빼곡히 적힌 글들은 내 마음을 위로했다. ... 덕분에 행복했습니다. 감사합니",,,,,,
,"청소년극과 융합예술장르에 관심을 두고 있는 요즘, 정말 제대로 된 공연을 만난 것 같아요. 댄스씨어터를 처음 접하였는데 앞으로도 이런 공연이 더 많아졌으면 좋겠습니다. <죽고 싶지 않아>처럼 관객이 함께 호흡할 수 있고, 관객들의 흥을 돋을 수 있는 공연이라면 사람들이 UMF같은 뮤직페스티벌에 열광하듯, 연극 무용 공연에도 열광하는 날이 올 수도 있지 않을까요!",,,,,,
,"내 인생 최고의 작품. 비단 청소년들의 이야기만은 아니다. 현대 사회에서 아직 다 자라지 못한 미숙한 어른들에게도 필요한 내용이다. 사회의 문제가, 어른들의 문제가, 청소년들의 문제가 이렇게 신나게 풀어질 수 있다는 것에 굉장히 놀랐고 연출에 감탄했다.",,,,,,
,또 보고싶은 공연이에요!!!,,,,,,
,몸으로 느낀 것을 말로 풀려니 쉽지 않지만.. 공연 그니까 무대 안으로 점점 빨려가는 기분이 들었어요. 짜릿하고 신났습니다.,,,,,,
,간만에 좋은 예술작품을 보게되어 감사합니다!!!,,,,,,
,쿵쾅쿵쾅 울리는 음악소리 대사들은 하나같이 화살읻어 가슴에 꽂혔고 색색조명들은 빛의 아름다움을 알게해줬고 배우들의 움직임은 가슴을 설레게 하는 공연이였다,,,,,,
,생동감 넘치는 배우들의 움직임 멋졌어요,,,,,,
,너무나도 좋은 에너지를 많이 받았다. 또 보고 싶다. 보는내내 행복했고 하고자하는 이야기를 춤으로서 잘 녹여냈다. 청소년극에 대한 관심이 더 커졌고 퍼포먼스적인 특성이 잘 나타난 흥미로운 공연이었다,,,,,,
,넘치는 에너지와 신선한 공연! 강렬한 에너지로 인해 춤추고 싶어졌다!!,,,,,,
,다양한 구성 덕분에 보는 내내 집중해서 재미있게 잘 보고왔어요. 같은 안무여도 다양한 안무가들이 자기만의 그루브로 표현해서 정말 좋았어요!,,,,,,
,좋아요,,,,,,
,좋아요,,,,,,
